EmployeeNumber,Age,age_band,Gender,MaritalStatus,Department,JobRole,JobLevel,Education_label,EducationField,BusinessTravel,DistanceFromHome,OverTime,MonthlyIncome,income_quartile,PercentSalaryHike,StockOptionLevel,TotalWorkingYears,YearsAtCompany,tenure_band,YearsInCurrentRole,YearsSinceLastPromotion,YearsWithCurrManager,NumCompaniesWorked,TrainingTimesLastYear,JobSatisfaction_label,EnvironmentSatisfaction_label,RelationshipSatisfaction_label,JobInvolvement_label,WorkLifeBalance_label,satisfaction_band,PerformanceRating,Attrition,attrition_flag
1,41,36 to 45,Female,Single,Sales,Sales Executive,2,2 College,Life Sciences,Travel_Rarely,1,Yes,5993,Q3,11,0,8,6,6 to 10,4,0,5,8,0,4 Very High,2 Medium,1 Low,3 High,1 Bad,Low,3,Yes,1
2,49,46 to 60,Male,Married,Research & Development,Research Scientist,2,1 Below College,Life Sciences,Travel_Frequently,8,No,5130,Q3,23,1,10,10,6 to 10,7,1,7,1,3,2 Medium,3 High,4 Very High,2 Medium,3 Better,Good,4,No,0
4,37,36 to 45,Male,Single,Research & Development,Laboratory Technician,1,2 College,Other,Travel_Rarely,2,Yes,2090,Q1 lowest,15,0,7,0,Under 1 year,0,0,0,6,3,3 High,4 Very High,2 Medium,2 Medium,3 Better,Good,3,Yes,1
5,33,26 to 35,Female,Married,Research & Development,Research Scientist,1,4 Master,Life Sciences,Travel_Frequently,3,Yes,2909,Q1 lowest,11,0,8,8,6 to 10,7,3,0,1,3,3 High,4 Very High,3 High,3 High,3 Better,Good,3,No,0
7,27,26 to 35,Male,Married,Research & Development,Laboratory Technician,1,1 Below College,Medical,Travel_Rarely,2,No,3468,Q2,12,1,6,2,1 to 2,2,2,2,9,3,2 Medium,1 Low,4 Very High,3 High,3 Better,Below average,3,No,0
8,32,26 to 35,Male,Single,Research & Development,Laboratory Technician,1,2 College,Life Sciences,Travel_Frequently,2,No,3068,Q2,13,0,8,7,6 to 10,7,3,6,0,2,4 Very High,4 Very High,3 High,3 High,2 Good,Good,3,No,0
10,59,46 to 60,Female,Married,Research & Development,Laboratory Technician,1,3 Bachelor,Medical,Travel_Rarely,3,Yes,2670,Q1 lowest,20,3,12,1,Under 1 year,0,0,0,4,3,1 Low,3 High,1 Low,4 Very High,2 Good,Low,4,No,0
11,30,26 to 35,Male,Divorced,Research & Development,Laboratory Technician,1,1 Below College,Life Sciences,Travel_Rarely,24,No,2693,Q1 lowest,22,1,1,1,Under 1 year,0,0,0,1,2,3 High,4 Very High,2 Medium,3 High,3 Better,Good,4,No,0
12,38,36 to 45,Male,Single,Research & Development,Manufacturing Director,3,3 Bachelor,Life Sciences,Travel_Frequently,23,No,9526,Q4 highest,21,0,10,9,6 to 10,7,1,8,0,2,3 High,4 Very High,2 Medium,2 Medium,3 Better,Good,4,No,0
13,36,36 to 45,Male,Married,Research & Development,Healthcare Representative,2,3 Bachelor,Medical,Travel_Rarely,27,No,5237,Q3,13,2,17,7,6 to 10,7,7,7,6,3,3 High,3 High,2 Medium,3 High,2 Good,Below average,3,No,0
14,35,26 to 35,Male,Married,Research & Development,Laboratory Technician,1,3 Bachelor,Medical,Travel_Rarely,16,No,2426,Q1 lowest,13,1,6,5,3 to 5,4,0,3,0,5,2 Medium,1 Low,3 High,4 Very High,3 Better,Below average,3,No,0
15,29,26 to 35,Female,Single,Research & Development,Laboratory Technician,2,2 College,Life Sciences,Travel_Rarely,15,Yes,4193,Q2,12,0,10,9,6 to 10,5,0,8,0,3,3 High,4 Very High,4 Very High,2 Medium,3 Better,Good,3,No,0
16,31,26 to 35,Male,Divorced,Research & Development,Research Scientist,1,1 Below College,Life Sciences,Travel_Rarely,26,No,2911,Q1 lowest,17,1,5,5,3 to 5,2,4,3,1,1,3 High,1 Low,4 Very High,3 High,2 Good,Below average,3,No,0
18,34,26 to 35,Male,Divorced,Research & Development,Laboratory Technician,1,2 College,Medical,Travel_Rarely,19,No,2661,Q1 lowest,11,1,3,2,1 to 2,2,1,2,0,2,4 Very High,2 Medium,3 High,3 High,3 Better,Good,3,No,0
19,28,26 to 35,Male,Single,Research & Development,Laboratory Technician,1,3 Bachelor,Life Sciences,Travel_Rarely,24,Yes,2028,Q1 lowest,14,0,6,4,3 to 5,2,0,3,5,4,3 High,3 High,2 Medium,2 Medium,3 Better,Below average,3,Yes,1
20,29,26 to 35,Female,Divorced,Research & Development,Manufacturing Director,3,4 Master,Life Sciences,Travel_Rarely,21,No,9980,Q4 highest,11,1,10,10,6 to 10,9,8,8,1,1,1 Low,2 Medium,3 High,4 Very High,3 Better,Below average,3,No,0
21,32,26 to 35,Male,Divorced,Research & Development,Research Scientist,1,2 College,Life Sciences,Travel_Rarely,5,Yes,3298,Q2,12,2,7,6,6 to 10,2,0,5,0,5,2 Medium,1 Low,4 Very High,4 Very High,2 Good,Below average,3,No,0
22,22,18 to 25,Male,Divorced,Research & Development,Laboratory Technician,1,2 College,Medical,Non-Travel,16,Yes,2935,Q2,13,2,1,1,Under 1 year,0,0,0,1,2,4 Very High,4 Very High,2 Medium,4 Very High,2 Good,Good,3,No,0
23,53,46 to 60,Female,Married,Sales,Manager,4,4 Master,Life Sciences,Travel_Rarely,2,No,15427,Q4 highest,16,0,31,25,Over 10,8,3,7,2,3,4 Very High,1 Low,3 High,2 Medium,3 Better,Below average,3,No,0
24,38,36 to 45,Male,Single,Research & Development,Research Scientist,1,3 Bachelor,Life Sciences,Travel_Rarely,2,Yes,3944,Q2,11,0,6,3,3 to 5,2,1,2,5,3,4 Very High,4 Very High,3 High,3 High,3 Better,Good,3,No,0
26,24,18 to 25,Female,Divorced,Research & Development,Manufacturing Director,2,2 College,Other,Non-Travel,11,No,4011,Q2,18,1,5,4,3 to 5,2,1,3,0,5,3 High,1 Low,4 Very High,4 Very High,2 Good,Below average,3,No,0
27,36,36 to 45,Male,Single,Sales,Sales Representative,1,4 Master,Life Sciences,Travel_Rarely,9,No,3407,Q2,23,0,10,5,3 to 5,3,0,3,7,4,1 Low,3 High,2 Medium,2 Medium,3 Better,Below average,4,Yes,1
28,34,26 to 35,Female,Single,Research & Development,Research Director,3,4 Master,Life Sciences,Travel_Rarely,7,No,11994,Q4 highest,11,0,13,12,Over 10,6,2,11,0,4,2 Medium,1 Low,3 High,3 High,3 Better,Below average,3,No,0
30,21,18 to 25,Male,Single,Research & Development,Research Scientist,1,2 College,Life Sciences,Travel_Rarely,15,No,1232,Q1 lowest,14,0,0,0,Under 1 year,0,0,0,1,6,4 Very High,3 High,4 Very High,3 High,3 Better,Good,3,No,0
31,34,26 to 35,Male,Single,Research & Development,Research Scientist,1,1 Below College,Medical,Travel_Rarely,6,No,2960,Q2,11,0,8,4,3 to 5,2,1,3,2,2,1 Low,2 Medium,3 High,3 High,3 Better,Below average,3,Yes,1
32,53,46 to 60,Female,Divorced,Research & Development,Manager,5,3 Bachelor,Other,Travel_Rarely,5,No,19094,Q4 highest,11,1,26,14,Over 10,13,4,8,4,3,3 High,3 High,4 Very High,3 High,2 Good,Good,3,No,0
33,32,26 to 35,Female,Single,Research & Development,Research Scientist,1,1 Below College,Life Sciences,Travel_Frequently,16,Yes,3919,Q2,22,0,10,10,6 to 10,2,6,7,1,5,1 Low,2 Medium,2 Medium,1 Low,3 Better,Low,4,Yes,1
35,42,36 to 45,Male,Married,Sales,Sales Executive,2,4 Master,Marketing,Travel_Rarely,8,No,6825,Q3,11,1,10,9,6 to 10,7,4,2,0,2,2 Medium,3 High,4 Very High,3 High,3 Better,Good,3,No,0
36,44,36 to 45,Female,Married,Research & Development,Healthcare Representative,3,4 Master,Medical,Travel_Rarely,7,No,10248,Q4 highest,14,1,24,22,Over 10,6,5,17,3,4,4 Very High,1 Low,4 Very High,2 Medium,3 Better,Good,3,No,0
38,46,46 to 60,Female,Single,Sales,Manager,5,4 Master,Marketing,Travel_Rarely,2,No,18947,Q4 highest,12,0,22,2,1 to 2,2,2,1,3,2,1 Low,2 Medium,4 Very High,3 High,2 Good,Below average,3,No,0
39,33,26 to 35,Male,Single,Research & Development,Laboratory Technician,1,3 Bachelor,Medical,Travel_Rarely,2,No,2496,Q1 lowest,11,0,7,1,Under 1 year,1,0,0,4,3,4 Very High,3 High,4 Very High,3 High,3 Better,Good,3,No,0
40,44,36 to 45,Male,Married,Research & Development,Healthcare Representative,2,4 Master,Other,Travel_Rarely,10,Yes,6465,Q3,13,0,9,4,3 to 5,2,1,3,2,5,4 Very High,4 Very High,4 Very High,3 High,4 Best,High,3,No,0
41,30,26 to 35,Male,Single,Research & Development,Laboratory Technician,1,2 College,Medical,Travel_Rarely,9,No,2206,Q1 lowest,13,0,10,10,6 to 10,0,1,8,1,5,3 High,4 Very High,1 Low,2 Medium,3 Better,Below average,3,No,0
42,39,36 to 45,Male,Married,Sales,Sales Representative,2,3 Bachelor,Technical Degree,Travel_Rarely,5,No,2086,Q1 lowest,14,1,19,1,Under 1 year,0,0,0,3,6,4 Very High,4 Very High,3 High,3 High,4 Best,High,3,Yes,1
45,24,18 to 25,Male,Married,Research & Development,Research Scientist,1,3 Bachelor,Medical,Travel_Rarely,1,Yes,2293,Q1 lowest,16,1,6,2,1 to 2,0,2,0,2,2,4 Very High,2 Medium,1 Low,3 High,2 Good,Below average,3,Yes,1
46,43,36 to 45,Female,Divorced,Research & Development,Research Scientist,1,2 College,Medical,Travel_Rarely,2,No,2645,Q1 lowest,12,2,6,5,3 to 5,3,1,4,1,3,3 High,4 Very High,4 Very High,4 Very High,2 Good,Good,3,No,0
47,50,46 to 60,Male,Married,Sales,Sales Representative,1,2 College,Marketing,Travel_Rarely,3,Yes,2683,Q1 lowest,14,0,3,3,3 to 5,2,0,2,1,2,3 High,1 Low,3 High,2 Medium,3 Better,Below average,3,Yes,1
49,35,26 to 35,Female,Married,Sales,Sales Representative,1,3 Bachelor,Marketing,Travel_Rarely,2,No,2014,Q1 lowest,13,0,2,2,1 to 2,2,2,2,1,3,4 Very High,4 Very High,1 Low,3 High,3 Better,Good,3,No,0
51,36,36 to 45,Female,Married,Research & Development,Research Scientist,1,4 Master,Life Sciences,Travel_Rarely,5,Yes,3419,Q2,14,1,6,1,Under 1 year,1,0,0,9,3,1 Low,2 Medium,4 Very High,2 Medium,4 Best,Below average,3,No,0
52,33,26 to 35,Female,Married,Sales,Sales Executive,2,3 Bachelor,Life Sciences,Travel_Frequently,1,No,5376,Q3,19,2,10,5,3 to 5,3,1,3,2,3,1 Low,3 High,1 Low,4 Very High,3 Better,Low,3,No,0
53,35,26 to 35,Male,Divorced,Research & Development,Laboratory Technician,1,2 College,Other,Travel_Rarely,4,No,1951,Q1 lowest,12,1,1,1,Under 1 year,0,0,0,1,3,4 Very High,3 High,3 High,3 High,3 Better,Good,3,No,0
54,27,26 to 35,Female,Divorced,Research & Development,Laboratory Technician,1,4 Master,Life Sciences,Travel_Rarely,2,No,2341,Q1 lowest,13,1,1,1,Under 1 year,0,0,0,1,6,1 Low,4 Very High,4 Very High,3 High,3 Better,Good,3,No,0
55,26,26 to 35,Male,Single,Research & Development,Laboratory Technician,1,3 Bachelor,Life Sciences,Travel_Rarely,25,No,2293,Q1 lowest,12,0,1,1,Under 1 year,0,0,1,1,2,3 High,1 Low,3 High,1 Low,2 Good,Below average,3,Yes,1
56,27,26 to 35,Male,Single,Sales,Sales Executive,3,3 Bachelor,Life Sciences,Travel_Frequently,8,No,8726,Q4 highest,15,0,9,9,6 to 10,8,1,7,1,0,3 High,4 Very High,4 Very High,3 High,3 Better,Good,3,No,0
57,30,26 to 35,Female,Single,Research & Development,Laboratory Technician,2,2 College,Medical,Travel_Frequently,1,No,4011,Q2,23,0,12,12,Over 10,8,3,7,1,2,4 Very High,3 High,4 Very High,3 High,3 Better,Good,4,No,0
58,41,36 to 45,Female,Married,Research & Development,Research Director,5,3 Bachelor,Technical Degree,Travel_Rarely,12,No,19545,Q4 highest,12,0,23,22,Over 10,15,15,8,1,0,3 High,2 Medium,4 Very High,3 High,3 Better,Good,3,Yes,1
60,34,26 to 35,Male,Single,Sales,Sales Executive,2,4 Master,Marketing,Non-Travel,23,No,4568,Q2,20,0,10,9,6 to 10,5,8,7,0,2,3 High,2 Medium,3 High,3 High,3 Better,Below average,4,No,0
61,37,36 to 45,Male,Married,Research & Development,Research Scientist,1,2 College,Life Sciences,Travel_Rarely,19,No,3022,Q2,21,0,8,1,Under 1 year,0,0,0,4,1,2 Medium,2 Medium,1 Low,3 High,3 Better,Low,4,No,0
62,46,46 to 60,Male,Single,Sales,Sales Executive,2,4 Master,Marketing,Travel_Frequently,5,Yes,5772,Q3,21,0,14,9,6 to 10,6,0,8,4,4,4 Very High,1 Low,3 High,3 High,3 Better,Below average,4,No,0
63,35,26 to 35,Male,Married,Research & Development,Laboratory Technician,1,1 Below College,Life Sciences,Travel_Rarely,8,No,2269,Q1 lowest,19,0,1,1,Under 1 year,0,0,1,1,2,4 Very High,4 Very High,4 Very High,4 Very High,3 Better,High,3,No,0
64,48,46 to 60,Male,Single,Research & Development,Laboratory Technician,3,2 College,Life Sciences,Travel_Rarely,1,Yes,5381,Q3,13,0,23,1,Under 1 year,0,0,0,9,2,3 High,1 Low,4 Very High,2 Medium,3 Better,Below average,3,Yes,1
65,28,26 to 35,Male,Single,Research & Development,Laboratory Technician,1,4 Master,Technical Degree,Travel_Rarely,5,Yes,3441,Q2,13,0,2,2,1 to 2,2,2,2,1,3,3 High,3 High,3 High,3 High,2 Good,Below average,3,Yes,1
68,44,36 to 45,Female,Divorced,Sales,Sales Executive,2,5 Doctor,Marketing,Travel_Rarely,1,Yes,5454,Q3,21,1,9,4,3 to 5,3,1,3,5,2,1 Low,2 Medium,3 High,3 High,2 Good,Low,4,No,0
70,35,26 to 35,Male,Married,Research & Development,Healthcare Representative,3,2 College,Medical,Non-Travel,11,Yes,9884,Q4 highest,13,1,10,4,3 to 5,0,2,3,2,3,1 Low,3 High,3 High,2 Medium,3 Better,Below average,3,No,0
72,26,26 to 35,Female,Married,Sales,Sales Executive,2,3 Bachelor,Marketing,Travel_Rarely,23,Yes,4157,Q2,19,1,5,2,1 to 2,2,0,0,7,2,4 Very High,3 High,3 High,2 Medium,2 Good,Good,3,No,0
73,33,26 to 35,Female,Single,Research & Development,Research Director,3,2 College,Life Sciences,Travel_Frequently,1,Yes,13458,Q4 highest,12,0,15,15,Over 10,14,8,12,1,1,4 Very High,1 Low,3 High,3 High,3 Better,Below average,3,No,0
74,35,26 to 35,Male,Married,Sales,Sales Executive,3,5 Doctor,Life Sciences,Travel_Frequently,18,No,9069,Q4 highest,22,1,9,9,6 to 10,8,1,8,1,3,1 Low,2 Medium,4 Very High,3 High,2 Good,Below average,4,No,0
75,35,26 to 35,Female,Married,Research & Development,Laboratory Technician,1,4 Master,Medical,Travel_Rarely,23,Yes,4014,Q2,15,1,4,2,1 to 2,2,2,2,3,3,1 Low,3 High,3 High,3 High,3 Better,Below average,3,No,0
76,31,26 to 35,Male,Divorced,Research & Development,Laboratory Technician,2,4 Master,Life Sciences,Travel_Rarely,7,No,5915,Q3,22,1,10,7,6 to 10,7,1,7,3,3,4 Very High,4 Very High,4 Very High,3 High,2 Good,Good,4,No,0
77,37,36 to 45,Male,Divorced,Research & Development,Manufacturing Director,2,4 Master,Life Sciences,Travel_Rarely,1,No,5993,Q3,18,1,7,7,6 to 10,5,0,7,1,2,3 High,1 Low,3 High,2 Medium,4 Best,Below average,3,No,0
78,32,26 to 35,Male,Married,Research & Development,Manufacturing Director,2,3 Bachelor,Medical,Travel_Rarely,1,Yes,6162,Q3,22,1,9,9,6 to 10,8,7,8,1,3,4 Very High,1 Low,2 Medium,3 High,3 Better,Below average,4,No,0
79,38,36 to 45,Female,Single,Research & Development,Laboratory Technician,2,5 Doctor,Life Sciences,Travel_Frequently,29,No,2406,Q1 lowest,11,0,10,10,6 to 10,3,9,9,1,2,4 Very High,4 Very High,4 Very High,3 High,3 Better,High,3,No,0
80,50,46 to 60,Female,Divorced,Research & Development,Research Director,5,2 College,Medical,Travel_Rarely,7,Yes,18740,Q4 highest,12,1,29,27,Over 10,3,13,8,5,2,3 High,2 Medium,4 Very High,2 Medium,2 Good,Below average,3,No,0
81,59,46 to 60,Female,Single,Sales,Sales Executive,3,3 Bachelor,Life Sciences,Travel_Rarely,25,No,7637,Q3,11,0,28,21,Over 10,16,7,9,7,3,1 Low,1 Low,4 Very High,3 High,2 Good,Low,3,No,0
83,36,36 to 45,Female,Divorced,Research & Development,Healthcare Representative,3,3 Bachelor,Technical Degree,Travel_Rarely,8,No,10096,Q4 highest,13,3,17,17,Over 10,14,12,8,1,2,3 High,3 High,2 Medium,3 High,3 Better,Below average,3,No,0
84,55,46 to 60,Female,Divorced,Research & Development,Manager,4,3 Bachelor,Medical,Travel_Rarely,8,Yes,14756,Q4 highest,14,3,21,5,3 to 5,0,0,2,2,2,3 High,4 Very High,3 High,3 High,3 Better,Good,3,No,0
85,36,36 to 45,Male,Single,Research & Development,Manufacturing Director,2,3 Bachelor,Life Sciences,Travel_Frequently,11,No,6499,Q3,13,0,6,6,6 to 10,5,0,3,1,3,2 Medium,2 Medium,3 High,2 Medium,3 Better,Below average,3,No,0
86,45,36 to 45,Male,Divorced,Research & Development,Research Scientist,3,3 Bachelor,Life Sciences,Travel_Rarely,7,No,9724,Q4 highest,17,1,25,1,Under 1 year,0,0,0,2,2,1 Low,2 Medium,3 High,3 High,3 Better,Below average,3,No,0
88,35,26 to 35,Male,Married,Research & Development,Research Scientist,1,3 Bachelor,Medical,Travel_Frequently,1,No,2194,Q1 lowest,13,1,5,3,3 to 5,2,1,2,4,2,1 Low,2 Medium,4 Very High,3 High,2 Good,Below average,3,No,0
90,36,36 to 45,Male,Married,Research & Development,Research Scientist,1,3 Bachelor,Medical,Travel_Rarely,9,Yes,3388,Q2,17,1,2,1,Under 1 year,0,0,0,0,0,3 High,4 Very High,1 Low,2 Medium,2 Good,Below average,3,Yes,1
91,59,46 to 60,Female,Single,Sales,Sales Executive,2,1 Below College,Life Sciences,Travel_Frequently,1,No,5473,Q3,11,0,20,4,3 to 5,3,1,3,7,2,3 High,1 Low,4 Very High,2 Medium,2 Good,Below average,3,No,0
94,29,26 to 35,Male,Married,Research & Development,Research Scientist,1,3 Bachelor,Life Sciences,Travel_Rarely,2,No,2703,Q1 lowest,23,1,6,5,3 to 5,4,0,4,0,3,2 Medium,3 High,4 Very High,3 High,3 Better,Good,4,No,0
95,31,26 to 35,Male,Single,Research & Development,Research Scientist,1,4 Master,Medical,Travel_Rarely,1,No,2501,Q1 lowest,17,0,1,1,Under 1 year,1,1,0,1,4,2 Medium,3 High,2 Medium,3 High,3 Better,Below average,3,No,0
96,32,26 to 35,Male,Married,Research & Development,Research Scientist,2,3 Bachelor,Life Sciences,Travel_Rarely,1,No,6220,Q3,17,2,10,10,6 to 10,4,0,9,1,3,2 Medium,2 Medium,2 Medium,3 High,3 Better,Below average,3,No,0
97,36,36 to 45,Female,Married,Research & Development,Laboratory Technician,1,3 Bachelor,Life Sciences,Travel_Rarely,6,No,3038,Q2,12,0,5,1,Under 1 year,0,0,0,3,3,4 Very High,2 Medium,2 Medium,4 Very High,3 Better,Below average,3,No,0
98,31,26 to 35,Female,Single,Research & Development,Manufacturing Director,2,4 Master,Life Sciences,Travel_Rarely,8,No,4424,Q2,23,0,11,11,Over 10,7,1,8,1,2,4 Very High,3 High,4 Very High,3 High,3 Better,Good,4,No,0
100,35,26 to 35,Male,Single,Sales,Sales Executive,2,4 Master,Marketing,Travel_Rarely,1,No,4312,Q2,14,0,16,15,Over 10,13,2,8,0,2,1 Low,3 High,2 Medium,2 Medium,3 Better,Below average,3,No,0
101,45,36 to 45,Male,Married,Research & Development,Research Director,3,4 Master,Other,Travel_Rarely,6,Yes,13245,Q4 highest,14,0,17,0,Under 1 year,0,0,0,4,3,1 Low,4 Very High,2 Medium,3 High,4 Best,Below average,3,No,0
102,37,36 to 45,Male,Single,Research & Development,Research Director,3,4 Master,Medical,Travel_Rarely,7,No,13664,Q4 highest,13,0,16,5,3 to 5,2,0,2,4,3,3 High,1 Low,1 Low,3 High,4 Best,Below average,3,No,0
103,46,46 to 60,Male,Divorced,Human Resources,Human Resources,2,2 College,Medical,Travel_Rarely,5,Yes,5021,Q3,22,1,16,4,3 to 5,2,0,2,8,2,2 Medium,2 Medium,4 Very High,3 High,3 Better,Below average,4,No,0
104,30,26 to 35,Male,Married,Research & Development,Laboratory Technician,2,1 Below College,Life Sciences,Travel_Rarely,1,Yes,5126,Q3,12,2,10,10,6 to 10,8,3,0,1,1,4 Very High,4 Very High,3 High,2 Medium,2 Good,Good,3,No,0
105,35,26 to 35,Male,Single,Research & Development,Research Scientist,1,3 Bachelor,Medical,Travel_Rarely,1,No,2859,Q1 lowest,18,0,6,6,6 to 10,4,0,4,1,3,3 High,2 Medium,1 Low,2 Medium,3 Better,Below average,3,No,0
106,55,46 to 60,Male,Married,Sales,Sales Executive,3,2 College,Life Sciences,Travel_Rarely,1,No,10239,Q4 highest,14,1,24,1,Under 1 year,0,1,0,3,4,4 Very High,1 Low,4 Very High,3 High,3 Better,Good,3,No,0
107,38,36 to 45,Female,Divorced,Research & Development,Research Scientist,2,3 Bachelor,Medical,Non-Travel,6,Yes,5329,Q3,12,3,17,13,Over 10,11,1,9,7,3,4 Very High,2 Medium,4 Very High,1 Low,3 Better,Good,3,No,0
110,34,26 to 35,Male,Married,Research & Development,Manufacturing Director,2,2 College,Medical,Travel_Rarely,1,No,4325,Q2,15,0,5,5,3 to 5,2,1,3,1,2,2 Medium,1 Low,3 High,3 High,3 Better,Below average,3,No,0
112,56,46 to 60,Male,Single,Research & Development,Manufacturing Director,3,3 Bachelor,Life Sciences,Travel_Rarely,7,No,7260,Q3,11,0,37,6,6 to 10,4,0,2,4,3,4 Very High,4 Very High,1 Low,1 Low,2 Good,Below average,3,No,0
113,23,18 to 25,Male,Divorced,Sales,Sales Representative,1,1 Below College,Technical Degree,Travel_Rarely,2,No,2322,Q1 lowest,13,1,3,0,Under 1 year,0,0,0,3,3,1 Low,3 High,3 High,3 High,3 Better,Below average,3,No,0
116,51,46 to 60,Male,Married,Research & Development,Laboratory Technician,1,4 Master,Life Sciences,Travel_Rarely,9,No,2075,Q1 lowest,23,2,10,4,3 to 5,2,0,3,3,4,4 Very High,4 Very High,2 Medium,3 High,3 Better,Good,4,No,0
117,30,26 to 35,Male,Married,Research & Development,Healthcare Representative,2,3 Bachelor,Life Sciences,Travel_Rarely,2,No,4152,Q2,19,3,11,11,Over 10,10,10,8,1,3,4 Very High,3 High,1 Low,2 Medium,3 Better,Below average,3,No,0
118,46,46 to 60,Male,Single,Sales,Sales Executive,3,2 College,Medical,Travel_Rarely,9,No,9619,Q4 highest,16,0,9,9,6 to 10,8,4,7,1,3,4 Very High,3 High,4 Very High,2 Medium,3 Better,Good,3,Yes,1
119,40,36 to 45,Male,Married,Research & Development,Healthcare Representative,4,4 Master,Life Sciences,Travel_Frequently,1,No,13503,Q4 highest,22,1,22,22,Over 10,3,11,11,1,3,2 Medium,3 High,4 Very High,2 Medium,2 Good,Below average,4,No,0
120,51,46 to 60,Male,Single,Sales,Sales Executive,2,4 Master,Marketing,Travel_Rarely,21,Yes,5441,Q3,22,0,11,10,6 to 10,7,1,0,0,2,4 Very High,3 High,4 Very High,3 High,1 Bad,Good,4,No,0
121,30,26 to 35,Female,Divorced,Sales,Sales Executive,2,2 College,Medical,Travel_Rarely,4,Yes,5209,Q3,12,3,11,11,Over 10,8,2,7,1,4,2 Medium,3 High,2 Medium,2 Medium,2 Good,Below average,3,No,0
124,46,46 to 60,Male,Married,Research & Development,Healthcare Representative,3,3 Bachelor,Medical,Travel_Frequently,1,Yes,10673,Q4 highest,13,1,21,10,6 to 10,9,9,5,2,5,1 Low,3 High,3 High,2 Medium,2 Good,Below average,3,No,0
125,32,26 to 35,Male,Single,Sales,Sales Executive,2,4 Master,Medical,Travel_Rarely,6,No,5010,Q3,16,0,12,11,Over 10,8,5,7,1,0,3 High,2 Medium,1 Low,3 High,3 Better,Below average,3,No,0
126,54,46 to 60,Female,Married,Research & Development,Research Director,3,4 Master,Technical Degree,Travel_Rarely,2,No,13549,Q4 highest,12,1,16,4,3 to 5,3,0,3,9,5,3 High,1 Low,1 Low,3 High,1 Bad,Low,3,No,0
128,24,18 to 25,Female,Married,Sales,Sales Executive,2,2 College,Other,Travel_Rarely,3,No,4999,Q3,21,1,4,3,3 to 5,2,0,2,0,2,3 High,1 Low,1 Low,3 High,2 Good,Low,4,No,0
129,28,26 to 35,Male,Married,Sales,Sales Executive,2,3 Bachelor,Medical,Non-Travel,4,No,4221,Q2,15,0,5,5,3 to 5,4,0,4,1,3,3 High,2 Medium,2 Medium,3 High,4 Best,Below average,3,No,0
131,58,46 to 60,Male,Single,Sales,Sales Executive,4,4 Master,Medical,Travel_Rarely,10,No,13872,Q4 highest,13,0,38,37,Over 10,10,1,8,0,1,3 High,4 Very High,3 High,3 High,2 Good,Good,3,No,0
132,44,36 to 45,Male,Married,Research & Development,Laboratory Technician,2,3 Bachelor,Medical,Non-Travel,23,No,2042,Q1 lowest,12,1,17,3,3 to 5,2,1,2,4,3,2 Medium,2 Medium,3 High,3 High,4 Best,Below average,3,No,0
133,37,36 to 45,Male,Divorced,Human Resources,Human Resources,1,4 Master,Human Resources,Travel_Rarely,6,Yes,2073,Q1 lowest,22,0,7,3,3 to 5,2,0,2,4,3,1 Low,3 High,4 Very High,3 High,3 Better,Below average,4,Yes,1
134,32,26 to 35,Male,Single,Research & Development,Research Scientist,1,1 Below College,Life Sciences,Travel_Rarely,1,No,2956,Q2,13,0,1,1,Under 1 year,0,0,0,1,2,1 Low,4 Very High,4 Very High,3 High,3 Better,Good,3,No,0
137,20,18 to 25,Female,Single,Research & Development,Laboratory Technician,1,3 Bachelor,Life Sciences,Travel_Frequently,6,Yes,2926,Q2,18,0,1,1,Under 1 year,0,1,0,1,5,4 Very High,4 Very High,2 Medium,2 Medium,3 Better,Good,3,Yes,1
138,34,26 to 35,Female,Single,Research & Development,Research Scientist,2,4 Master,Other,Travel_Rarely,6,No,4809,Q2,14,0,16,16,Over 10,13,2,10,1,3,3 High,1 Low,3 High,3 High,3 Better,Below average,3,No,0
139,37,36 to 45,Male,Divorced,Research & Development,Healthcare Representative,2,2 College,Life Sciences,Non-Travel,2,No,5163,Q3,14,1,17,1,Under 1 year,0,0,0,5,2,4 Very High,3 High,4 Very High,2 Medium,4 Best,High,3,No,0
140,59,46 to 60,Female,Married,Human Resources,Manager,5,4 Master,Human Resources,Non-Travel,2,No,18844,Q4 highest,21,1,30,3,3 to 5,2,2,2,9,3,4 Very High,3 High,4 Very High,2 Medium,3 Better,Good,4,No,0
141,50,46 to 60,Female,Married,Research & Development,Research Director,5,3 Bachelor,Life Sciences,Travel_Frequently,1,Yes,18172,Q4 highest,19,0,28,8,6 to 10,3,0,7,3,1,2 Medium,1 Low,1 Low,3 High,2 Good,Low,3,No,0
142,25,18 to 25,Male,Single,Sales,Sales Executive,2,3 Bachelor,Marketing,Travel_Rarely,5,Yes,5744,Q3,11,0,6,6,6 to 10,4,0,3,1,1,3 High,3 High,4 Very High,2 Medium,3 Better,Good,3,Yes,1
143,25,18 to 25,Male,Married,Research & Development,Research Scientist,1,1 Below College,Medical,Travel_Rarely,7,No,2889,Q1 lowest,11,2,2,2,1 to 2,2,2,1,1,2,4 Very High,4 Very High,3 High,2 Medium,3 Better,Good,3,No,0
144,22,18 to 25,Female,Single,Research & Development,Laboratory Technician,1,3 Bachelor,Medical,Travel_Rarely,15,No,2871,Q1 lowest,15,0,1,0,Under 1 year,0,0,0,1,5,4 Very High,2 Medium,3 High,3 High,3 Better,Good,3,No,0
145,51,46 to 60,Female,Single,Research & Development,Healthcare Representative,3,4 Master,Medical,Travel_Frequently,1,No,7484,Q3,20,0,23,13,Over 10,12,12,8,3,1,1 Low,1 Low,3 High,2 Medium,2 Good,Low,4,No,0
147,34,26 to 35,Male,Single,Research & Development,Laboratory Technician,2,3 Bachelor,Life Sciences,Travel_Frequently,7,Yes,6074,Q3,24,0,9,9,6 to 10,7,0,6,1,3,3 High,1 Low,4 Very High,1 Low,3 Better,Below average,4,Yes,1
148,54,46 to 60,Female,Single,Human Resources,Manager,4,3 Bachelor,Human Resources,Non-Travel,26,Yes,17328,Q4 highest,12,0,23,5,3 to 5,3,4,4,2,3,4 Very High,4 Very High,3 High,4 Very High,3 Better,Good,3,No,0
150,24,18 to 25,Male,Married,Research & Development,Laboratory Technician,1,1 Below College,Life Sciences,Travel_Rarely,18,No,2774,Q1 lowest,12,1,6,5,3 to 5,3,1,2,0,2,3 High,2 Medium,3 High,3 High,3 Better,Below average,3,No,0
151,34,26 to 35,Female,Divorced,Research & Development,Research Scientist,2,4 Master,Life Sciences,Travel_Rarely,6,No,4505,Q2,15,1,12,1,Under 1 year,0,0,0,6,3,2 Medium,3 High,3 High,2 Medium,3 Better,Below average,3,No,0
152,37,36 to 45,Male,Single,Sales,Sales Executive,3,3 Bachelor,Life Sciences,Travel_Rarely,3,No,7428,Q3,12,0,12,5,3 to 5,3,1,3,2,3,4 Very High,3 High,1 Low,3 High,3 Better,Below average,3,No,0
153,34,26 to 35,Female,Single,Research & Development,Manager,3,3 Bachelor,Medical,Travel_Rarely,5,No,11631,Q4 highest,12,0,14,11,Over 10,10,5,8,2,6,1 Low,3 High,4 Very High,2 Medium,3 Better,Below average,3,No,0
154,36,36 to 45,Female,Married,Sales,Sales Executive,3,2 College,Technical Degree,Travel_Frequently,11,No,9738,Q4 highest,14,1,10,9,6 to 10,7,2,8,0,6,4 Very High,2 Medium,3 High,3 High,3 Better,Good,3,No,0
155,36,36 to 45,Female,Divorced,Research & Development,Laboratory Technician,1,2 College,Life Sciences,Travel_Rarely,3,No,2835,Q1 lowest,22,1,7,1,Under 1 year,0,0,0,5,2,4 Very High,1 Low,1 Low,3 High,3 Better,Below average,4,No,0
158,43,36 to 45,Male,Married,Sales,Manager,4,2 College,Life Sciences,Travel_Frequently,26,Yes,16959,Q4 highest,12,2,25,25,Over 10,12,4,12,1,3,4 Very High,3 High,4 Very High,3 High,4 Best,High,3,No,0
159,30,26 to 35,Male,Divorced,Research & Development,Research Scientist,1,3 Bachelor,Life Sciences,Travel_Frequently,23,No,2613,Q1 lowest,25,3,10,10,6 to 10,7,0,9,1,2,3 High,1 Low,3 High,1 Low,2 Good,Below average,4,No,0
160,33,26 to 35,Male,Married,Sales,Sales Executive,2,2 College,Marketing,Non-Travel,22,No,6146,Q3,13,1,8,7,6 to 10,7,0,7,0,2,2 Medium,3 High,1 Low,3 High,4 Best,Below average,3,No,0
161,56,46 to 60,Female,Married,Research & Development,Research Scientist,1,4 Master,Life Sciences,Travel_Rarely,14,Yes,4963,Q3,18,3,7,5,3 to 5,4,4,3,9,2,2 Medium,2 Medium,1 Low,3 High,3 Better,Low,3,Yes,1
162,51,46 to 60,Male,Single,Research & Development,Research Director,5,3 Bachelor,Life Sciences,Travel_Rarely,6,No,19537,Q4 highest,13,0,23,20,Over 10,18,15,15,7,5,3 High,1 Low,3 High,3 High,3 Better,Below average,3,No,0
163,31,26 to 35,Male,Married,Sales,Sales Executive,2,4 Master,Life Sciences,Travel_Rarely,6,Yes,6172,Q3,18,0,12,7,6 to 10,7,7,7,4,3,3 High,2 Medium,2 Medium,1 Low,2 Good,Below average,3,Yes,1
164,26,26 to 35,Female,Married,Research & Development,Research Scientist,1,3 Bachelor,Other,Travel_Rarely,6,No,2368,Q1 lowest,19,0,5,5,3 to 5,4,4,3,1,3,2 Medium,3 High,3 High,2 Medium,2 Good,Below average,3,No,0
165,58,46 to 60,Female,Married,Research & Development,Healthcare Representative,3,4 Master,Medical,Travel_Rarely,23,No,10312,Q4 highest,12,1,40,40,Over 10,10,15,6,1,3,4 Very High,4 Very High,4 Very High,3 High,2 Good,Good,3,Yes,1
167,19,18 to 25,Male,Single,Sales,Sales Representative,1,1 Below College,Marketing,Travel_Rarely,22,Yes,1675,Q1 lowest,19,0,0,0,Under 1 year,0,0,0,1,2,3 High,4 Very High,4 Very High,3 High,2 Good,Good,3,Yes,1
169,22,18 to 25,Male,Married,Research & Development,Laboratory Technician,1,1 Below College,Technical Degree,Travel_Rarely,2,No,2523,Q1 lowest,14,1,3,2,1 to 2,1,2,1,0,2,4 Very High,3 High,3 High,3 High,3 Better,Good,3,No,0
170,49,46 to 60,Female,Married,Research & Development,Manufacturing Director,2,4 Master,Medical,Travel_Rarely,20,No,6567,Q3,14,0,16,15,Over 10,11,5,11,1,2,1 Low,3 High,3 High,3 High,2 Good,Below average,3,No,0
171,43,36 to 45,Female,Single,Research & Development,Research Scientist,1,3 Bachelor,Medical,Travel_Frequently,28,No,4739,Q2,12,0,18,3,3 to 5,2,1,2,4,2,3 High,2 Medium,4 Very High,4 Very High,3 Better,Good,3,No,0
174,50,46 to 60,Female,Single,Sales,Sales Executive,3,3 Bachelor,Marketing,Travel_Frequently,12,No,9208,Q4 highest,11,0,16,2,1 to 2,2,2,1,4,3,4 Very High,3 High,4 Very High,3 High,3 Better,Good,3,No,0
175,31,26 to 35,Female,Married,Sales,Sales Executive,2,3 Bachelor,Life Sciences,Travel_Rarely,20,Yes,4559,Q2,11,1,4,2,1 to 2,2,2,2,3,2,3 High,2 Medium,3 High,1 Low,3 Better,Below average,3,Yes,1
176,41,36 to 45,Male,Divorced,Sales,Sales Executive,3,1 Below College,Life Sciences,Travel_Rarely,9,Yes,8189,Q3,13,1,12,9,6 to 10,7,0,7,3,2,3 High,3 High,3 High,3 High,3 Better,Good,3,No,0
177,26,26 to 35,Female,Married,Human Resources,Human Resources,1,1 Below College,Life Sciences,Travel_Rarely,25,No,2942,Q2,23,1,8,8,6 to 10,7,5,7,1,3,3 High,3 High,4 Very High,3 High,3 Better,Good,4,No,0
178,36,36 to 45,Male,Divorced,Research & Development,Manufacturing Director,2,2 College,Medical,Travel_Rarely,6,No,4941,Q3,20,2,7,3,3 to 5,2,0,1,6,0,2 Medium,2 Medium,4 Very High,3 High,3 Better,Below average,4,No,0
179,51,46 to 60,Male,Single,Research & Development,Manufacturing Director,3,4 Master,Life Sciences,Travel_Frequently,8,No,10650,Q4 highest,15,0,18,4,3 to 5,2,0,3,2,2,4 Very High,1 Low,4 Very High,1 Low,3 Better,Good,3,Yes,1
182,39,36 to 45,Female,Married,Sales,Sales Executive,2,4 Master,Life Sciences,Travel_Rarely,4,No,5902,Q3,14,1,17,15,Over 10,11,5,9,4,1,3 High,4 Very High,3 High,2 Medium,4 Best,Good,3,No,0
183,25,18 to 25,Male,Married,Sales,Sales Executive,2,3 Bachelor,Life Sciences,Travel_Rarely,28,No,8639,Q4 highest,18,0,6,2,1 to 2,2,2,2,2,3,3 High,1 Low,4 Very High,2 Medium,3 Better,Below average,3,No,0
184,30,26 to 35,Male,Married,Human Resources,Human Resources,2,3 Bachelor,Human Resources,Travel_Rarely,9,Yes,6347,Q3,19,0,12,11,Over 10,9,4,7,0,2,4 Very High,3 High,4 Very High,3 High,1 Bad,Good,3,No,0
190,32,26 to 35,Female,Single,Research & Development,Laboratory Technician,1,3 Bachelor,Medical,Travel_Rarely,9,No,4200,Q2,22,0,10,5,3 to 5,4,0,4,7,2,1 Low,1 Low,1 Low,3 High,4 Best,Low,4,Yes,1
192,45,36 to 45,Male,Single,Research & Development,Research Scientist,1,3 Bachelor,Medical,Travel_Rarely,29,No,3452,Q2,13,0,9,6,6 to 10,5,0,3,5,2,4 Very High,3 High,2 Medium,3 High,2 Good,Below average,3,No,0
193,38,36 to 45,Female,Single,Research & Development,Research Scientist,2,5 Doctor,Technical Degree,Travel_Rarely,3,Yes,4317,Q2,20,0,19,3,3 to 5,2,2,2,3,2,3 High,4 Very High,2 Medium,3 High,3 Better,Good,4,No,0
194,30,26 to 35,Female,Single,Research & Development,Research Scientist,1,3 Bachelor,Life Sciences,Travel_Rarely,18,No,2632,Q1 lowest,14,0,5,5,3 to 5,4,0,4,1,4,3 High,1 Low,3 High,3 High,2 Good,Below average,3,No,0
195,32,26 to 35,Male,Divorced,Sales,Sales Executive,2,2 College,Medical,Travel_Frequently,9,No,4668,Q2,17,3,9,8,6 to 10,7,0,7,0,2,4 Very High,4 Very High,4 Very High,1 Low,4 Best,High,3,No,0
197,30,26 to 35,Female,Divorced,Research & Development,Research Scientist,1,3 Bachelor,Technical Degree,Travel_Rarely,5,No,3204,Q2,14,1,8,3,3 to 5,2,2,2,5,3,1 Low,4 Very High,4 Very High,3 High,3 Better,Good,3,No,0
198,30,26 to 35,Male,Single,Research & Development,Laboratory Technician,1,1 Below College,Medical,Travel_Rarely,2,No,2720,Q1 lowest,13,0,6,5,3 to 5,3,1,2,0,3,4 Very High,2 Medium,4 Very High,2 Medium,3 Better,Good,3,No,0
199,41,36 to 45,Male,Divorced,Research & Development,Manager,4,3 Bachelor,Life Sciences,Travel_Frequently,10,No,17181,Q4 highest,13,1,21,7,6 to 10,6,7,7,4,2,1 Low,4 Very High,2 Medium,2 Medium,2 Good,Below average,3,No,0
200,41,36 to 45,Male,Married,Research & Development,Laboratory Technician,1,4 Master,Life Sciences,Travel_Rarely,9,No,2238,Q1 lowest,21,1,7,5,3 to 5,0,1,4,2,2,1 Low,3 High,4 Very High,3 High,3 Better,Below average,4,No,0
201,19,18 to 25,Female,Single,Research & Development,Laboratory Technician,1,1 Below College,Medical,Travel_Rarely,3,No,1483,Q1 lowest,14,0,1,1,Under 1 year,0,0,0,1,3,2 Medium,2 Medium,4 Very High,3 High,3 Better,Below average,3,No,0
202,40,36 to 45,Female,Divorced,Research & Development,Research Scientist,2,3 Bachelor,Medical,Travel_Frequently,26,No,5605,Q3,11,1,20,20,Over 10,7,2,13,1,2,2 Medium,2 Medium,1 Low,3 High,3 Better,Low,3,No,0
204,35,26 to 35,Male,Married,Sales,Sales Executive,3,5 Doctor,Marketing,Travel_Rarely,1,No,7295,Q3,13,2,10,10,6 to 10,8,0,6,1,3,2 Medium,3 High,1 Low,3 High,3 Better,Below average,3,No,0
205,53,46 to 60,Male,Married,Sales,Sales Representative,2,2 College,Marketing,Travel_Rarely,6,Yes,2306,Q1 lowest,20,1,13,7,6 to 10,7,4,5,2,3,3 High,2 Medium,4 Very High,3 High,1 Bad,Below average,4,No,0
206,45,36 to 45,Male,Divorced,Research & Development,Laboratory Technician,2,3 Bachelor,Life Sciences,Travel_Rarely,9,No,2348,Q1 lowest,18,1,20,17,Over 10,9,0,15,8,2,2 Medium,2 Medium,3 High,3 High,1 Bad,Low,3,No,0
207,32,26 to 35,Female,Single,Sales,Sales Executive,3,3 Bachelor,Marketing,Travel_Frequently,8,No,8998,Q4 highest,14,0,9,9,6 to 10,8,3,7,1,2,4 Very High,2 Medium,4 Very High,3 High,3 Better,Good,3,No,0
208,29,26 to 35,Male,Married,Research & Development,Manufacturing Director,2,1 Below College,Technical Degree,Non-Travel,1,No,4319,Q2,13,1,10,10,6 to 10,7,0,9,1,1,3 High,4 Very High,1 Low,3 High,3 Better,Below average,3,No,0
211,51,46 to 60,Male,Married,Research & Development,Manufacturing Director,2,4 Master,Medical,Travel_Rarely,7,No,6132,Q3,17,0,10,1,Under 1 year,0,0,0,2,2,3 High,2 Medium,3 High,2 Medium,3 Better,Below average,3,No,0
214,58,46 to 60,Female,Married,Research & Development,Research Scientist,1,3 Bachelor,Medical,Travel_Rarely,9,Yes,3346,Q2,20,1,9,1,Under 1 year,0,0,0,4,3,2 Medium,2 Medium,2 Medium,2 Medium,2 Good,Low,4,No,0
215,40,36 to 45,Male,Married,Sales,Sales Executive,3,4 Master,Marketing,Travel_Rarely,4,No,10855,Q4 highest,11,1,15,12,Over 10,11,2,11,7,2,4 Very High,3 High,1 Low,2 Medium,2 Good,Below average,3,No,0
216,34,26 to 35,Female,Married,Sales,Sales Representative,1,4 Master,Marketing,Travel_Frequently,2,No,2231,Q1 lowest,18,1,6,4,3 to 5,3,1,2,6,3,3 High,3 High,4 Very High,3 High,3 Better,Good,3,No,0
217,22,18 to 25,Male,Married,Research & Development,Research Scientist,1,1 Below College,Medical,Travel_Rarely,19,No,2323,Q1 lowest,24,2,2,2,1 to 2,2,2,2,1,6,4 Very High,3 High,1 Low,3 High,3 Better,Below average,4,No,0
218,27,26 to 35,Male,Divorced,Research & Development,Research Scientist,1,3 Bachelor,Medical,Non-Travel,9,No,2024,Q1 lowest,18,1,6,2,1 to 2,2,2,2,6,1,2 Medium,4 Very High,4 Very High,3 High,1 Bad,Below average,3,No,0
221,28,26 to 35,Male,Married,Research & Development,Research Scientist,1,3 Bachelor,Medical,Travel_Rarely,21,No,2713,Q1 lowest,11,1,5,5,3 to 5,2,0,2,1,2,4 Very High,3 High,3 High,3 High,1 Bad,Below average,3,No,0
223,57,46 to 60,Male,Divorced,Research & Development,Healthcare Representative,3,2 College,Life Sciences,Travel_Rarely,24,Yes,9439,Q4 highest,16,1,12,5,3 to 5,3,1,4,3,2,4 Very High,3 High,2 Medium,4 Very High,1 Bad,Below average,3,No,0
224,27,26 to 35,Male,Divorced,Research & Development,Research Scientist,1,3 Bachelor,Medical,Non-Travel,3,Yes,2566,Q1 lowest,15,1,1,1,Under 1 year,1,0,1,1,2,3 High,3 High,4 Very High,2 Medium,2 Good,Good,3,No,0
226,50,46 to 60,Female,Single,Research & Development,Manager,5,3 Bachelor,Life Sciences,Travel_Rarely,11,No,19926,Q4 highest,15,0,21,5,3 to 5,4,4,4,3,5,2 Medium,3 High,2 Medium,3 High,3 Better,Below average,3,No,0
227,41,36 to 45,Male,Divorced,Research & Development,Research Scientist,1,3 Bachelor,Life Sciences,Travel_Rarely,14,No,2451,Q1 lowest,12,1,13,9,6 to 10,8,1,8,4,2,3 High,1 Low,1 Low,3 High,3 Better,Low,3,No,0
228,30,26 to 35,Female,Married,Sales,Sales Executive,3,3 Bachelor,Life Sciences,Travel_Rarely,5,No,9419,Q4 highest,12,1,12,10,6 to 10,9,7,4,2,2,4 Very High,2 Medium,3 High,3 High,3 Better,Good,3,No,0
230,38,36 to 45,Female,Single,Sales,Sales Executive,2,4 Master,Life Sciences,Travel_Rarely,1,No,8686,Q4 highest,22,0,12,8,6 to 10,3,0,7,4,2,4 Very High,1 Low,3 High,2 Medium,4 Best,Good,4,No,0
231,32,26 to 35,Male,Single,Research & Development,Research Scientist,1,5 Doctor,Life Sciences,Travel_Rarely,6,No,3038,Q2,20,0,8,5,3 to 5,4,1,4,3,2,3 High,3 High,1 Low,3 High,3 Better,Below average,4,No,0
233,27,26 to 35,Male,Married,Research & Development,Research Scientist,1,3 Bachelor,Technical Degree,Travel_Rarely,17,Yes,3058,Q2,16,1,6,5,3 to 5,2,1,1,0,3,2 Medium,3 High,4 Very High,3 High,2 Good,Below average,3,No,0
235,19,18 to 25,Female,Single,Sales,Sales Representative,1,1 Below College,Technical Degree,Travel_Frequently,1,No,2325,Q1 lowest,21,0,1,0,Under 1 year,0,0,0,0,5,1 Low,3 High,1 Low,1 Low,4 Best,Below average,4,Yes,1
238,36,36 to 45,Male,Single,Research & Development,Laboratory Technician,1,2 College,Medical,Travel_Frequently,3,No,2088,Q1 lowest,12,0,13,8,6 to 10,7,7,2,4,3,2 Medium,4 Very High,3 High,3 High,2 Good,Below average,3,No,0
239,30,26 to 35,Male,Divorced,Research & Development,Laboratory Technician,2,3 Bachelor,Medical,Non-Travel,9,No,3072,Q2,11,2,12,12,Over 10,9,6,10,1,4,1 Low,3 High,3 High,3 High,3 Better,Below average,3,No,0
240,45,36 to 45,Female,Divorced,Sales,Sales Executive,2,2 College,Life Sciences,Travel_Rarely,4,Yes,5006,Q3,11,1,9,5,3 to 5,4,0,3,4,3,1 Low,3 High,1 Low,3 High,4 Best,Below average,3,No,0
241,56,46 to 60,Female,Divorced,Research & Development,Research Scientist,1,3 Bachelor,Life Sciences,Travel_Rarely,8,Yes,4257,Q2,18,1,19,2,1 to 2,2,2,2,4,3,1 Low,3 High,3 High,3 High,3 Better,Below average,3,No,0
242,33,26 to 35,Male,Single,Research & Development,Research Scientist,1,3 Bachelor,Life Sciences,Travel_Rarely,2,No,2500,Q1 lowest,14,0,4,3,3 to 5,1,0,2,0,2,4 Very High,3 High,1 Low,3 High,4 Best,Good,3,No,0
243,19,18 to 25,Male,Single,Research & Development,Laboratory Technician,1,3 Bachelor,Life Sciences,Travel_Rarely,2,No,1102,Q1 lowest,22,0,1,1,Under 1 year,0,1,0,1,3,4 Very High,2 Medium,3 High,2 Medium,2 Good,Below average,4,Yes,1
244,46,46 to 60,Female,Divorced,Sales,Sales Executive,3,2 College,Marketing,Travel_Rarely,1,No,10453,Q4 highest,25,3,24,24,Over 10,13,15,7,1,2,1 Low,2 Medium,3 High,3 High,3 Better,Below average,4,No,0
245,38,36 to 45,Female,Single,Research & Development,Laboratory Technician,1,2 College,Life Sciences,Travel_Rarely,9,No,2288,Q1 lowest,12,0,2,2,1 to 2,2,2,1,1,3,4 Very High,3 High,3 High,3 High,3 Better,Good,3,No,0
246,31,26 to 35,Female,Married,Research & Development,Research Scientist,1,1 Below College,Medical,Travel_Rarely,12,Yes,3929,Q2,23,1,7,4,3 to 5,2,0,2,8,0,4 Very High,3 High,3 High,3 High,3 Better,Good,4,No,0
247,34,26 to 35,Female,Single,Research & Development,Research Scientist,1,2 College,Medical,Travel_Rarely,27,No,2311,Q1 lowest,15,0,9,3,3 to 5,2,1,2,2,3,2 Medium,4 Very High,4 Very High,3 High,3 Better,Good,3,No,0
248,41,36 to 45,Female,Single,Sales,Sales Representative,1,2 College,Marketing,Travel_Rarely,20,Yes,3140,Q2,22,0,4,4,3 to 5,3,0,2,1,5,2 Medium,2 Medium,4 Very High,3 High,2 Good,Below average,4,Yes,1
249,50,46 to 60,Male,Married,Research & Development,Laboratory Technician,1,3 Bachelor,Medical,Travel_Rarely,1,No,3690,Q2,15,1,5,3,3 to 5,2,0,2,2,2,3 High,3 High,4 Very High,2 Medium,2 Good,Good,3,No,0
250,53,46 to 60,Female,Divorced,Research & Development,Manufacturing Director,2,2 College,Medical,Travel_Rarely,13,No,4450,Q2,11,2,5,4,3 to 5,2,1,3,1,3,1 Low,4 Very High,3 High,4 Very High,3 Better,Below average,3,No,0
252,33,26 to 35,Female,Married,Research & Development,Research Scientist,1,3 Bachelor,Medical,Travel_Rarely,14,No,2756,Q1 lowest,13,1,8,8,6 to 10,7,1,6,1,5,2 Medium,4 Very High,4 Very High,3 High,3 Better,Good,3,No,0
253,40,36 to 45,Female,Married,Research & Development,Manager,5,1 Below College,Medical,Travel_Rarely,4,No,19033,Q4 highest,14,1,21,20,Over 10,8,9,9,1,2,3 High,4 Very High,2 Medium,3 High,3 Better,Good,3,No,0
254,55,46 to 60,Male,Single,Research & Development,Research Director,5,4 Master,Medical,Travel_Rarely,14,No,18722,Q4 highest,11,0,36,24,Over 10,15,2,15,8,3,2 Medium,3 High,4 Very High,4 Very High,3 Better,Good,3,No,0
256,34,26 to 35,Male,Married,Research & Development,Manufacturing Director,2,1 Below College,Life Sciences,Travel_Frequently,2,No,9547,Q4 highest,17,0,10,10,6 to 10,9,1,9,1,2,3 High,4 Very High,3 High,2 Medium,2 Good,Good,3,No,0
258,51,46 to 60,Female,Single,Research & Development,Healthcare Representative,4,3 Bachelor,Medical,Travel_Rarely,3,No,13734,Q4 highest,18,0,21,7,6 to 10,7,1,0,3,6,2 Medium,4 Very High,3 High,3 High,3 Better,Good,3,No,0
259,52,46 to 60,Male,Married,Research & Development,Manager,5,4 Master,Life Sciences,Travel_Rarely,1,No,19999,Q4 highest,14,1,34,33,Over 10,18,11,9,0,5,3 High,3 High,1 Low,2 Medium,3 Better,Below average,3,No,0
260,27,26 to 35,Female,Single,Research & Development,Research Scientist,1,3 Bachelor,Medical,Travel_Rarely,9,No,2279,Q1 lowest,16,0,7,7,6 to 10,7,0,3,1,2,2 Medium,4 Very High,4 Very High,3 High,2 Good,Good,3,No,0
261,35,26 to 35,Male,Married,Research & Development,Manufacturing Director,2,2 College,Life Sciences,Travel_Rarely,23,Yes,5916,Q3,13,0,8,1,Under 1 year,0,0,1,3,1,3 High,2 Medium,1 Low,2 Medium,3 Better,Below average,3,Yes,1
262,43,36 to 45,Male,Divorced,Research & Development,Research Scientist,1,3 Bachelor,Medical,Non-Travel,7,No,2089,Q1 lowest,14,3,7,5,3 to 5,4,2,2,4,3,4 Very High,4 Very High,4 Very High,4 Very High,4 Best,High,3,No,0
264,45,36 to 45,Male,Married,Research & Development,Manager,4,2 College,Medical,Non-Travel,2,No,16792,Q4 highest,23,1,22,20,Over 10,8,11,8,9,1,4 Very High,1 Low,4 Very High,2 Medium,3 Better,Good,4,No,0
267,37,36 to 45,Male,Married,Research & Development,Research Scientist,1,3 Bachelor,Life Sciences,Travel_Rarely,21,Yes,3564,Q2,12,1,8,8,6 to 10,7,1,7,1,3,1 Low,2 Medium,1 Low,4 Very High,2 Good,Low,3,No,0
269,35,26 to 35,Female,Single,Research & Development,Laboratory Technician,2,3 Bachelor,Medical,Travel_Frequently,2,No,4425,Q2,11,0,10,6,6 to 10,2,1,2,5,5,2 Medium,2 Medium,4 Very High,3 High,3 Better,Below average,3,No,0
270,42,36 to 45,Female,Divorced,Research & Development,Manufacturing Director,2,2 College,Medical,Non-Travel,21,No,5265,Q3,16,1,11,5,3 to 5,3,0,2,2,5,3 High,3 High,2 Medium,3 High,3 Better,Below average,3,No,0
271,38,36 to 45,Male,Married,Research & Development,Manufacturing Director,2,4 Master,Life Sciences,Travel_Rarely,2,No,6553,Q3,14,0,14,1,Under 1 year,0,0,0,9,3,3 High,4 Very High,2 Medium,3 High,3 Better,Good,3,No,0
273,38,36 to 45,Male,Married,Research & Development,Manufacturing Director,2,3 Bachelor,Technical Degree,Travel_Rarely,29,No,6261,Q3,18,1,9,7,6 to 10,7,1,7,3,3,4 Very High,4 Very High,1 Low,3 High,1 Bad,Below average,3,No,0
274,27,26 to 35,Male,Married,Research & Development,Manufacturing Director,2,1 Below College,Technical Degree,Travel_Frequently,1,No,4298,Q2,19,1,6,2,1 to 2,2,2,0,5,1,1 Low,3 High,3 High,2 Medium,3 Better,Below average,3,No,0
275,49,46 to 60,Male,Divorced,Research & Development,Manufacturing Director,2,4 Master,Life Sciences,Non-Travel,18,Yes,6804,Q3,15,2,7,7,6 to 10,7,1,7,1,0,4 Very High,4 Very High,1 Low,3 High,3 Better,Good,3,No,0
277,34,26 to 35,Male,Divorced,Research & Development,Research Scientist,1,4 Master,Medical,Travel_Frequently,10,Yes,3815,Q2,17,1,5,5,3 to 5,3,2,0,1,4,3 High,4 Very High,4 Very High,3 High,4 Best,High,3,No,0
281,40,36 to 45,Male,Married,Research & Development,Laboratory Technician,2,2 College,Medical,Travel_Rarely,19,Yes,2741,Q1 lowest,15,1,15,7,6 to 10,2,3,7,8,2,4 Very High,3 High,3 High,3 High,4 Best,Good,3,No,0
282,38,36 to 45,Male,Married,Research & Development,Healthcare Representative,2,1 Below College,Medical,Travel_Rarely,29,Yes,6673,Q3,19,0,17,1,Under 1 year,0,0,0,7,2,1 Low,2 Medium,2 Medium,3 High,3 Better,Low,3,Yes,1
283,29,26 to 35,Female,Married,Sales,Sales Executive,3,3 Bachelor,Marketing,Travel_Rarely,27,No,7639,Q3,22,3,10,10,6 to 10,4,1,9,1,3,4 Very High,2 Medium,4 Very High,3 High,2 Good,Good,4,Yes,1
284,22,18 to 25,Male,Divorced,Research & Development,Research Scientist,1,3 Bachelor,Life Sciences,Travel_Rarely,5,Yes,2328,Q1 lowest,16,1,4,4,3 to 5,2,2,2,1,2,2 Medium,4 Very High,1 Low,4 Very High,2 Good,Below average,3,No,0
286,36,36 to 45,Female,Single,Research & Development,Laboratory Technician,1,1 Below College,Medical,Travel_Frequently,18,No,2153,Q1 lowest,13,0,8,8,6 to 10,1,1,7,1,2,4 Very High,2 Medium,1 Low,3 High,3 Better,Below average,3,No,0
287,40,36 to 45,Male,Married,Research & Development,Healthcare Representative,2,5 Doctor,Life Sciences,Non-Travel,9,No,4876,Q2,14,1,5,3,3 to 5,2,0,2,9,5,4 Very High,4 Very High,4 Very High,2 Medium,1 Bad,Good,3,No,0
288,46,46 to 60,Male,Divorced,Research & Development,Healthcare Representative,3,4 Master,Medical,Travel_Rarely,1,No,9396,Q4 highest,16,1,17,4,3 to 5,2,0,3,7,3,1 Low,4 Very High,3 High,3 High,3 Better,Below average,3,No,0
291,32,26 to 35,Male,Married,Sales,Sales Executive,3,4 Master,Medical,Travel_Rarely,4,No,10400,Q4 highest,11,0,14,14,Over 10,8,9,8,1,2,4 Very High,4 Very High,3 High,1 Low,2 Good,Good,3,Yes,1
292,30,26 to 35,Male,Single,Research & Development,Manufacturing Director,3,1 Below College,Life Sciences,Non-Travel,1,No,8474,Q4 highest,22,0,12,11,Over 10,8,5,8,1,2,3 High,3 High,3 High,2 Medium,3 Better,Good,4,No,0
293,27,26 to 35,Female,Single,Sales,Sales Executive,2,3 Bachelor,Life Sciences,Travel_Frequently,20,No,9981,Q4 highest,14,0,7,7,6 to 10,7,0,7,1,2,3 High,4 Very High,4 Very High,3 High,3 Better,Good,3,No,0
296,51,46 to 60,Male,Married,Research & Development,Research Director,3,4 Master,Life Sciences,Travel_Rarely,8,No,12490,Q4 highest,16,2,16,10,6 to 10,9,4,7,5,5,2 Medium,2 Medium,4 Very High,2 Medium,1 Bad,Below average,3,No,0
297,30,26 to 35,Female,Single,Research & Development,Research Scientist,1,3 Bachelor,Technical Degree,Travel_Rarely,3,Yes,2657,Q1 lowest,11,0,8,5,3 to 5,2,0,4,5,5,1 Low,4 Very High,3 High,3 High,3 Better,Below average,3,Yes,1
298,41,36 to 45,Female,Single,Sales,Manager,3,3 Bachelor,Life Sciences,Travel_Rarely,6,Yes,13591,Q4 highest,18,0,16,1,Under 1 year,0,0,0,3,3,4 Very High,4 Very High,3 High,3 High,3 Better,Good,3,No,0
299,30,26 to 35,Female,Single,Sales,Sales Executive,2,4 Master,Marketing,Travel_Frequently,26,No,6696,Q3,15,0,9,6,6 to 10,3,0,1,5,5,1 Low,3 High,3 High,2 Medium,2 Good,Below average,3,Yes,1
300,29,26 to 35,Male,Single,Research & Development,Research Scientist,1,3 Bachelor,Technical Degree,Travel_Rarely,1,No,2058,Q1 lowest,14,0,7,6,6 to 10,2,1,5,0,1,3 High,3 High,4 Very High,3 High,2 Good,Good,3,Yes,1
302,45,36 to 45,Female,Single,Sales,Sales Executive,3,3 Bachelor,Medical,Non-Travel,6,No,8865,Q4 highest,12,0,23,19,Over 10,7,12,8,6,2,4 Very High,4 Very High,4 Very High,2 Medium,3 Better,High,3,No,0
303,54,46 to 60,Female,Married,Sales,Sales Executive,2,3 Bachelor,Marketing,Travel_Rarely,3,No,5940,Q3,14,1,16,6,6 to 10,2,0,5,2,4,1 Low,4 Very High,4 Very High,3 High,3 Better,Good,3,No,0
304,36,36 to 45,Male,Single,Research & Development,Laboratory Technician,2,2 College,Life Sciences,Travel_Rarely,5,No,5914,Q3,16,0,16,13,Over 10,11,3,7,8,3,2 Medium,4 Very High,4 Very High,3 High,4 Best,Good,3,No,0
305,33,26 to 35,Female,Married,Research & Development,Research Scientist,1,4 Master,Medical,Travel_Rarely,4,No,2622,Q1 lowest,21,0,7,3,3 to 5,2,1,1,6,3,2 Medium,3 High,4 Very High,2 Medium,3 Better,Good,4,No,0
306,37,36 to 45,Male,Divorced,Research & Development,Research Director,3,3 Bachelor,Other,Travel_Frequently,11,Yes,12185,Q4 highest,14,3,10,10,6 to 10,8,0,7,1,1,4 Very High,2 Medium,3 High,3 High,3 Better,Good,3,No,0
307,38,36 to 45,Male,Divorced,Sales,Sales Executive,3,3 Bachelor,Life Sciences,Travel_Rarely,3,No,10609,Q4 highest,12,2,17,16,Over 10,10,5,13,0,6,3 High,1 Low,3 High,3 High,2 Good,Below average,3,No,0
308,31,26 to 35,Male,Married,Research & Development,Manufacturing Director,2,4 Master,Medical,Non-Travel,1,No,4345,Q2,12,1,6,5,3 to 5,4,1,4,0,2,3 High,3 High,4 Very High,1 Low,3 Better,Good,3,No,0
309,59,46 to 60,Male,Married,Research & Development,Research Scientist,1,3 Bachelor,Life Sciences,Travel_Rarely,3,No,2177,Q1 lowest,17,1,7,1,Under 1 year,0,0,0,3,6,4 Very High,3 High,1 Low,2 Medium,3 Better,Below average,3,No,0
311,37,36 to 45,Male,Divorced,Sales,Sales Representative,1,4 Master,Marketing,Travel_Frequently,4,No,2793,Q1 lowest,17,1,13,9,6 to 10,8,5,8,4,2,4 Very High,1 Low,3 High,3 High,3 Better,Below average,3,No,0
312,29,26 to 35,Female,Married,Sales,Sales Executive,3,1 Below College,Medical,Travel_Frequently,1,No,7918,Q3,14,1,11,11,Over 10,10,4,1,1,5,4 Very High,2 Medium,4 Very High,3 High,3 Better,Good,3,No,0
314,35,26 to 35,Female,Single,Sales,Sales Executive,3,3 Bachelor,Marketing,Travel_Frequently,1,No,8789,Q4 highest,14,0,10,10,6 to 10,7,0,8,1,3,3 High,3 High,1 Low,3 High,4 Best,Below average,3,No,0
315,29,26 to 35,Male,Single,Research & Development,Research Scientist,1,1 Below College,Medical,Travel_Rarely,18,Yes,2389,Q1 lowest,13,0,4,4,3 to 5,3,0,1,1,3,4 Very High,3 High,3 High,2 Medium,2 Good,Good,3,Yes,1
316,52,46 to 60,Female,Single,Research & Development,Laboratory Technician,1,3 Bachelor,Life Sciences,Travel_Rarely,2,No,3212,Q2,15,0,6,2,1 to 2,2,2,2,7,3,4 Very High,3 High,2 Medium,2 Medium,2 Good,Below average,3,No,0
319,42,36 to 45,Male,Married,Research & Development,Manager,5,2 College,Technical Degree,Travel_Rarely,4,No,19232,Q4 highest,11,0,22,22,Over 10,17,11,15,1,3,4 Very High,3 High,4 Very High,3 High,3 Better,Good,3,No,0
321,59,46 to 60,Male,Married,Human Resources,Human Resources,1,2 College,Medical,Travel_Rarely,6,No,2267,Q1 lowest,17,0,7,2,1 to 2,2,2,2,8,2,3 High,2 Medium,4 Very High,3 High,2 Good,Below average,3,No,0
323,50,46 to 60,Female,Divorced,Sales,Manager,5,4 Master,Medical,Travel_Rarely,1,No,19517,Q4 highest,11,1,32,7,6 to 10,0,0,6,3,3,4 Very High,4 Very High,3 High,3 High,2 Good,Good,3,No,0
325,33,26 to 35,Male,Married,Research & Development,Laboratory Technician,1,3 Bachelor,Medical,Travel_Rarely,14,Yes,2436,Q1 lowest,13,1,8,5,3 to 5,4,0,4,5,2,4 Very High,3 High,3 High,3 High,1 Bad,Below average,3,Yes,1
327,43,36 to 45,Female,Married,Sales,Manager,4,3 Bachelor,Marketing,Travel_Rarely,16,Yes,16064,Q4 highest,22,1,22,17,Over 10,13,1,9,5,3,4 Very High,4 Very High,3 High,3 High,3 Better,Good,4,No,0
328,33,26 to 35,Female,Married,Research & Development,Laboratory Technician,1,2 College,Life Sciences,Travel_Rarely,2,No,2707,Q1 lowest,20,0,13,9,6 to 10,7,1,7,7,3,1 Low,1 Low,1 Low,3 High,4 Best,Low,4,Yes,1
329,52,46 to 60,Male,Single,Sales,Manager,5,4 Master,Life Sciences,Non-Travel,2,Yes,19068,Q4 highest,18,0,33,33,Over 10,7,15,12,1,2,3 High,1 Low,4 Very High,2 Medium,4 Best,Good,3,No,0
330,32,26 to 35,Female,Married,Sales,Sales Representative,1,2 College,Life Sciences,Travel_Rarely,4,No,3931,Q2,11,1,6,4,3 to 5,3,1,2,2,5,2 Medium,3 High,1 Low,3 High,3 Better,Below average,3,No,0
331,32,26 to 35,Male,Single,Research & Development,Laboratory Technician,1,3 Bachelor,Life Sciences,Travel_Rarely,1,Yes,3730,Q2,14,0,4,3,3 to 5,2,1,2,0,2,3 High,4 Very High,4 Very High,2 Medium,1 Bad,Good,3,Yes,1
332,39,36 to 45,Female,Divorced,Research & Development,Laboratory Technician,1,4 Master,Medical,Travel_Rarely,1,No,2232,Q1 lowest,14,3,7,3,3 to 5,2,1,2,7,1,3 High,3 High,3 High,3 High,3 Better,Good,3,No,0
333,32,26 to 35,Male,Married,Sales,Sales Executive,2,4 Master,Marketing,Non-Travel,26,No,4465,Q2,18,0,4,3,3 to 5,2,2,2,0,2,4 Very High,3 High,1 Low,3 High,3 Better,Below average,3,No,0
334,41,36 to 45,Male,Divorced,Research & Development,Research Scientist,2,2 College,Life Sciences,Travel_Rarely,19,No,3072,Q2,16,2,17,1,Under 1 year,0,0,0,2,2,1 Low,3 High,1 Low,3 High,2 Good,Low,3,No,0
335,40,36 to 45,Male,Divorced,Research & Development,Research Scientist,2,2 College,Technical Degree,Travel_Rarely,24,No,3319,Q2,17,2,9,9,6 to 10,8,4,7,1,3,4 Very High,1 Low,1 Low,3 High,3 Better,Below average,3,No,0
336,45,36 to 45,Male,Married,Research & Development,Manager,5,3 Bachelor,Other,Travel_Rarely,1,No,19202,Q4 highest,11,1,25,24,Over 10,0,1,7,0,2,4 Very High,3 High,3 High,4 Very High,3 Better,Good,3,No,0
337,31,26 to 35,Male,Divorced,Research & Development,Research Director,3,4 Master,Medical,Travel_Frequently,3,No,13675,Q4 highest,12,1,9,2,1 to 2,2,2,2,9,3,3 High,2 Medium,1 Low,3 High,3 Better,Below average,3,No,0
338,33,26 to 35,Female,Married,Research & Development,Research Scientist,1,4 Master,Life Sciences,Travel_Rarely,5,No,2911,Q1 lowest,13,1,2,2,1 to 2,2,0,2,1,2,4 Very High,3 High,3 High,2 Medium,2 Good,Good,3,No,0
339,34,26 to 35,Male,Married,Research & Development,Manufacturing Director,2,4 Master,Life Sciences,Travel_Rarely,2,No,5957,Q3,13,1,13,11,Over 10,9,5,9,6,3,1 Low,4 Very High,2 Medium,2 Medium,3 Better,Below average,3,No,0
340,37,36 to 45,Female,Married,Research & Development,Research Scientist,1,2 College,Medical,Travel_Rarely,1,No,3920,Q2,14,1,17,3,3 to 5,1,0,2,2,2,1 Low,3 High,1 Low,2 Medium,2 Good,Low,3,No,0
341,45,36 to 45,Male,Married,Research & Development,Manufacturing Director,2,4 Master,Life Sciences,Travel_Frequently,7,No,6434,Q3,17,1,9,3,3 to 5,2,0,2,4,1,3 High,1 Low,4 Very High,4 Very High,3 Better,Below average,3,No,0
342,37,36 to 45,Male,Divorced,Research & Development,Manufacturing Director,3,3 Bachelor,Medical,Travel_Frequently,10,No,10048,Q4 highest,11,2,17,1,Under 1 year,0,0,0,6,5,3 High,1 Low,2 Medium,3 High,3 Better,Below average,3,Yes,1
343,39,36 to 45,Female,Single,Research & Development,Healthcare Representative,3,4 Master,Technical Degree,Travel_Frequently,2,No,10938,Q4 highest,25,0,20,19,Over 10,6,11,8,0,1,3 High,3 High,4 Very High,3 High,3 Better,Good,4,No,0
346,29,26 to 35,Male,Single,Research & Development,Research Scientist,1,3 Bachelor,Life Sciences,Travel_Rarely,15,No,2340,Q1 lowest,19,0,6,6,6 to 10,5,1,5,1,1,4 Very High,3 High,1 Low,3 High,3 Better,Below average,3,No,0
347,42,36 to 45,Female,Single,Research & Development,Research Scientist,2,2 College,Life Sciences,Travel_Rarely,17,Yes,6545,Q3,13,0,10,3,3 to 5,2,0,2,3,1,1 Low,4 Very High,3 High,4 Very High,3 Better,Below average,3,No,0
349,29,26 to 35,Male,Divorced,Sales,Sales Executive,2,2 College,Marketing,Travel_Rarely,20,No,6931,Q3,14,1,10,3,3 to 5,2,0,2,2,2,4 Very High,4 Very High,4 Very High,3 High,3 Better,High,3,No,0
350,25,18 to 25,Female,Married,Research & Development,Manufacturing Director,2,3 Bachelor,Life Sciences,Travel_Rarely,1,No,4898,Q2,12,2,5,4,3 to 5,2,1,2,0,3,3 High,1 Low,4 Very High,3 High,3 Better,Below average,3,No,0
351,42,36 to 45,Female,Divorced,Research & Development,Laboratory Technician,1,3 Bachelor,Medical,Travel_Rarely,2,Yes,2593,Q1 lowest,11,1,10,9,6 to 10,6,7,8,0,4,1 Low,4 Very High,3 High,2 Medium,3 Better,Below average,3,No,0
352,40,36 to 45,Male,Divorced,Research & Development,Research Director,5,2 College,Medical,Travel_Rarely,2,No,19436,Q4 highest,19,1,22,21,Over 10,7,3,9,0,5,3 High,1 Low,4 Very High,3 High,3 Better,Below average,3,No,0
353,51,46 to 60,Male,Married,Research & Development,Research Scientist,1,3 Bachelor,Life Sciences,Travel_Rarely,1,No,2723,Q1 lowest,11,0,1,1,Under 1 year,0,0,0,1,0,4 Very High,3 High,2 Medium,3 High,2 Good,Below average,3,No,0
355,31,26 to 35,Male,Single,Research & Development,Laboratory Technician,1,2 College,Medical,Travel_Frequently,29,No,3479,Q2,11,0,6,5,3 to 5,4,1,4,0,2,2 Medium,3 High,2 Medium,2 Medium,4 Best,Below average,3,Yes,1
359,32,26 to 35,Male,Married,Research & Development,Laboratory Technician,1,3 Bachelor,Life Sciences,Travel_Frequently,7,No,2794,Q1 lowest,20,0,5,5,3 to 5,1,0,3,1,3,2 Medium,2 Medium,3 High,4 Very High,1 Bad,Low,4,No,0
361,38,36 to 45,Male,Married,Sales,Sales Executive,2,2 College,Life Sciences,Non-Travel,2,No,5249,Q3,18,1,13,8,6 to 10,7,7,5,3,0,4 Very High,4 Very High,4 Very High,2 Medium,3 Better,High,3,No,0
362,32,26 to 35,Male,Single,Research & Development,Laboratory Technician,2,1 Below College,Technical Degree,Travel_Rarely,2,No,2176,Q1 lowest,13,0,9,6,6 to 10,2,0,4,4,5,1 Low,4 Very High,4 Very High,2 Medium,3 Better,Good,3,No,0
363,46,46 to 60,Female,Married,Sales,Manager,4,3 Bachelor,Technical Degree,Travel_Rarely,2,Yes,16872,Q4 highest,12,1,28,7,6 to 10,7,7,7,3,2,2 Medium,3 High,2 Medium,1 Low,2 Good,Below average,3,No,0
364,28,26 to 35,Male,Single,Research & Development,Laboratory Technician,1,4 Master,Life Sciences,Travel_Rarely,2,No,3485,Q2,11,0,5,0,Under 1 year,0,0,0,2,5,3 High,1 Low,3 High,3 High,1 Bad,Low,3,Yes,1
366,29,26 to 35,Male,Married,Sales,Sales Executive,2,3 Bachelor,Medical,Travel_Rarely,2,No,6644,Q3,19,2,10,0,Under 1 year,0,0,0,2,2,2 Medium,1 Low,2 Medium,2 Medium,3 Better,Low,3,No,0
367,31,26 to 35,Male,Married,Research & Development,Healthcare Representative,2,3 Bachelor,Medical,Travel_Rarely,23,No,5582,Q3,21,1,10,9,6 to 10,0,7,8,0,2,4 Very High,2 Medium,2 Medium,2 Medium,3 Better,Below average,4,No,0
369,25,18 to 25,Male,Divorced,Research & Development,Healthcare Representative,2,2 College,Life Sciences,Non-Travel,5,No,4000,Q2,12,2,6,6,6 to 10,3,1,5,1,2,1 Low,2 Medium,4 Very High,4 Very High,3 Better,Below average,3,No,0
372,45,36 to 45,Male,Married,Research & Development,Healthcare Representative,4,2 College,Medical,Travel_Rarely,20,Yes,13496,Q4 highest,14,0,21,20,Over 10,7,4,10,0,2,4 Very High,3 High,2 Medium,3 High,3 Better,Good,3,No,0
373,36,36 to 45,Male,Married,Research & Development,Laboratory Technician,1,3 Bachelor,Life Sciences,Travel_Rarely,6,No,3210,Q2,11,1,16,15,Over 10,13,10,11,0,4,4 Very High,4 Very High,3 High,3 High,3 Better,Good,3,No,0
374,55,46 to 60,Male,Single,Research & Development,Manager,5,3 Bachelor,Medical,Travel_Rarely,1,Yes,19045,Q4 highest,14,0,37,36,Over 10,10,4,13,0,2,1 Low,4 Very High,3 High,3 High,3 Better,Below average,3,No,0
376,47,46 to 60,Male,Married,Research & Development,Manager,3,4 Master,Life Sciences,Non-Travel,29,Yes,11849,Q4 highest,12,1,10,10,6 to 10,7,9,9,1,2,2 Medium,1 Low,4 Very High,3 High,2 Good,Below average,3,Yes,1
377,28,26 to 35,Male,Married,Research & Development,Research Scientist,1,3 Bachelor,Medical,Travel_Rarely,9,No,2070,Q1 lowest,23,1,5,5,3 to 5,2,0,4,1,3,4 Very High,4 Very High,4 Very High,3 High,2 Good,Good,4,No,0
378,37,36 to 45,Male,Married,Sales,Sales Executive,2,4 Master,Medical,Travel_Rarely,6,No,6502,Q3,14,1,7,5,3 to 5,4,0,1,4,5,4 Very High,3 High,2 Medium,3 High,4 Best,Good,3,No,0
379,21,18 to 25,Male,Single,Research & Development,Research Scientist,1,2 College,Medical,Travel_Rarely,3,No,3230,Q2,17,0,3,3,3 to 5,2,1,0,1,4,3 High,4 Very High,1 Low,2 Medium,4 Best,Good,3,No,0
380,37,36 to 45,Female,Divorced,Research & Development,Research Director,3,4 Master,Medical,Non-Travel,1,Yes,13603,Q4 highest,18,2,15,5,3 to 5,2,0,2,2,2,4 Very High,1 Low,1 Low,3 High,3 Better,Below average,3,No,0
381,35,26 to 35,Female,Divorced,Research & Development,Manager,3,3 Bachelor,Life Sciences,Travel_Rarely,22,No,11996,Q4 highest,18,1,10,7,6 to 10,7,6,2,7,6,2 Medium,2 Medium,2 Medium,4 Very High,2 Good,Low,3,No,0
382,38,36 to 45,Female,Divorced,Sales,Sales Executive,2,2 College,Medical,Travel_Rarely,7,Yes,5605,Q3,24,1,8,8,6 to 10,0,7,7,1,3,1 Low,1 Low,3 High,4 Very High,3 Better,Low,4,No,0
384,26,26 to 35,Female,Divorced,Research & Development,Manufacturing Director,2,3 Bachelor,Life Sciences,Travel_Frequently,1,No,6397,Q3,20,1,6,6,6 to 10,5,1,4,1,6,2 Medium,3 High,1 Low,3 High,1 Bad,Low,4,No,0
385,50,46 to 60,Male,Divorced,Research & Development,Research Director,5,1 Below College,Life Sciences,Travel_Rarely,4,No,19144,Q4 highest,14,2,28,10,6 to 10,4,1,6,3,4,2 Medium,1 Low,1 Low,3 High,2 Good,Low,3,No,0
386,53,46 to 60,Male,Married,Research & Development,Research Director,4,4 Master,Medical,Travel_Rarely,3,Yes,17584,Q4 highest,16,3,21,5,3 to 5,3,1,3,3,5,3 High,3 High,4 Very High,3 High,2 Good,Good,3,No,0
387,42,36 to 45,Male,Married,Sales,Sales Executive,2,1 Below College,Life Sciences,Travel_Rarely,1,No,4907,Q2,25,0,20,20,Over 10,16,11,6,1,3,3 High,2 Medium,3 High,3 High,3 Better,Below average,4,No,0
388,29,26 to 35,Male,Single,Sales,Sales Executive,2,2 College,Life Sciences,Travel_Frequently,2,No,4554,Q2,18,0,10,10,6 to 10,7,0,9,1,3,4 Very High,2 Medium,1 Low,3 High,2 Good,Below average,3,No,0
389,55,46 to 60,Male,Married,Research & Development,Laboratory Technician,2,2 College,Technical Degree,Travel_Rarely,20,Yes,5415,Q3,19,1,12,10,6 to 10,7,0,8,3,4,4 Very High,2 Medium,4 Very High,3 High,3 Better,Good,3,No,0
390,26,26 to 35,Male,Married,Research & Development,Healthcare Representative,2,2 College,Medical,Travel_Frequently,11,Yes,4741,Q2,13,1,5,5,3 to 5,3,3,3,1,3,1 Low,1 Low,3 High,3 High,3 Better,Low,3,No,0
391,37,36 to 45,Female,Single,Research & Development,Research Scientist,1,3 Bachelor,Life Sciences,Travel_Rarely,1,No,2115,Q1 lowest,12,0,17,17,Over 10,12,5,7,1,3,4 Very High,4 Very High,2 Medium,3 High,3 Better,Good,3,No,0
392,44,36 to 45,Male,Divorced,Research & Development,Laboratory Technician,1,3 Bachelor,Life Sciences,Travel_Frequently,24,Yes,3161,Q2,22,1,19,1,Under 1 year,0,0,0,3,0,3 High,4 Very High,4 Very High,3 High,1 Bad,Good,4,Yes,1
393,38,36 to 45,Male,Divorced,Research & Development,Healthcare Representative,2,4 Master,Life Sciences,Travel_Rarely,23,No,5745,Q3,14,1,10,2,1 to 2,2,1,2,9,2,4 Very High,4 Very High,2 Medium,3 High,3 Better,Good,3,No,0
394,26,26 to 35,Male,Divorced,Research & Development,Laboratory Technician,1,4 Master,Medical,Travel_Rarely,16,Yes,2373,Q1 lowest,13,1,5,3,3 to 5,2,0,2,2,2,2 Medium,1 Low,4 Very High,3 High,3 Better,Below average,3,Yes,1
395,28,26 to 35,Female,Single,Research & Development,Research Scientist,1,2 College,Life Sciences,Travel_Rarely,8,No,3310,Q2,21,0,5,5,3 to 5,3,0,2,1,3,4 Very High,4 Very High,4 Very High,3 High,3 Better,High,4,No,0
396,49,46 to 60,Female,Single,Research & Development,Research Director,5,4 Master,Life Sciences,Travel_Frequently,10,Yes,18665,Q4 highest,11,0,22,3,3 to 5,2,1,2,9,4,1 Low,3 High,4 Very High,3 High,3 Better,Below average,3,No,0
397,36,36 to 45,Male,Single,Research & Development,Research Scientist,2,3 Bachelor,Technical Degree,Travel_Rarely,3,No,4485,Q2,12,0,10,8,6 to 10,0,7,7,4,2,2 Medium,3 High,4 Very High,3 High,3 Better,Good,3,No,0
399,31,26 to 35,Female,Divorced,Sales,Sales Representative,1,3 Bachelor,Marketing,Travel_Frequently,5,No,2789,Q1 lowest,11,1,2,2,1 to 2,2,2,2,1,5,2 Medium,4 Very High,3 High,3 High,2 Good,Below average,3,No,0
401,26,26 to 35,Male,Single,Sales,Sales Executive,2,4 Master,Marketing,Travel_Rarely,4,Yes,5828,Q3,12,0,8,8,6 to 10,7,7,4,1,0,4 Very High,4 Very High,2 Medium,2 Medium,3 Better,Good,3,Yes,1
403,37,36 to 45,Male,Married,Research & Development,Research Scientist,1,3 Bachelor,Medical,Travel_Frequently,9,Yes,2326,Q1 lowest,12,3,4,4,3 to 5,2,1,2,1,3,4 Very High,2 Medium,3 High,3 High,2 Good,Below average,3,No,0
404,42,36 to 45,Female,Married,Sales,Sales Executive,4,3 Bachelor,Marketing,Travel_Frequently,26,No,13525,Q4 highest,14,1,23,20,Over 10,4,4,8,5,2,2 Medium,3 High,4 Very High,3 High,4 Best,Good,3,No,0
405,18,18 to 25,Male,Single,Research & Development,Laboratory Technician,1,3 Bachelor,Life Sciences,Travel_Rarely,3,No,1420,Q1 lowest,13,0,0,0,Under 1 year,0,0,0,1,2,3 High,3 High,3 High,3 High,3 Better,Good,3,Yes,1
406,35,26 to 35,Male,Married,Sales,Sales Executive,3,3 Bachelor,Marketing,Travel_Rarely,16,No,8020,Q3,15,2,12,11,Over 10,9,6,9,0,3,2 Medium,3 High,3 High,3 High,2 Good,Below average,3,No,0
407,36,36 to 45,Male,Married,Research & Development,Laboratory Technician,1,4 Master,Life Sciences,Travel_Frequently,18,No,3688,Q2,18,2,4,1,Under 1 year,0,0,0,4,2,4 Very High,3 High,4 Very High,4 Very High,3 Better,Good,3,No,0
408,51,46 to 60,Male,Divorced,Research & Development,Manufacturing Director,2,3 Bachelor,Medical,Travel_Rarely,2,No,5482,Q3,18,1,13,4,3 to 5,1,1,2,5,3,2 Medium,4 Very High,4 Very High,1 Low,3 Better,Good,3,No,0
410,41,36 to 45,Male,Single,Sales,Manager,4,4 Master,Life Sciences,Travel_Rarely,2,No,16015,Q4 highest,19,0,22,22,Over 10,10,0,4,1,2,2 Medium,4 Very High,2 Medium,3 High,3 Better,Below average,3,No,0
411,18,18 to 25,Female,Single,Sales,Sales Representative,1,3 Bachelor,Medical,Travel_Rarely,10,No,1200,Q1 lowest,12,0,0,0,Under 1 year,0,0,0,1,2,3 High,4 Very High,1 Low,2 Medium,3 Better,Below average,3,No,0
412,28,26 to 35,Male,Single,Research & Development,Healthcare Representative,2,2 College,Medical,Travel_Rarely,16,No,5661,Q3,19,0,9,8,6 to 10,3,0,7,0,2,1 Low,2 Medium,3 High,4 Very High,3 Better,Below average,3,No,0
416,31,26 to 35,Male,Married,Sales,Sales Executive,2,3 Bachelor,Technical Degree,Travel_Rarely,7,No,6929,Q3,11,1,10,8,6 to 10,7,7,7,4,3,4 Very High,2 Medium,2 Medium,4 Very High,2 Good,Below average,3,No,0
417,39,36 to 45,Male,Divorced,Research & Development,Healthcare Representative,3,3 Bachelor,Medical,Travel_Rarely,1,No,9613,Q4 highest,17,3,19,18,Over 10,10,3,7,0,5,4 Very High,3 High,1 Low,4 Very High,2 Good,Below average,3,No,0
419,36,36 to 45,Female,Married,Research & Development,Laboratory Technician,2,4 Master,Life Sciences,Non-Travel,24,No,5674,Q3,15,1,11,9,6 to 10,8,0,8,7,3,2 Medium,2 Medium,3 High,3 High,3 Better,Below average,3,No,0
420,32,26 to 35,Male,Married,Sales,Sales Executive,2,3 Bachelor,Life Sciences,Travel_Rarely,7,No,5484,Q3,14,1,13,13,Over 10,8,4,8,1,3,3 High,4 Very High,3 High,2 Medium,2 Good,Good,3,No,0
421,38,36 to 45,Female,Married,Research & Development,Research Director,3,2 College,Life Sciences,Travel_Rarely,25,No,12061,Q4 highest,17,1,19,10,6 to 10,8,0,1,3,2,2 Medium,1 Low,3 High,2 Medium,3 Better,Below average,3,No,0
422,58,46 to 60,Male,Divorced,Research & Development,Healthcare Representative,2,4 Master,Life Sciences,Non-Travel,1,Yes,5660,Q3,13,1,12,5,3 to 5,3,1,2,2,2,3 High,4 Very High,4 Very High,1 Low,3 Better,Good,3,No,0
423,31,26 to 35,Male,Married,Research & Development,Research Scientist,1,4 Master,Technical Degree,Travel_Rarely,5,Yes,4821,Q2,12,1,6,5,3 to 5,2,0,3,0,4,4 Very High,3 High,3 High,3 High,3 Better,Good,3,No,0
424,31,26 to 35,Male,Married,Human Resources,Human Resources,2,3 Bachelor,Human Resources,Travel_Rarely,2,No,6410,Q3,12,0,9,2,1 to 2,2,1,0,3,1,1 Low,1 Low,4 Very High,2 Medium,3 Better,Below average,3,No,0
425,45,36 to 45,Male,Divorced,Research & Development,Laboratory Technician,3,3 Bachelor,Life Sciences,Travel_Frequently,7,No,5210,Q3,18,1,24,24,Over 10,9,9,11,1,2,1 Low,1 Low,1 Low,3 High,3 Better,Low,3,No,0
426,31,26 to 35,Male,Divorced,Research & Development,Research Scientist,1,4 Master,Life Sciences,Travel_Rarely,2,Yes,2695,Q1 lowest,18,1,3,2,1 to 2,2,2,2,0,2,4 Very High,3 High,2 Medium,3 High,1 Bad,Below average,3,No,0
428,33,26 to 35,Female,Married,Research & Development,Manager,3,4 Master,Life Sciences,Travel_Frequently,5,No,11878,Q4 highest,11,2,12,10,6 to 10,6,8,8,6,2,2 Medium,4 Very High,2 Medium,3 High,3 Better,Below average,3,No,0
429,39,36 to 45,Male,Married,Research & Development,Manager,4,1 Below College,Medical,Travel_Rarely,10,Yes,17068,Q4 highest,14,0,21,21,Over 10,9,11,10,1,3,1 Low,3 High,4 Very High,3 High,3 Better,Below average,3,No,0
430,43,36 to 45,Female,Single,Research & Development,Laboratory Technician,1,4 Master,Life Sciences,Travel_Frequently,10,No,2455,Q1 lowest,19,0,9,8,6 to 10,7,1,7,0,5,4 Very High,3 High,1 Low,3 High,3 Better,Below average,3,No,0
431,49,46 to 60,Female,Single,Research & Development,Healthcare Representative,4,2 College,Technical Degree,Travel_Rarely,1,Yes,13964,Q4 highest,12,0,25,7,6 to 10,1,0,7,7,2,3 High,3 High,4 Very High,2 Medium,3 Better,Good,3,No,0
433,52,46 to 60,Male,Married,Research & Development,Research Scientist,2,4 Master,Medical,Travel_Rarely,8,No,4941,Q3,15,0,11,8,6 to 10,2,7,7,2,3,2 Medium,3 High,1 Low,2 Medium,2 Good,Low,3,Yes,1
434,27,26 to 35,Female,Single,Research & Development,Research Scientist,1,3 Bachelor,Life Sciences,Travel_Rarely,5,Yes,2478,Q1 lowest,12,0,4,4,3 to 5,3,1,2,1,2,2 Medium,3 High,2 Medium,3 High,2 Good,Below average,3,No,0
436,32,26 to 35,Female,Married,Sales,Sales Executive,2,2 College,Technical Degree,Travel_Rarely,8,Yes,5228,Q3,11,0,13,13,Over 10,12,11,9,1,2,2 Medium,3 High,4 Very High,2 Medium,3 Better,Good,3,No,0
437,27,26 to 35,Male,Single,Sales,Sales Executive,2,3 Bachelor,Life Sciences,Travel_Rarely,2,Yes,4478,Q2,11,0,5,5,3 to 5,4,0,4,1,3,3 High,4 Very High,1 Low,3 High,3 Better,Below average,3,No,0
438,31,26 to 35,Male,Divorced,Sales,Sales Executive,2,3 Bachelor,Marketing,Travel_Rarely,7,No,7547,Q3,12,3,13,7,6 to 10,7,1,7,4,3,4 Very High,4 Very High,4 Very High,3 High,3 Better,High,3,No,0
439,32,26 to 35,Female,Single,Research & Development,Research Scientist,2,4 Master,Medical,Travel_Rarely,2,No,5055,Q3,16,0,10,7,6 to 10,7,0,7,7,0,4 Very High,1 Low,3 High,4 Very High,2 Good,Below average,3,No,0
440,28,26 to 35,Male,Married,Research & Development,Research Scientist,1,4 Master,Medical,Travel_Rarely,2,Yes,3464,Q2,13,0,5,3,3 to 5,2,2,2,5,4,4 Very High,1 Low,4 Very High,1 Low,2 Good,Below average,3,Yes,1
441,30,26 to 35,Female,Married,Research & Development,Research Scientist,2,2 College,Medical,Travel_Rarely,28,No,5775,Q3,13,2,11,10,6 to 10,8,1,9,1,2,4 Very High,4 Very High,4 Very High,3 High,3 Better,High,3,No,0
442,31,26 to 35,Female,Married,Research & Development,Manufacturing Director,3,2 College,Life Sciences,Travel_Frequently,7,No,8943,Q4 highest,24,1,10,10,6 to 10,9,8,9,1,2,3 High,3 High,1 Low,2 Medium,3 Better,Below average,4,No,0
444,39,36 to 45,Male,Married,Research & Development,Manager,5,2 College,Medical,Travel_Frequently,7,No,19272,Q4 highest,15,1,21,21,Over 10,9,13,3,1,2,4 Very High,3 High,1 Low,2 Medium,3 Better,Below average,3,No,0
445,39,36 to 45,Female,Married,Sales,Sales Executive,2,2 College,Medical,Travel_Rarely,3,Yes,5238,Q3,18,0,12,1,Under 1 year,0,0,0,4,3,3 High,4 Very High,1 Low,3 High,2 Good,Below average,3,Yes,1
446,33,26 to 35,Male,Single,Sales,Sales Executive,2,3 Bachelor,Marketing,Travel_Frequently,10,No,4682,Q2,14,0,9,7,6 to 10,7,0,1,3,6,4 Very High,2 Medium,3 High,2 Medium,2 Good,Below average,3,No,0
447,47,46 to 60,Male,Married,Research & Development,Research Director,5,5 Doctor,Life Sciences,Travel_Rarely,5,No,18300,Q4 highest,11,1,21,3,3 to 5,2,1,1,4,2,3 High,4 Very High,2 Medium,3 High,3 Better,Good,3,No,0
448,43,36 to 45,Female,Divorced,Research & Development,Laboratory Technician,2,4 Master,Life Sciences,Travel_Frequently,10,No,5257,Q3,11,1,9,9,6 to 10,7,0,0,1,3,3 High,3 High,2 Medium,2 Medium,4 Best,Good,3,No,0
449,27,26 to 35,Male,Married,Sales,Sales Executive,2,1 Below College,Marketing,Non-Travel,1,Yes,6349,Q3,13,1,6,5,3 to 5,4,1,4,0,0,2 Medium,3 High,4 Very High,3 High,3 Better,Good,3,No,0
450,54,46 to 60,Female,Single,Research & Development,Research Scientist,2,4 Master,Life Sciences,Travel_Frequently,20,No,4869,Q2,12,0,20,4,3 to 5,3,0,3,3,4,3 High,4 Very High,4 Very High,3 High,2 Good,Good,3,No,0
451,43,36 to 45,Female,Married,Research & Development,Healthcare Representative,3,3 Bachelor,Life Sciences,Travel_Rarely,7,No,9985,Q4 highest,16,1,10,1,Under 1 year,0,0,0,8,1,1 Low,3 High,1 Low,3 High,2 Good,Low,3,No,0
452,45,36 to 45,Male,Married,Research & Development,Research Scientist,2,4 Master,Other,Travel_Rarely,8,No,3697,Q2,14,2,12,10,6 to 10,9,9,8,9,3,4 Very High,4 Very High,1 Low,3 High,3 Better,Good,3,No,0
453,40,36 to 45,Male,Married,Sales,Sales Executive,2,2 College,Medical,Travel_Rarely,1,Yes,7457,Q3,22,3,6,4,3 to 5,3,0,2,2,2,4 Very High,2 Medium,3 High,1 Low,2 Good,Below average,4,No,0
454,29,26 to 35,Male,Married,Research & Development,Laboratory Technician,1,4 Master,Other,Travel_Rarely,8,Yes,2119,Q1 lowest,11,0,7,7,6 to 10,7,0,7,1,4,1 Low,2 Medium,4 Very High,1 Low,2 Good,Below average,3,Yes,1
455,29,26 to 35,Male,Single,Research & Development,Laboratory Technician,1,5 Doctor,Other,Travel_Rarely,9,No,3983,Q2,17,0,4,3,3 to 5,2,2,2,0,2,4 Very High,2 Medium,3 High,2 Medium,3 Better,Good,3,No,0
456,30,26 to 35,Female,Divorced,Sales,Sales Executive,2,3 Bachelor,Marketing,Travel_Rarely,5,No,6118,Q3,13,3,10,10,6 to 10,9,1,2,1,2,3 High,4 Very High,3 High,2 Medium,3 Better,Good,3,No,0
458,27,26 to 35,Female,Married,Sales,Sales Executive,2,4 Master,Marketing,Travel_Rarely,8,No,6214,Q3,18,1,8,8,6 to 10,7,0,7,1,3,2 Medium,2 Medium,1 Low,3 High,3 Better,Low,3,No,0
460,37,36 to 45,Male,Divorced,Research & Development,Manufacturing Director,2,2 College,Medical,Travel_Rarely,5,No,6347,Q3,16,2,8,6,6 to 10,2,0,4,7,2,4 Very High,4 Very High,3 High,3 High,2 Good,Good,3,No,0
461,38,36 to 45,Male,Divorced,Research & Development,Research Director,3,2 College,Life Sciences,Travel_Rarely,15,Yes,11510,Q4 highest,14,1,12,11,Over 10,10,2,9,0,3,4 Very High,3 High,2 Medium,2 Medium,3 Better,Good,3,No,0
462,31,26 to 35,Female,Single,Research & Development,Manufacturing Director,3,4 Master,Medical,Travel_Rarely,7,Yes,7143,Q3,14,0,11,11,Over 10,9,4,10,1,2,4 Very High,3 High,3 High,3 High,2 Good,Good,3,No,0
463,29,26 to 35,Female,Divorced,Sales,Sales Executive,2,1 Below College,Marketing,Travel_Rarely,10,Yes,8268,Q3,14,2,7,7,6 to 10,7,1,7,1,2,2 Medium,4 Very High,1 Low,2 Medium,3 Better,Below average,3,No,0
464,35,26 to 35,Male,Single,Research & Development,Manufacturing Director,3,4 Master,Technical Degree,Travel_Rarely,5,No,8095,Q3,13,0,17,16,Over 10,6,0,13,0,5,2 Medium,3 High,4 Very High,3 High,3 Better,Good,3,No,0
465,23,18 to 25,Male,Divorced,Research & Development,Research Scientist,1,1 Below College,Life Sciences,Travel_Rarely,26,No,2904,Q1 lowest,12,2,4,4,3 to 5,2,0,2,1,2,4 Very High,3 High,3 High,3 High,2 Good,Good,3,No,0
466,41,36 to 45,Male,Single,Research & Development,Manufacturing Director,2,3 Bachelor,Medical,Travel_Rarely,6,Yes,6032,Q3,15,0,8,5,3 to 5,4,1,2,6,3,2 Medium,4 Very High,4 Very High,2 Medium,3 Better,Good,3,No,0
467,47,46 to 60,Male,Single,Sales,Sales Representative,2,1 Below College,Medical,Travel_Frequently,4,No,2976,Q2,19,0,5,0,Under 1 year,0,0,0,3,3,3 High,2 Medium,1 Low,3 High,3 Better,Below average,3,No,0
468,42,36 to 45,Female,Single,Research & Development,Research Director,4,5 Doctor,Life Sciences,Travel_Rarely,23,No,15992,Q4 highest,14,0,16,1,Under 1 year,0,0,0,2,2,4 Very High,1 Low,2 Medium,3 High,3 Better,Below average,3,No,0
469,29,26 to 35,Male,Married,Sales,Sales Executive,2,3 Bachelor,Life Sciences,Non-Travel,2,No,4649,Q2,14,1,4,4,3 to 5,3,0,2,1,3,3 High,4 Very High,1 Low,3 High,2 Good,Below average,3,No,0
470,42,36 to 45,Male,Divorced,Human Resources,Human Resources,1,1 Below College,Technical Degree,Travel_Rarely,2,Yes,2696,Q1 lowest,11,1,4,3,3 to 5,2,1,0,0,5,3 High,3 High,3 High,3 High,3 Better,Good,3,No,0
471,32,26 to 35,Female,Married,Research & Development,Laboratory Technician,1,3 Bachelor,Medical,Travel_Rarely,2,No,2370,Q1 lowest,13,1,8,8,6 to 10,0,0,7,1,4,2 Medium,3 High,3 High,3 High,3 Better,Below average,3,No,0
473,48,46 to 60,Female,Married,Sales,Manager,3,1 Below College,Medical,Travel_Rarely,29,No,12504,Q4 highest,21,1,15,0,Under 1 year,0,0,0,3,3,3 High,1 Low,2 Medium,3 High,1 Bad,Low,4,No,0
474,37,36 to 45,Male,Divorced,Research & Development,Research Scientist,2,3 Bachelor,Medical,Travel_Rarely,6,Yes,5974,Q3,13,2,13,7,6 to 10,7,6,7,4,2,1 Low,3 High,1 Low,4 Very High,3 Better,Low,3,No,0
475,30,26 to 35,Female,Married,Sales,Sales Executive,2,2 College,Technical Degree,Non-Travel,25,Yes,4736,Q2,12,1,4,2,1 to 2,2,2,2,7,2,3 High,4 Very High,2 Medium,3 High,4 Best,Good,3,No,0
476,26,26 to 35,Male,Married,Sales,Sales Executive,2,3 Bachelor,Life Sciences,Travel_Rarely,1,No,5296,Q3,17,1,8,8,6 to 10,7,7,7,1,3,3 High,3 High,2 Medium,3 High,3 Better,Below average,3,No,0
477,42,36 to 45,Male,Single,Research & Development,Healthcare Representative,2,4 Master,Other,Travel_Rarely,2,No,6781,Q3,23,0,14,1,Under 1 year,0,0,0,3,6,4 Very High,1 Low,2 Medium,2 Medium,3 Better,Below average,4,No,0
478,21,18 to 25,Female,Single,Sales,Sales Representative,1,1 Below College,Technical Degree,Travel_Frequently,1,Yes,2174,Q1 lowest,11,0,3,3,3 to 5,2,1,2,1,3,2 Medium,1 Low,3 High,2 Medium,3 Better,Below average,3,Yes,1
479,36,36 to 45,Female,Single,Sales,Sales Executive,2,5 Doctor,Medical,Non-Travel,1,No,6653,Q3,15,0,7,1,Under 1 year,0,0,0,4,6,4 Very High,4 Very High,2 Medium,3 High,3 Better,Good,3,No,0
481,36,36 to 45,Male,Married,Sales,Sales Executive,3,4 Master,Medical,Travel_Frequently,3,No,9699,Q4 highest,11,1,16,13,Over 10,9,1,12,4,2,4 Very High,1 Low,1 Low,2 Medium,3 Better,Below average,3,No,0
482,57,46 to 60,Male,Married,Research & Development,Healthcare Representative,2,4 Master,Medical,Travel_Rarely,1,No,6755,Q3,11,0,15,3,3 to 5,2,1,2,2,2,3 High,4 Very High,3 High,3 High,3 Better,Good,3,No,0
483,40,36 to 45,Female,Married,Research & Development,Laboratory Technician,1,4 Master,Life Sciences,Travel_Rarely,10,Yes,2213,Q1 lowest,13,1,10,7,6 to 10,7,1,7,3,3,3 High,4 Very High,3 High,4 Very High,3 Better,Good,3,No,0
484,21,18 to 25,Male,Single,Sales,Sales Representative,1,2 College,Medical,Non-Travel,9,No,2610,Q1 lowest,24,0,3,3,3 to 5,2,2,2,1,3,4 Very High,1 Low,3 High,3 High,2 Good,Below average,4,No,0
485,33,26 to 35,Female,Single,Sales,Sales Representative,1,3 Bachelor,Marketing,Travel_Rarely,5,Yes,2851,Q1 lowest,13,0,1,1,Under 1 year,0,0,0,1,2,3 High,4 Very High,2 Medium,3 High,3 Better,Good,3,Yes,1
486,37,36 to 45,Female,Married,Research & Development,Laboratory Technician,1,3 Bachelor,Medical,Travel_Rarely,10,No,3452,Q2,20,1,17,5,3 to 5,4,0,3,6,3,1 Low,3 High,2 Medium,3 High,3 Better,Below average,4,No,0
487,46,46 to 60,Female,Married,Research & Development,Manufacturing Director,2,4 Master,Medical,Non-Travel,7,No,5258,Q3,14,0,7,1,Under 1 year,0,0,0,2,2,3 High,3 High,3 High,3 High,4 Best,Good,3,No,0
488,41,36 to 45,Male,Single,Sales,Sales Executive,2,3 Bachelor,Marketing,Travel_Frequently,4,No,9355,Q4 highest,18,0,8,8,6 to 10,7,7,7,1,5,2 Medium,1 Low,3 High,3 High,3 Better,Below average,3,Yes,1
491,50,46 to 60,Male,Single,Research & Development,Healthcare Representative,3,3 Bachelor,Technical Degree,Travel_Rarely,10,No,10496,Q4 highest,15,0,20,4,3 to 5,3,1,3,6,2,4 Very High,4 Very High,4 Very High,2 Medium,3 Better,High,3,No,0
492,40,36 to 45,Male,Married,Sales,Sales Executive,2,2 College,Marketing,Travel_Rarely,22,Yes,6380,Q3,12,2,8,6,6 to 10,4,1,0,2,6,3 High,3 High,1 Low,2 Medium,3 Better,Below average,3,Yes,1
493,31,26 to 35,Male,Single,Research & Development,Research Scientist,1,4 Master,Life Sciences,Travel_Rarely,9,Yes,2657,Q1 lowest,16,0,3,2,1 to 2,2,2,2,0,5,2 Medium,3 High,4 Very High,2 Medium,3 Better,Good,3,No,0
494,21,18 to 25,Female,Single,Sales,Sales Representative,1,3 Bachelor,Life Sciences,Travel_Rarely,12,No,2716,Q1 lowest,15,0,1,1,Under 1 year,0,0,0,1,0,2 Medium,3 High,4 Very High,4 Very High,3 Better,Good,3,Yes,1
495,29,26 to 35,Male,Single,Research & Development,Research Scientist,1,3 Bachelor,Life Sciences,Travel_Rarely,23,No,2201,Q1 lowest,16,0,6,3,3 to 5,2,1,2,9,4,4 Very High,4 Very High,4 Very High,3 High,3 Better,High,3,No,0
496,35,26 to 35,Male,Single,Research & Development,Healthcare Representative,2,4 Master,Life Sciences,Travel_Rarely,9,No,6540,Q3,19,0,10,1,Under 1 year,1,0,0,9,5,2 Medium,3 High,3 High,2 Medium,3 Better,Below average,3,No,0
497,27,26 to 35,Male,Divorced,Research & Development,Laboratory Technician,1,2 College,Medical,Travel_Rarely,1,No,3816,Q2,11,1,5,5,3 to 5,2,0,4,1,2,2 Medium,4 Very High,2 Medium,3 High,3 Better,Below average,3,No,0
498,28,26 to 35,Male,Single,Sales,Sales Executive,2,4 Master,Life Sciences,Travel_Rarely,9,No,5253,Q3,16,0,7,7,6 to 10,5,0,7,1,1,4 Very High,2 Medium,4 Very High,3 High,3 Better,Good,3,No,0
499,49,46 to 60,Male,Single,Research & Development,Healthcare Representative,3,3 Bachelor,Other,Travel_Rarely,7,No,10965,Q4 highest,24,0,26,5,3 to 5,2,0,0,8,2,3 High,2 Medium,3 High,2 Medium,3 Better,Below average,4,No,0
500,51,46 to 60,Female,Married,Sales,Sales Executive,2,2 College,Life Sciences,Travel_Rarely,14,No,4936,Q3,11,1,18,7,6 to 10,7,0,7,4,2,4 Very High,3 High,3 High,3 High,2 Good,Good,3,No,0
501,36,36 to 45,Female,Married,Research & Development,Research Scientist,1,3 Bachelor,Life Sciences,Travel_Rarely,2,No,2543,Q1 lowest,13,1,6,2,1 to 2,2,2,2,4,3,3 High,4 Very High,2 Medium,3 High,3 Better,Good,3,No,0
502,34,26 to 35,Male,Single,Sales,Sales Executive,2,3 Bachelor,Marketing,Non-Travel,19,Yes,5304,Q3,13,0,9,5,3 to 5,2,0,4,8,3,4 Very High,1 Low,2 Medium,4 Very High,2 Good,Below average,3,Yes,1
505,55,46 to 60,Female,Single,Research & Development,Manager,4,3 Bachelor,Life Sciences,Travel_Rarely,2,Yes,16659,Q4 highest,13,0,30,5,3 to 5,4,1,2,2,2,4 Very High,3 High,3 High,3 High,3 Better,Good,3,No,0
507,24,18 to 25,Female,Divorced,Sales,Sales Executive,2,4 Master,Marketing,Travel_Rarely,10,Yes,4260,Q2,12,1,5,5,3 to 5,2,0,3,1,2,3 High,4 Very High,4 Very High,3 High,4 Best,High,3,No,0
508,30,26 to 35,Male,Married,Sales,Sales Representative,1,1 Below College,Technical Degree,Travel_Rarely,2,No,2476,Q1 lowest,18,1,1,1,Under 1 year,0,0,0,1,3,2 Medium,3 High,1 Low,3 High,3 Better,Below average,3,No,0
510,26,26 to 35,Male,Single,Research & Development,Research Scientist,1,1 Below College,Technical Degree,Travel_Frequently,3,No,3102,Q2,22,0,7,6,6 to 10,4,0,4,0,2,1 Low,3 High,3 High,3 High,3 Better,Below average,4,Yes,1
511,22,18 to 25,Female,Married,Research & Development,Research Scientist,1,3 Bachelor,Medical,Travel_Rarely,11,No,2244,Q1 lowest,13,1,2,2,1 to 2,1,1,2,1,1,2 Medium,1 Low,4 Very High,3 High,3 Better,Below average,3,No,0
513,36,36 to 45,Male,Married,Sales,Sales Executive,3,2 College,Medical,Travel_Rarely,2,No,7596,Q3,13,2,10,10,6 to 10,9,9,0,1,2,3 High,2 Medium,2 Medium,2 Medium,3 Better,Below average,3,No,0
514,30,26 to 35,Male,Single,Research & Development,Research Scientist,1,3 Bachelor,Technical Degree,Travel_Frequently,4,Yes,2285,Q1 lowest,23,0,3,1,Under 1 year,0,0,0,9,4,4 Very High,3 High,3 High,3 High,3 Better,Good,4,Yes,1
515,37,36 to 45,Female,Divorced,Research & Development,Laboratory Technician,1,3 Bachelor,Life Sciences,Travel_Rarely,14,No,3034,Q2,12,1,18,18,Over 10,7,12,17,1,2,1 Low,4 Very High,3 High,3 High,2 Good,Below average,3,No,0
516,40,36 to 45,Female,Divorced,Sales,Sales Executive,2,2 College,Marketing,Travel_Rarely,2,No,5715,Q3,12,2,8,5,3 to 5,4,1,3,7,5,2 Medium,4 Very High,3 High,3 High,3 Better,Good,3,No,0
517,42,36 to 45,Female,Divorced,Research & Development,Laboratory Technician,1,4 Master,Life Sciences,Travel_Rarely,1,No,2576,Q1 lowest,16,1,8,5,3 to 5,2,1,2,3,5,1 Low,2 Medium,2 Medium,3 High,3 Better,Low,3,No,0
518,37,36 to 45,Male,Single,Research & Development,Manufacturing Director,2,4 Master,Life Sciences,Travel_Rarely,10,Yes,4197,Q2,12,0,18,1,Under 1 year,0,0,1,2,2,2 Medium,3 High,4 Very High,3 High,2 Good,Below average,3,No,0
520,43,36 to 45,Male,Divorced,Research & Development,Research Director,4,3 Bachelor,Life Sciences,Travel_Rarely,12,No,14336,Q4 highest,11,1,25,25,Over 10,10,3,9,1,3,2 Medium,1 Low,3 High,2 Medium,3 Better,Below average,3,No,0
521,40,36 to 45,Female,Married,Research & Development,Laboratory Technician,2,3 Bachelor,Medical,Travel_Rarely,2,No,3448,Q2,22,1,20,1,Under 1 year,0,0,0,6,3,3 High,2 Medium,2 Medium,2 Medium,3 Better,Below average,4,No,0
522,54,46 to 60,Male,Married,Research & Development,Research Director,5,2 College,Medical,Travel_Rarely,5,No,19406,Q4 highest,11,1,24,4,3 to 5,2,1,2,4,4,1 Low,1 Low,3 High,3 High,2 Good,Low,3,No,0
523,34,26 to 35,Female,Married,Sales,Sales Executive,2,4 Master,Marketing,Non-Travel,4,No,6538,Q3,15,1,6,3,3 to 5,2,1,2,9,3,3 High,3 High,1 Low,3 High,3 Better,Below average,3,No,0
524,31,26 to 35,Female,Married,Research & Development,Manufacturing Director,2,2 College,Medical,Travel_Rarely,7,No,4306,Q2,12,1,13,13,Over 10,10,3,12,1,5,1 Low,2 Medium,2 Medium,3 High,1 Bad,Low,3,No,0
525,43,36 to 45,Male,Married,Research & Development,Laboratory Technician,1,3 Bachelor,Medical,Travel_Frequently,21,No,2258,Q1 lowest,20,1,8,3,3 to 5,2,1,2,7,1,4 Very High,4 Very High,1 Low,3 High,3 Better,Good,4,No,0
526,43,36 to 45,Female,Divorced,Research & Development,Healthcare Representative,2,4 Master,Other,Travel_Rarely,8,Yes,4522,Q2,14,0,8,5,3 to 5,2,0,2,4,3,3 High,3 High,4 Very High,3 High,3 Better,Good,3,No,0
527,25,18 to 25,Female,Single,Sales,Sales Executive,2,2 College,Life Sciences,Travel_Rarely,4,Yes,4487,Q2,11,0,5,5,3 to 5,4,1,3,1,3,4 Very High,2 Medium,2 Medium,2 Medium,3 Better,Below average,3,No,0
529,37,36 to 45,Female,Married,Research & Development,Research Scientist,2,5 Doctor,Medical,Non-Travel,25,Yes,4449,Q2,15,2,15,13,Over 10,11,10,7,3,2,3 High,2 Medium,1 Low,3 High,3 Better,Below average,3,No,0
530,31,26 to 35,Male,Married,Research & Development,Laboratory Technician,1,2 College,Life Sciences,Travel_Rarely,1,No,2218,Q1 lowest,12,1,4,4,3 to 5,2,3,2,1,3,1 Low,4 Very High,3 High,2 Medium,3 Better,Below average,3,No,0
531,39,36 to 45,Male,Divorced,Research & Development,Manager,5,1 Below College,Life Sciences,Travel_Frequently,1,Yes,19197,Q4 highest,14,1,21,21,Over 10,8,1,6,1,3,3 High,2 Medium,3 High,3 High,3 Better,Below average,3,No,0
532,56,46 to 60,Female,Married,Sales,Sales Executive,4,3 Bachelor,Life Sciences,Travel_Frequently,6,No,13212,Q4 highest,11,3,36,7,6 to 10,7,7,7,9,0,1 Low,3 High,4 Very High,4 Very High,2 Good,Below average,3,No,0
533,30,26 to 35,Female,Single,Sales,Sales Executive,2,3 Bachelor,Technical Degree,Travel_Rarely,12,No,6577,Q3,11,0,6,5,3 to 5,4,4,4,0,6,3 High,2 Medium,2 Medium,3 High,3 Better,Below average,3,No,0
534,41,36 to 45,Male,Married,Sales,Sales Executive,3,3 Bachelor,Marketing,Travel_Rarely,1,No,8392,Q4 highest,16,1,10,10,6 to 10,7,0,7,1,2,1 Low,2 Medium,3 High,4 Very High,3 Better,Below average,3,No,0
536,28,26 to 35,Male,Divorced,Research & Development,Laboratory Technician,2,2 College,Medical,Travel_Rarely,17,No,4558,Q2,12,1,10,10,6 to 10,0,1,8,1,2,1 Low,3 High,4 Very High,3 High,3 Better,Below average,3,No,0
538,25,18 to 25,Male,Married,Research & Development,Laboratory Technician,1,3 Bachelor,Medical,Travel_Rarely,3,No,4031,Q2,13,1,6,2,1 to 2,2,0,2,5,5,1 Low,1 Low,3 High,3 High,3 Better,Low,3,Yes,1
543,52,46 to 60,Male,Married,Research & Development,Manufacturing Director,3,3 Bachelor,Medical,Travel_Rarely,3,Yes,7969,Q3,14,0,28,5,3 to 5,4,0,4,2,4,3 High,4 Very High,3 High,2 Medium,3 Better,Good,3,No,0
544,45,36 to 45,Male,Married,Research & Development,Research Scientist,1,2 College,Life Sciences,Travel_Rarely,10,No,2654,Q1 lowest,21,2,8,2,1 to 2,2,0,2,3,3,4 Very High,1 Low,4 Very High,3 High,2 Good,Below average,4,No,0
546,52,46 to 60,Female,Married,Research & Development,Manager,4,2 College,Life Sciences,Travel_Rarely,4,No,16555,Q4 highest,13,0,31,5,3 to 5,2,1,4,2,2,4 Very High,4 Very High,4 Very High,3 High,1 Bad,Good,3,No,0
547,42,36 to 45,Female,Divorced,Research & Development,Research Scientist,2,2 College,Life Sciences,Travel_Frequently,29,No,4556,Q2,11,1,19,5,3 to 5,4,0,2,2,3,3 High,1 Low,2 Medium,3 High,3 Better,Below average,3,No,0
548,30,26 to 35,Female,Single,Research & Development,Manufacturing Director,2,3 Bachelor,Life Sciences,Travel_Rarely,2,No,6091,Q3,20,0,11,5,3 to 5,4,0,2,2,2,4 Very High,3 High,3 High,1 Low,3 Better,Good,4,No,0
549,60,46 to 60,Female,Married,Research & Development,Manager,5,3 Bachelor,Life Sciences,Travel_Rarely,7,No,19566,Q4 highest,11,0,33,29,Over 10,8,11,10,5,5,1 Low,1 Low,4 Very High,3 High,1 Bad,Low,3,No,0
550,46,46 to 60,Female,Divorced,Research & Development,Manufacturing Director,2,3 Bachelor,Medical,Travel_Rarely,18,No,4810,Q2,14,1,19,10,6 to 10,7,0,8,2,5,3 High,3 High,3 High,3 High,2 Good,Below average,3,No,0
551,42,36 to 45,Female,Married,Research & Development,Healthcare Representative,2,4 Master,Technical Degree,Travel_Frequently,28,No,4523,Q2,11,3,7,6,6 to 10,5,0,4,0,4,4 Very High,4 Very High,4 Very High,2 Medium,4 Best,High,3,No,0
554,24,18 to 25,Female,Single,Sales,Sales Representative,1,1 Below College,Technical Degree,Travel_Rarely,1,Yes,3202,Q2,16,0,6,5,3 to 5,3,1,4,1,4,2 Medium,1 Low,2 Medium,3 High,3 Better,Low,3,Yes,1
555,34,26 to 35,Female,Divorced,Sales,Sales Representative,1,2 College,Marketing,Travel_Frequently,6,No,2351,Q1 lowest,16,1,3,2,1 to 2,2,1,0,0,3,3 High,4 Very High,4 Very High,1 Low,2 Good,Good,3,Yes,1
556,38,36 to 45,Male,Married,Research & Development,Laboratory Technician,1,2 College,Life Sciences,Travel_Frequently,2,Yes,1702,Q1 lowest,23,1,1,1,Under 1 year,0,0,0,1,3,4 Very High,4 Very High,3 High,3 High,3 Better,Good,4,No,0
558,40,36 to 45,Female,Married,Sales,Manager,5,4 Master,Life Sciences,Travel_Rarely,2,No,18041,Q4 highest,14,0,21,20,Over 10,15,1,12,0,2,3 High,3 High,4 Very High,3 High,3 Better,Good,3,No,0
560,26,26 to 35,Female,Divorced,Research & Development,Research Scientist,1,3 Bachelor,Life Sciences,Travel_Rarely,23,No,2886,Q1 lowest,22,2,3,3,3 to 5,2,0,2,1,3,4 Very High,1 Low,2 Medium,3 High,1 Bad,Low,4,No,0
562,30,26 to 35,Male,Married,Research & Development,Laboratory Technician,1,3 Bachelor,Life Sciences,Non-Travel,3,No,2097,Q1 lowest,15,1,9,5,3 to 5,3,1,4,4,3,4 Very High,3 High,3 High,3 High,1 Bad,Below average,3,No,0
564,29,26 to 35,Male,Married,Research & Development,Research Director,3,4 Master,Medical,Travel_Rarely,3,No,11935,Q4 highest,18,0,10,10,6 to 10,2,0,7,1,2,3 High,2 Medium,3 High,2 Medium,3 Better,Below average,3,No,0
565,29,26 to 35,Female,Married,Research & Development,Research Scientist,1,5 Doctor,Technical Degree,Travel_Rarely,25,No,2546,Q1 lowest,16,0,6,2,1 to 2,2,1,1,5,2,2 Medium,3 High,2 Medium,2 Medium,4 Best,Below average,3,Yes,1
566,19,18 to 25,Male,Single,Human Resources,Human Resources,1,2 College,Technical Degree,Travel_Rarely,2,No,2564,Q1 lowest,12,0,1,1,Under 1 year,0,0,0,1,3,4 Very High,1 Low,3 High,2 Medium,4 Best,Good,3,Yes,1
567,30,26 to 35,Female,Married,Sales,Sales Executive,3,4 Master,Other,Non-Travel,22,No,8412,Q4 highest,11,0,10,9,6 to 10,8,7,8,0,3,1 Low,3 High,3 High,3 High,3 Better,Below average,3,No,0
568,57,46 to 60,Male,Divorced,Sales,Manager,4,3 Bachelor,Marketing,Travel_Rarely,29,No,14118,Q4 highest,12,1,32,1,Under 1 year,0,0,0,3,3,4 Very High,1 Low,3 High,2 Medium,2 Good,Below average,3,No,0
569,50,46 to 60,Male,Married,Research & Development,Manager,4,4 Master,Life Sciences,Travel_Rarely,29,No,17046,Q4 highest,15,1,28,27,Over 10,10,15,7,0,2,3 High,2 Medium,2 Medium,2 Medium,3 Better,Below average,3,No,0
571,30,26 to 35,Female,Single,Research & Development,Laboratory Technician,1,3 Bachelor,Medical,Non-Travel,2,No,2564,Q1 lowest,14,0,12,11,Over 10,7,6,7,0,2,4 Very High,3 High,3 High,3 High,2 Good,Good,3,No,0
573,60,46 to 60,Female,Married,Sales,Sales Executive,3,3 Bachelor,Marketing,Travel_Frequently,28,No,10266,Q4 highest,19,0,22,18,Over 10,13,13,11,4,5,1 Low,3 High,4 Very High,2 Medium,4 Best,Good,3,No,0
574,47,46 to 60,Female,Divorced,Research & Development,Manufacturing Director,2,2 College,Medical,Travel_Rarely,2,No,5070,Q3,13,3,20,5,3 to 5,0,0,4,5,2,4 Very High,1 Low,3 High,3 High,3 Better,Below average,3,No,0
575,46,46 to 60,Male,Married,Research & Development,Research Director,4,3 Bachelor,Life Sciences,Travel_Rarely,2,No,17861,Q4 highest,13,0,26,3,3 to 5,2,0,1,6,2,3 High,1 Low,3 High,3 High,1 Bad,Low,3,No,0
577,35,26 to 35,Male,Single,Research & Development,Laboratory Technician,1,3 Bachelor,Life Sciences,Travel_Rarely,22,No,4230,Q2,15,0,6,5,3 to 5,4,4,3,0,2,3 High,4 Very High,3 High,1 Low,3 Better,Good,3,No,0
578,54,46 to 60,Female,Single,Research & Development,Laboratory Technician,2,4 Master,Life Sciences,Travel_Rarely,8,No,3780,Q2,11,0,19,1,Under 1 year,0,0,0,7,3,3 High,3 High,3 High,3 High,3 Better,Good,3,No,0
579,34,26 to 35,Male,Divorced,Research & Development,Research Scientist,1,4 Master,Life Sciences,Travel_Rarely,2,No,2768,Q1 lowest,12,1,14,7,6 to 10,3,5,7,3,3,3 High,4 Very High,3 High,2 Medium,3 Better,Good,3,No,0
580,46,46 to 60,Female,Married,Sales,Sales Executive,3,3 Bachelor,Marketing,Travel_Rarely,10,Yes,9071,Q4 highest,19,1,15,3,3 to 5,2,1,2,2,3,4 Very High,3 High,3 High,2 Medium,3 Better,Good,3,No,0
581,31,26 to 35,Male,Divorced,Research & Development,Manufacturing Director,3,1 Below College,Life Sciences,Travel_Rarely,9,No,10648,Q4 highest,25,1,13,13,Over 10,8,0,8,1,6,2 Medium,3 High,4 Very High,3 High,4 Best,Good,4,No,0
582,33,26 to 35,Male,Married,Research & Development,Manager,3,1 Below College,Medical,Travel_Rarely,15,Yes,13610,Q4 highest,12,0,15,7,6 to 10,6,7,7,7,2,3 High,2 Medium,4 Very High,3 High,4 Best,Good,3,Yes,1
584,33,26 to 35,Male,Divorced,Research & Development,Laboratory Technician,1,1 Below College,Medical,Travel_Rarely,10,No,3408,Q2,13,3,8,4,3 to 5,3,1,3,7,2,4 Very High,1 Low,1 Low,1 Low,3 Better,Below average,3,Yes,1
585,30,26 to 35,Male,Single,Sales,Sales Representative,1,1 Below College,Marketing,Travel_Rarely,7,No,2983,Q2,14,0,4,3,3 to 5,2,1,2,0,3,2 Medium,4 Very High,1 Low,3 High,3 Better,Below average,3,No,0
586,35,26 to 35,Male,Married,Research & Development,Healthcare Representative,3,3 Bachelor,Life Sciences,Travel_Rarely,16,Yes,7632,Q3,12,0,10,8,6 to 10,7,0,0,4,2,3 High,4 Very High,3 High,3 High,3 Better,Good,3,No,0
587,31,26 to 35,Male,Married,Research & Development,Healthcare Representative,3,3 Bachelor,Life Sciences,Travel_Frequently,20,No,9824,Q4 highest,12,0,12,1,Under 1 year,0,0,0,3,2,3 High,1 Low,1 Low,3 High,3 Better,Low,3,Yes,1
590,34,26 to 35,Female,Divorced,Human Resources,Human Resources,3,3 Bachelor,Human Resources,Travel_Frequently,23,Yes,9950,Q4 highest,15,3,11,3,3 to 5,2,0,2,9,2,1 Low,2 Medium,3 High,3 High,3 Better,Below average,3,Yes,1
591,42,36 to 45,Male,Married,Research & Development,Laboratory Technician,1,2 College,Other,Travel_Frequently,5,No,2093,Q1 lowest,17,1,8,2,1 to 2,2,2,0,4,4,3 High,2 Medium,4 Very High,3 High,3 Better,Good,3,No,0
592,36,36 to 45,Male,Single,Sales,Sales Executive,3,4 Master,Medical,Non-Travel,10,No,9980,Q4 highest,14,0,10,10,6 to 10,3,9,7,1,3,4 Very High,2 Medium,4 Very High,3 High,2 Good,Good,3,No,0
593,22,18 to 25,Male,Single,Research & Development,Laboratory Technician,1,1 Below College,Technical Degree,Travel_Frequently,4,No,3894,Q2,16,0,4,2,1 to 2,2,1,2,5,3,3 High,3 High,3 High,2 Medium,3 Better,Good,3,Yes,1
595,48,46 to 60,Female,Married,Sales,Sales Executive,2,5 Doctor,Marketing,Travel_Rarely,2,No,4051,Q2,14,1,14,9,6 to 10,7,6,7,2,2,4 Very High,2 Medium,1 Low,3 High,3 Better,Below average,3,No,0
597,55,46 to 60,Female,Single,Sales,Manager,4,5 Doctor,Life Sciences,Travel_Rarely,18,No,16835,Q4 highest,23,0,37,10,6 to 10,9,7,7,3,2,2 Medium,1 Low,4 Very High,3 High,3 Better,Below average,4,No,0
599,41,36 to 45,Male,Single,Sales,Sales Executive,2,2 College,Life Sciences,Non-Travel,10,No,6230,Q3,14,0,16,14,Over 10,3,1,10,7,3,4 Very High,4 Very High,4 Very High,3 High,3 Better,High,3,No,0
600,35,26 to 35,Male,Married,Sales,Sales Executive,2,3 Bachelor,Marketing,Travel_Rarely,1,No,4717,Q2,11,0,15,11,Over 10,9,6,9,9,2,3 High,2 Medium,3 High,3 High,3 Better,Below average,3,No,0
601,40,36 to 45,Female,Single,Research & Development,Manufacturing Director,4,3 Bachelor,Life Sciences,Travel_Rarely,6,No,13237,Q4 highest,15,0,22,20,Over 10,6,5,13,7,3,3 High,2 Medium,3 High,3 High,3 Better,Below average,3,No,0
602,39,36 to 45,Female,Married,Research & Development,Laboratory Technician,1,1 Below College,Life Sciences,Travel_Frequently,8,No,3755,Q2,11,1,8,8,6 to 10,3,0,7,1,3,3 High,3 High,1 Low,3 High,3 Better,Below average,3,No,0
604,31,26 to 35,Male,Single,Sales,Sales Executive,2,1 Below College,Life Sciences,Travel_Rarely,2,Yes,6582,Q3,13,0,10,6,6 to 10,5,0,5,4,2,4 Very High,2 Medium,3 High,3 High,4 Best,Good,3,No,0
605,42,36 to 45,Male,Married,Research & Development,Manufacturing Director,3,3 Bachelor,Medical,Travel_Rarely,24,Yes,7406,Q3,21,1,10,10,6 to 10,9,5,8,1,5,1 Low,4 Very High,4 Very High,3 High,2 Good,Below average,4,No,0
606,45,36 to 45,Male,Married,Sales,Sales Executive,2,3 Bachelor,Other,Travel_Rarely,2,No,4805,Q2,19,1,9,8,6 to 10,7,3,7,0,3,2 Medium,4 Very High,2 Medium,3 High,4 Best,Good,3,No,0
608,26,26 to 35,Female,Divorced,Human Resources,Human Resources,1,4 Master,Life Sciences,Travel_Frequently,17,Yes,2741,Q1 lowest,11,1,8,7,6 to 10,7,1,0,0,2,3 High,2 Medium,2 Medium,3 High,2 Good,Below average,3,Yes,1
611,29,26 to 35,Male,Divorced,Research & Development,Manufacturing Director,2,3 Bachelor,Technical Degree,Travel_Rarely,19,No,4262,Q2,12,2,8,3,3 to 5,2,1,2,4,2,4 Very High,4 Very High,2 Medium,3 High,4 Best,Good,3,No,0
612,33,26 to 35,Female,Divorced,Research & Development,Research Director,4,5 Doctor,Medical,Travel_Rarely,1,No,16184,Q4 highest,19,1,10,6,6 to 10,1,0,5,4,2,3 High,1 Low,3 High,4 Very High,3 Better,Below average,3,No,0
613,31,26 to 35,Male,Divorced,Sales,Manager,3,3 Bachelor,Life Sciences,Travel_Rarely,7,No,11557,Q4 highest,21,1,10,5,3 to 5,4,0,1,9,3,4 Very High,3 High,3 High,2 Medium,2 Good,Good,4,No,0
614,18,18 to 25,Male,Single,Sales,Sales Representative,1,3 Bachelor,Marketing,Travel_Frequently,5,Yes,1878,Q1 lowest,14,0,0,0,Under 1 year,0,0,0,1,3,2 Medium,2 Medium,4 Very High,3 High,3 Better,Below average,3,Yes,1
615,40,36 to 45,Male,Divorced,Sales,Sales Executive,3,3 Bachelor,Other,Non-Travel,28,No,10932,Q4 highest,15,1,20,1,Under 1 year,0,0,1,3,2,1 Low,3 High,3 High,1 Low,3 Better,Below average,3,No,0
616,41,36 to 45,Female,Single,Research & Development,Healthcare Representative,2,4 Master,Other,Non-Travel,2,Yes,6811,Q3,17,0,10,8,6 to 10,7,0,7,2,3,3 High,1 Low,1 Low,2 Medium,3 Better,Low,3,No,0
618,26,26 to 35,Male,Divorced,Sales,Sales Executive,2,2 College,Medical,Travel_Rarely,29,No,4306,Q2,12,2,8,0,Under 1 year,0,0,0,5,5,3 High,1 Low,1 Low,3 High,3 Better,Low,3,No,0
620,35,26 to 35,Female,Single,Sales,Sales Executive,2,3 Bachelor,Medical,Travel_Rarely,1,No,4859,Q2,16,0,5,5,3 to 5,4,0,3,1,3,3 High,1 Low,4 Very High,3 High,3 Better,Below average,3,No,0
621,34,26 to 35,Male,Single,Sales,Sales Executive,2,4 Master,Life Sciences,Travel_Rarely,21,No,5337,Q3,12,0,10,10,6 to 10,7,5,7,1,3,4 Very High,4 Very High,4 Very High,4 Very High,3 Better,High,3,No,0
622,26,26 to 35,Male,Single,Research & Development,Laboratory Technician,1,3 Bachelor,Technical Degree,Travel_Rarely,24,Yes,2340,Q1 lowest,18,0,1,1,Under 1 year,0,0,0,1,3,4 Very High,3 High,2 Medium,1 Low,1 Bad,Below average,3,Yes,1
623,37,36 to 45,Female,Single,Research & Development,Manufacturing Director,3,3 Bachelor,Technical Degree,Travel_Rarely,1,No,7491,Q3,17,0,12,6,6 to 10,5,1,2,4,3,4 Very High,2 Medium,4 Very High,3 High,4 Best,Good,3,No,0
624,46,46 to 60,Female,Married,Research & Development,Healthcare Representative,3,1 Below College,Medical,Travel_Frequently,18,No,10527,Q4 highest,11,0,28,2,1 to 2,2,1,2,5,3,3 High,1 Low,4 Very High,3 High,2 Good,Below average,3,No,0
625,41,36 to 45,Female,Married,Sales,Manager,4,5 Doctor,Life Sciences,Travel_Rarely,2,No,16595,Q4 highest,16,1,22,18,Over 10,16,11,8,7,2,1 Low,2 Medium,2 Medium,3 High,3 Better,Low,3,No,0
626,37,36 to 45,Male,Divorced,Sales,Sales Executive,3,4 Master,Medical,Non-Travel,9,No,8834,Q4 highest,13,1,9,9,6 to 10,5,7,7,1,6,2 Medium,1 Low,4 Very High,3 High,3 Better,Below average,3,No,0
630,52,46 to 60,Male,Divorced,Research & Development,Research Scientist,2,2 College,Technical Degree,Travel_Rarely,6,Yes,5577,Q3,12,2,18,10,6 to 10,9,6,9,3,3,1 Low,4 Very High,2 Medium,3 High,3 Better,Below average,3,No,0
631,32,26 to 35,Male,Married,Sales,Sales Executive,2,4 Master,Other,Non-Travel,11,No,4707,Q2,12,0,6,4,3 to 5,2,1,2,8,2,3 High,4 Very High,4 Very High,4 Very High,3 Better,Good,3,Yes,1
632,24,18 to 25,Male,Married,Sales,Sales Representative,1,3 Bachelor,Medical,Travel_Frequently,24,No,2400,Q1 lowest,13,2,3,2,1 to 2,2,2,1,0,3,4 Very High,4 Very High,3 High,3 High,3 Better,Good,3,No,0
634,38,36 to 45,Female,Married,Research & Development,Healthcare Representative,2,3 Bachelor,Medical,Travel_Rarely,10,No,9824,Q4 highest,19,1,18,1,Under 1 year,0,0,0,3,4,3 High,3 High,3 High,3 High,3 Better,Good,3,No,0
635,37,36 to 45,Female,Married,Research & Development,Manufacturing Director,2,4 Master,Life Sciences,Travel_Rarely,1,No,6447,Q3,12,1,8,6,6 to 10,5,4,3,6,2,2 Medium,2 Medium,2 Medium,3 High,2 Good,Low,3,No,0
638,49,46 to 60,Male,Divorced,Research & Development,Research Director,5,4 Master,Life Sciences,Travel_Rarely,18,Yes,19502,Q4 highest,17,1,31,31,Over 10,9,0,9,1,5,3 High,4 Very High,3 High,2 Medium,3 Better,Good,3,No,0
639,24,18 to 25,Male,Married,Research & Development,Research Scientist,1,3 Bachelor,Medical,Travel_Rarely,23,Yes,2725,Q1 lowest,11,2,6,6,6 to 10,5,1,4,1,3,4 Very High,2 Medium,2 Medium,4 Very High,3 Better,Below average,3,No,0
641,26,26 to 35,Male,Married,Sales,Sales Executive,2,2 College,Marketing,Travel_Rarely,28,No,6272,Q3,20,2,6,5,3 to 5,3,1,4,1,5,2 Medium,1 Low,4 Very High,3 High,4 Best,Below average,4,No,0
643,24,18 to 25,Male,Married,Research & Development,Laboratory Technician,1,2 College,Other,Travel_Rarely,17,No,2127,Q1 lowest,21,1,1,1,Under 1 year,0,0,0,1,2,2 Medium,4 Very High,4 Very High,2 Medium,3 Better,Good,4,No,0
644,50,46 to 60,Male,Married,Human Resources,Manager,5,3 Bachelor,Medical,Travel_Frequently,3,No,18200,Q4 highest,11,1,32,32,Over 10,5,10,7,1,2,2 Medium,1 Low,3 High,3 High,3 Better,Below average,3,No,0
645,25,18 to 25,Male,Married,Sales,Sales Representative,1,1 Below College,Medical,Travel_Rarely,13,No,2096,Q1 lowest,11,0,7,7,6 to 10,4,0,6,1,1,3 High,2 Medium,3 High,3 High,3 Better,Below average,3,No,0
647,24,18 to 25,Female,Married,Research & Development,Laboratory Technician,1,3 Bachelor,Life Sciences,Travel_Frequently,7,Yes,2886,Q1 lowest,16,1,6,6,6 to 10,3,1,2,1,4,3 High,1 Low,4 Very High,3 High,3 Better,Below average,3,Yes,1
648,30,26 to 35,Male,Married,Sales,Sales Representative,1,4 Master,Life Sciences,Travel_Frequently,12,No,2033,Q1 lowest,18,1,1,1,Under 1 year,0,0,0,1,2,1 Low,2 Medium,3 High,2 Medium,4 Best,Below average,3,Yes,1
649,34,26 to 35,Male,Married,Research & Development,Research Scientist,1,2 College,Life Sciences,Travel_Rarely,1,Yes,3622,Q2,13,1,6,6,6 to 10,5,1,3,1,3,4 Very High,2 Medium,4 Very High,2 Medium,3 Better,Good,3,No,0
650,31,26 to 35,Male,Divorced,Sales,Sales Executive,2,4 Master,Medical,Travel_Rarely,13,No,4233,Q2,17,0,9,3,3 to 5,1,1,2,2,2,1 Low,2 Medium,3 High,3 High,1 Bad,Low,3,Yes,1
652,35,26 to 35,Male,Single,Research & Development,Laboratory Technician,2,2 College,Other,Travel_Rarely,25,No,3681,Q2,14,0,9,3,3 to 5,2,0,2,4,3,4 Very High,1 Low,4 Very High,2 Medium,3 Better,Good,3,No,0
653,31,26 to 35,Male,Divorced,Sales,Sales Executive,2,4 Master,Medical,Travel_Rarely,6,No,5460,Q3,22,2,13,7,6 to 10,7,5,7,4,4,4 Very High,1 Low,4 Very High,4 Very High,4 Best,Good,4,No,0
655,27,26 to 35,Female,Divorced,Research & Development,Research Scientist,1,4 Master,Medical,Travel_Rarely,6,No,2187,Q1 lowest,12,2,6,5,3 to 5,3,0,3,0,5,3 High,1 Low,3 High,2 Medium,2 Good,Below average,3,No,0
656,37,36 to 45,Male,Married,Sales,Sales Executive,2,3 Bachelor,Marketing,Travel_Rarely,2,Yes,9602,Q4 highest,11,1,17,3,3 to 5,0,1,0,4,3,3 High,4 Very High,3 High,3 High,2 Good,Good,3,No,0
657,20,18 to 25,Female,Single,Research & Development,Research Scientist,1,3 Bachelor,Life Sciences,Travel_Rarely,1,No,2836,Q1 lowest,13,0,1,1,Under 1 year,0,0,0,1,0,2 Medium,4 Very High,4 Very High,2 Medium,4 Best,Good,3,No,0
659,42,36 to 45,Female,Married,Research & Development,Healthcare Representative,2,4 Master,Life Sciences,Travel_Rarely,2,No,4089,Q2,13,2,10,10,6 to 10,2,2,2,1,4,4 Very High,3 High,2 Medium,3 High,3 Better,Good,3,No,0
661,43,36 to 45,Male,Divorced,Research & Development,Research Director,4,4 Master,Other,Travel_Rarely,6,Yes,16627,Q4 highest,14,1,21,1,Under 1 year,0,0,0,4,3,4 Very High,2 Medium,3 High,2 Medium,2 Good,Below average,3,No,0
662,38,36 to 45,Female,Single,Research & Development,Research Scientist,1,1 Below College,Life Sciences,Travel_Rarely,1,No,2619,Q1 lowest,17,0,8,0,Under 1 year,0,0,0,3,3,1 Low,3 High,4 Very High,3 High,2 Good,Below average,3,No,0
663,43,36 to 45,Male,Divorced,Research & Development,Laboratory Technician,2,5 Doctor,Medical,Travel_Frequently,9,Yes,5679,Q3,13,1,10,8,6 to 10,7,4,7,3,3,3 High,4 Very High,2 Medium,3 High,3 Better,Good,3,No,0
664,48,46 to 60,Female,Married,Research & Development,Manager,4,4 Master,Life Sciences,Travel_Rarely,1,No,15402,Q4 highest,11,1,21,3,3 to 5,2,0,2,7,3,1 Low,4 Very High,1 Low,2 Medium,1 Bad,Low,3,No,0
665,44,36 to 45,Female,Single,Human Resources,Human Resources,2,4 Master,Life Sciences,Travel_Rarely,1,No,5985,Q3,11,0,10,2,1 to 2,2,0,2,4,1,3 High,1 Low,2 Medium,2 Medium,4 Best,Below average,3,No,0
666,34,26 to 35,Female,Divorced,Sales,Sales Representative,1,3 Bachelor,Technical Degree,Travel_Rarely,14,Yes,2579,Q1 lowest,18,2,8,8,6 to 10,2,0,6,1,3,3 High,3 High,4 Very High,3 High,3 Better,Good,3,No,0
667,27,26 to 35,Male,Divorced,Sales,Sales Representative,1,1 Below College,Marketing,Travel_Rarely,2,No,3041,Q2,11,1,5,4,3 to 5,3,0,2,0,3,1 Low,3 High,2 Medium,3 High,3 Better,Below average,3,Yes,1
669,21,18 to 25,Male,Single,Sales,Sales Representative,1,1 Below College,Technical Degree,Travel_Rarely,22,No,3447,Q2,11,0,3,3,3 to 5,2,1,2,1,2,3 High,3 High,3 High,3 High,3 Better,Good,3,No,0
671,44,36 to 45,Male,Married,Research & Development,Manager,5,4 Master,Other,Travel_Rarely,3,Yes,19513,Q4 highest,12,1,26,2,1 to 2,2,0,1,4,2,4 Very High,4 Very High,1 Low,3 High,4 Best,Good,3,No,0
675,22,18 to 25,Male,Married,Research & Development,Research Scientist,1,1 Below College,Medical,Travel_Rarely,6,No,2773,Q1 lowest,20,0,3,2,1 to 2,2,2,2,0,3,3 High,1 Low,4 Very High,3 High,3 Better,Below average,4,No,0
677,33,26 to 35,Male,Divorced,Sales,Sales Executive,2,4 Master,Marketing,Travel_Rarely,8,No,7104,Q3,12,0,6,5,3 to 5,0,1,2,0,3,3 High,3 High,4 Very High,3 High,3 Better,Good,3,No,0
679,32,26 to 35,Female,Married,Research & Development,Research Scientist,2,4 Master,Life Sciences,Travel_Rarely,9,Yes,6322,Q3,12,1,6,6,6 to 10,4,0,5,1,2,4 Very High,1 Low,4 Very High,3 High,2 Good,Below average,3,No,0
680,30,26 to 35,Female,Divorced,Research & Development,Research Scientist,1,3 Bachelor,Medical,Travel_Frequently,3,No,2083,Q1 lowest,20,1,1,1,Under 1 year,0,0,0,1,2,3 High,3 High,3 High,3 High,3 Better,Good,4,No,0
682,53,46 to 60,Female,Single,Sales,Sales Executive,2,1 Below College,Medical,Travel_Rarely,1,No,8381,Q4 highest,20,0,18,14,Over 10,7,8,10,7,2,1 Low,4 Very High,4 Very High,3 High,4 Best,Good,4,No,0
683,34,26 to 35,Male,Married,Research & Development,Research Scientist,1,5 Doctor,Life Sciences,Travel_Rarely,1,No,2691,Q1 lowest,12,1,10,10,6 to 10,9,8,8,1,4,4 Very High,2 Medium,4 Very High,3 High,2 Good,Good,3,No,0
684,45,36 to 45,Female,Married,Sales,Sales Executive,2,4 Master,Life Sciences,Travel_Frequently,26,No,4286,Q2,14,2,5,1,Under 1 year,1,0,0,2,4,1 Low,1 Low,4 Very High,3 High,3 Better,Below average,3,Yes,1
686,26,26 to 35,Female,Married,Research & Development,Laboratory Technician,1,3 Bachelor,Life Sciences,Travel_Rarely,6,Yes,2659,Q1 lowest,13,1,3,3,3 to 5,2,0,2,1,2,4 Very High,3 High,3 High,3 High,3 Better,Good,3,No,0
689,37,36 to 45,Male,Married,Research & Development,Manufacturing Director,3,3 Bachelor,Other,Travel_Rarely,3,No,9434,Q4 highest,15,1,10,10,6 to 10,7,7,8,1,2,3 High,3 High,3 High,3 High,3 Better,Good,3,No,0
690,29,26 to 35,Female,Married,Sales,Sales Executive,2,2 College,Medical,Travel_Rarely,3,No,5561,Q3,14,1,6,6,6 to 10,0,1,2,1,5,3 High,2 Medium,1 Low,3 High,2 Good,Low,3,No,0
691,35,26 to 35,Male,Single,Research & Development,Research Scientist,2,4 Master,Life Sciences,Travel_Rarely,6,No,6646,Q3,13,0,17,17,Over 10,11,11,8,1,3,4 Very High,2 Medium,2 Medium,1 Low,3 Better,Below average,3,No,0
692,33,26 to 35,Male,Divorced,Research & Development,Healthcare Representative,2,3 Bachelor,Life Sciences,Travel_Frequently,6,No,7725,Q3,23,1,15,13,Over 10,11,4,7,3,2,4 Very High,3 High,3 High,3 High,1 Bad,Below average,4,No,0
698,54,46 to 60,Male,Married,Human Resources,Human Resources,3,4 Master,Medical,Travel_Rarely,19,No,10725,Q4 highest,15,1,16,9,6 to 10,7,7,1,2,1,2 Medium,3 High,3 High,3 High,4 Best,Good,3,No,0
699,36,36 to 45,Male,Divorced,Research & Development,Manufacturing Director,2,2 College,Medical,Travel_Rarely,9,Yes,8847,Q4 highest,11,1,13,3,3 to 5,2,0,2,2,2,2 Medium,2 Medium,3 High,2 Medium,3 Better,Below average,3,No,0
700,27,26 to 35,Male,Single,Research & Development,Research Scientist,1,4 Master,Medical,Travel_Rarely,3,No,2045,Q1 lowest,13,0,5,4,3 to 5,2,1,1,0,0,4 Very High,1 Low,4 Very High,2 Medium,3 Better,Good,3,No,0
701,20,18 to 25,Male,Single,Research & Development,Research Scientist,1,1 Below College,Medical,Travel_Rarely,10,Yes,1009,Q1 lowest,11,0,1,1,Under 1 year,0,1,1,1,5,3 High,4 Very High,4 Very High,3 High,3 Better,Good,3,Yes,1
702,33,26 to 35,Male,Single,Research & Development,Research Scientist,1,3 Bachelor,Life Sciences,Travel_Frequently,3,Yes,3348,Q2,11,0,10,10,6 to 10,8,9,7,1,3,1 Low,1 Low,1 Low,3 High,3 Better,Low,3,Yes,1
704,35,26 to 35,Male,Married,Research & Development,Laboratory Technician,1,3 Bachelor,Life Sciences,Non-Travel,3,No,1281,Q1 lowest,18,2,1,1,Under 1 year,0,0,0,1,3,3 High,3 High,3 High,2 Medium,3 Better,Good,3,No,0
705,23,18 to 25,Male,Married,Research & Development,Research Scientist,1,3 Bachelor,Medical,Travel_Rarely,4,No,2819,Q1 lowest,16,1,5,3,3 to 5,2,0,2,2,3,1 Low,1 Low,1 Low,4 Very High,4 Best,Low,3,No,0
707,25,18 to 25,Male,Married,Sales,Sales Executive,2,3 Bachelor,Life Sciences,Travel_Rarely,8,No,4851,Q2,22,1,4,3,3 to 5,2,1,2,0,4,2 Medium,4 Very High,3 High,4 Very High,3 Better,Good,4,No,0
709,38,36 to 45,Female,Single,Sales,Sales Executive,2,4 Master,Marketing,Travel_Rarely,7,No,4028,Q2,20,0,8,7,6 to 10,7,0,5,0,2,4 Very High,4 Very High,1 Low,2 Medium,3 Better,Good,4,No,0
710,29,26 to 35,Male,Divorced,Research & Development,Research Scientist,1,4 Master,Life Sciences,Travel_Frequently,1,No,2720,Q1 lowest,18,1,10,10,6 to 10,7,2,8,1,5,4 Very High,2 Medium,4 Very High,1 Low,3 Better,Good,3,No,0
712,48,46 to 60,Male,Married,Sales,Sales Executive,2,1 Below College,Marketing,Travel_Rarely,2,No,8120,Q3,12,0,12,2,1 to 2,2,2,2,3,3,2 Medium,2 Medium,4 Very High,4 Very High,3 Better,Below average,3,No,0
714,27,26 to 35,Female,Divorced,Sales,Sales Executive,2,1 Below College,Medical,Travel_Frequently,3,Yes,4647,Q2,20,2,6,6,6 to 10,5,0,4,1,3,4 Very High,4 Very High,2 Medium,4 Very High,3 Better,Good,4,No,0
715,37,36 to 45,Male,Single,Research & Development,Research Scientist,1,2 College,Life Sciences,Travel_Rarely,10,No,4680,Q2,17,0,4,1,Under 1 year,0,0,0,3,2,4 Very High,4 Very High,1 Low,4 Very High,3 Better,Good,3,No,0
716,50,46 to 60,Male,Married,Research & Development,Laboratory Technician,1,1 Below College,Medical,Travel_Rarely,28,Yes,3221,Q2,11,3,20,20,Over 10,8,3,8,1,3,3 High,4 Very High,3 High,4 Very High,3 Better,Good,3,No,0
717,34,26 to 35,Female,Single,Research & Development,Healthcare Representative,3,3 Bachelor,Medical,Travel_Rarely,9,No,8621,Q4 highest,14,0,9,8,6 to 10,7,7,7,1,3,2 Medium,4 Very High,2 Medium,2 Medium,4 Best,Good,3,No,0
720,24,18 to 25,Female,Single,Sales,Sales Executive,2,2 College,Life Sciences,Travel_Rarely,3,No,4577,Q2,14,0,4,2,1 to 2,2,2,0,9,3,3 High,1 Low,1 Low,3 High,3 Better,Low,3,Yes,1
721,39,36 to 45,Female,Single,Research & Development,Healthcare Representative,2,4 Master,Technical Degree,Travel_Rarely,2,No,4553,Q2,11,0,20,20,Over 10,7,11,10,1,4,3 High,4 Very High,1 Low,2 Medium,3 Better,Below average,3,No,0
722,32,26 to 35,Male,Single,Sales,Sales Executive,2,3 Bachelor,Marketing,Travel_Rarely,10,No,5396,Q3,12,0,10,10,6 to 10,7,0,8,1,2,4 Very High,4 Very High,4 Very High,3 High,2 Good,Good,3,No,0
723,50,46 to 60,Male,Married,Sales,Sales Executive,2,2 College,Technical Degree,Travel_Frequently,8,Yes,6796,Q3,14,1,18,4,3 to 5,3,1,3,3,4,3 High,2 Medium,1 Low,3 High,3 Better,Below average,3,Yes,1
724,38,36 to 45,Female,Single,Research & Development,Healthcare Representative,2,4 Master,Life Sciences,Travel_Rarely,1,No,7625,Q3,13,0,10,9,6 to 10,7,1,8,0,4,4 Very High,2 Medium,3 High,4 Very High,2 Good,Below average,3,No,0
725,27,26 to 35,Female,Married,Research & Development,Manufacturing Director,3,2 College,Life Sciences,Travel_Rarely,1,No,7412,Q3,11,0,9,9,6 to 10,7,0,7,1,3,1 Low,3 High,4 Very High,3 High,3 Better,Below average,3,No,0
727,32,26 to 35,Female,Single,Research & Development,Research Director,3,2 College,Life Sciences,Travel_Rarely,3,No,11159,Q4 highest,15,0,10,7,6 to 10,7,7,7,3,6,4 Very High,3 High,4 Very High,3 High,3 Better,Good,3,No,0
728,47,46 to 60,Male,Single,Sales,Sales Executive,2,4 Master,Marketing,Travel_Rarely,14,No,4960,Q3,12,0,20,7,6 to 10,7,1,7,2,2,1 Low,4 Very High,4 Very High,3 High,3 Better,Good,3,No,0
729,40,36 to 45,Male,Married,Sales,Sales Executive,3,4 Master,Life Sciences,Travel_Frequently,5,Yes,10475,Q4 highest,21,1,20,18,Over 10,13,1,12,5,2,1 Low,4 Very High,3 High,2 Medium,3 Better,Below average,4,No,0
730,53,46 to 60,Male,Married,Research & Development,Research Director,4,3 Bachelor,Life Sciences,Travel_Rarely,7,No,14814,Q4 highest,19,0,32,5,3 to 5,1,1,3,3,3,3 High,3 High,3 High,4 Very High,3 Better,Good,3,No,0
731,41,36 to 45,Male,Divorced,Human Resources,Manager,5,4 Master,Human Resources,Travel_Rarely,10,No,19141,Q4 highest,15,3,23,21,Over 10,6,12,6,3,2,4 Very High,2 Medium,2 Medium,2 Medium,2 Good,Below average,3,No,0
732,60,46 to 60,Male,Single,Sales,Sales Executive,2,4 Master,Marketing,Travel_Rarely,16,No,5405,Q3,14,0,10,2,1 to 2,2,2,2,8,1,1 Low,1 Low,4 Very High,3 High,3 Better,Below average,3,No,0
733,27,26 to 35,Male,Divorced,Research & Development,Manufacturing Director,3,2 College,Life Sciences,Travel_Frequently,10,No,8793,Q4 highest,21,2,9,9,6 to 10,7,1,7,1,4,1 Low,4 Very High,3 High,3 High,2 Good,Below average,4,No,0
734,41,36 to 45,Male,Married,Human Resources,Manager,5,3 Bachelor,Human Resources,Travel_Rarely,1,No,19189,Q4 highest,12,1,22,22,Over 10,7,2,10,1,3,3 High,4 Very High,2 Medium,2 Medium,3 Better,Good,3,No,0
738,50,46 to 60,Male,Married,Sales,Sales Representative,1,4 Master,Marketing,Travel_Rarely,8,No,3875,Q2,15,1,4,2,1 to 2,2,2,2,7,2,2 Medium,4 Very High,4 Very High,3 High,3 Better,Good,3,No,0
741,28,26 to 35,Female,Single,Research & Development,Research Scientist,1,2 College,Life Sciences,Travel_Rarely,1,Yes,2216,Q1 lowest,13,0,10,7,6 to 10,7,3,7,7,4,2 Medium,1 Low,4 Very High,1 Low,3 Better,Below average,3,Yes,1
742,36,36 to 45,Female,Married,Research & Development,Research Director,3,3 Bachelor,Life Sciences,Non-Travel,8,No,11713,Q4 highest,14,1,10,8,6 to 10,7,0,5,9,2,1 Low,1 Low,1 Low,4 Very High,3 Better,Low,3,No,0
743,38,36 to 45,Female,Single,Research & Development,Manufacturing Director,3,3 Bachelor,Life Sciences,Travel_Rarely,1,Yes,7861,Q3,14,0,10,1,Under 1 year,0,0,0,4,4,3 High,3 High,4 Very High,3 High,4 Best,Good,3,No,0
744,44,36 to 45,Male,Single,Research & Development,Laboratory Technician,1,3 Bachelor,Medical,Non-Travel,24,No,3708,Q2,14,0,9,5,3 to 5,2,1,4,2,5,3 High,1 Low,3 High,1 Low,3 Better,Below average,3,No,0
746,47,46 to 60,Female,Divorced,Sales,Sales Executive,4,3 Bachelor,Medical,Travel_Frequently,3,Yes,13770,Q4 highest,12,2,28,22,Over 10,2,11,13,9,2,3 High,4 Very High,4 Very High,3 High,2 Good,Good,3,No,0
747,30,26 to 35,Male,Divorced,Sales,Sales Executive,2,5 Doctor,Marketing,Travel_Rarely,27,No,5304,Q3,23,1,10,8,6 to 10,7,7,7,7,2,4 Very High,3 High,4 Very High,3 High,2 Good,Good,4,No,0
749,29,26 to 35,Male,Single,Sales,Sales Representative,1,3 Bachelor,Life Sciences,Travel_Rarely,10,No,2642,Q1 lowest,11,0,1,1,Under 1 year,0,0,0,1,6,3 High,3 High,3 High,3 High,3 Better,Good,3,No,0
752,42,36 to 45,Male,Divorced,Research & Development,Research Scientist,1,3 Bachelor,Medical,Travel_Frequently,19,Yes,2759,Q1 lowest,12,0,7,2,1 to 2,2,2,2,6,2,3 High,3 High,4 Very High,4 Very High,3 Better,Good,3,Yes,1
754,43,36 to 45,Male,Married,Sales,Sales Executive,2,3 Bachelor,Life Sciences,Travel_Frequently,15,No,6804,Q3,18,1,7,2,1 to 2,2,2,2,3,5,4 Very High,4 Very High,3 High,2 Medium,3 Better,Good,3,No,0
757,34,26 to 35,Female,Single,Research & Development,Healthcare Representative,2,2 College,Medical,Travel_Rarely,8,No,6142,Q3,11,0,10,5,3 to 5,1,4,3,3,2,3 High,2 Medium,4 Very High,3 High,3 Better,Good,3,No,0
758,23,18 to 25,Male,Married,Research & Development,Laboratory Technician,1,1 Below College,Medical,Travel_Rarely,9,No,2500,Q1 lowest,14,1,5,4,3 to 5,3,0,2,1,2,1 Low,2 Medium,4 Very High,3 High,4 Best,Below average,3,No,0
760,39,36 to 45,Female,Married,Human Resources,Human Resources,2,3 Bachelor,Human Resources,Travel_Rarely,3,No,6389,Q3,15,1,12,8,6 to 10,3,3,6,9,3,2 Medium,3 High,3 High,4 Very High,1 Bad,Below average,3,No,0
762,56,46 to 60,Male,Married,Research & Development,Healthcare Representative,4,3 Bachelor,Medical,Travel_Rarely,9,No,11103,Q4 highest,11,0,30,10,6 to 10,7,1,1,7,1,4 Very High,3 High,3 High,3 High,2 Good,Good,3,No,0
763,40,36 to 45,Female,Single,Research & Development,Research Scientist,1,1 Below College,Medical,Travel_Rarely,2,Yes,2342,Q1 lowest,20,0,5,4,3 to 5,2,2,3,0,2,4 Very High,4 Very High,4 Very High,2 Medium,2 Good,Good,4,No,0
764,27,26 to 35,Female,Single,Research & Development,Healthcare Representative,2,3 Bachelor,Medical,Travel_Rarely,7,No,6811,Q3,19,0,9,7,6 to 10,6,0,7,8,2,1 Low,4 Very High,1 Low,2 Medium,1 Bad,Low,3,No,0
766,29,26 to 35,Male,Divorced,Sales,Sales Representative,1,3 Bachelor,Marketing,Travel_Rarely,10,No,2297,Q1 lowest,14,2,2,2,1 to 2,2,2,2,1,2,2 Medium,4 Very High,4 Very High,3 High,3 Better,Good,3,No,0
769,53,46 to 60,Male,Single,Research & Development,Laboratory Technician,2,3 Bachelor,Life Sciences,Travel_Rarely,6,No,2450,Q1 lowest,17,0,19,2,1 to 2,2,2,2,2,4,4 Very High,4 Very High,4 Very High,3 High,3 Better,High,3,No,0
771,35,26 to 35,Female,Divorced,Research & Development,Healthcare Representative,2,4 Master,Life Sciences,Non-Travel,2,No,5093,Q3,11,1,16,1,Under 1 year,0,0,0,2,2,1 Low,4 Very High,1 Low,3 High,4 Best,Below average,3,No,0
772,32,26 to 35,Male,Married,Research & Development,Laboratory Technician,2,4 Master,Life Sciences,Travel_Frequently,24,No,5309,Q3,15,2,10,10,6 to 10,8,4,7,1,2,4 Very High,1 Low,4 Very High,3 High,3 Better,Good,3,No,0
773,38,36 to 45,Male,Married,Research & Development,Research Scientist,1,5 Doctor,Medical,Travel_Rarely,2,Yes,3057,Q2,13,1,6,1,Under 1 year,0,0,1,6,0,3 High,4 Very High,2 Medium,3 High,1 Bad,Below average,3,No,0
775,34,26 to 35,Female,Divorced,Research & Development,Manufacturing Director,2,5 Doctor,Life Sciences,Travel_Rarely,8,No,5121,Q3,14,1,7,0,Under 1 year,0,0,0,3,3,1 Low,2 Medium,3 High,3 High,3 Better,Below average,3,No,0
776,52,46 to 60,Male,Married,Sales,Manager,4,4 Master,Marketing,Travel_Rarely,3,No,16856,Q4 highest,11,0,34,34,Over 10,6,1,16,1,3,1 Low,3 High,1 Low,2 Medium,4 Best,Below average,3,No,0
780,33,26 to 35,Male,Single,Research & Development,Research Scientist,1,4 Master,Other,Travel_Rarely,1,Yes,2686,Q1 lowest,13,0,10,10,6 to 10,9,7,8,1,2,4 Very High,4 Very High,3 High,3 High,2 Good,Good,3,Yes,1
781,25,18 to 25,Female,Single,Sales,Sales Executive,2,1 Below College,Medical,Travel_Rarely,26,No,6180,Q3,23,0,6,6,6 to 10,5,1,4,1,5,4 Very High,3 High,2 Medium,3 High,2 Good,Below average,4,No,0
783,45,36 to 45,Male,Single,Sales,Sales Representative,2,2 College,Technical Degree,Travel_Rarely,2,No,6632,Q3,13,0,9,8,6 to 10,7,3,1,0,3,3 High,2 Medium,1 Low,1 Low,3 Better,Below average,3,No,0
784,23,18 to 25,Male,Single,Research & Development,Research Scientist,1,1 Below College,Medical,Travel_Rarely,10,No,3505,Q2,18,0,2,2,1 to 2,2,0,2,1,3,3 High,1 Low,4 Very High,4 Very High,3 Better,Below average,3,No,0
785,47,46 to 60,Female,Single,Sales,Sales Executive,2,2 College,Life Sciences,Travel_Frequently,27,Yes,6397,Q3,12,0,8,5,3 to 5,4,1,3,4,2,3 High,2 Medium,4 Very High,4 Very High,3 Better,Good,3,Yes,1
786,34,26 to 35,Male,Single,Sales,Sales Executive,2,3 Bachelor,Other,Travel_Rarely,2,No,6274,Q3,22,0,6,6,6 to 10,5,1,4,1,5,4 Very High,4 Very High,3 High,3 High,3 Better,Good,4,No,0
787,55,46 to 60,Male,Married,Research & Development,Manager,5,3 Bachelor,Medical,Travel_Rarely,2,Yes,19859,Q4 highest,13,1,24,5,3 to 5,2,1,4,5,2,1 Low,4 Very High,4 Very High,3 High,3 Better,Good,3,Yes,1
789,36,36 to 45,Male,Single,Sales,Sales Executive,3,4 Master,Life Sciences,Non-Travel,8,No,7587,Q3,15,0,10,10,6 to 10,7,0,9,1,1,1 Low,1 Low,2 Medium,2 Medium,3 Better,Low,3,No,0
791,52,46 to 60,Male,Married,Research & Development,Research Scientist,1,4 Master,Medical,Non-Travel,19,No,4258,Q2,18,1,5,4,3 to 5,3,1,2,0,3,4 Very High,4 Very High,1 Low,3 High,3 Better,Good,3,No,0
792,26,26 to 35,Female,Divorced,Research & Development,Laboratory Technician,1,2 College,Life Sciences,Travel_Frequently,1,No,4364,Q2,14,1,5,2,1 to 2,2,2,0,3,2,4 Very High,1 Low,1 Low,1 Low,3 Better,Below average,3,No,0
793,29,26 to 35,Female,Married,Research & Development,Healthcare Representative,2,3 Bachelor,Medical,Travel_Rarely,27,No,4335,Q2,12,1,11,8,6 to 10,7,1,1,4,3,3 High,2 Medium,1 Low,3 High,2 Good,Low,3,No,0
796,26,26 to 35,Male,Single,Sales,Sales Executive,2,3 Bachelor,Technical Degree,Travel_Rarely,8,No,5326,Q3,17,0,6,4,3 to 5,3,1,2,6,2,1 Low,4 Very High,3 High,2 Medium,2 Good,Below average,3,Yes,1
797,34,26 to 35,Female,Single,Research & Development,Research Scientist,1,4 Master,Life Sciences,Travel_Rarely,1,No,3280,Q2,16,0,10,4,3 to 5,2,1,3,2,2,4 Very High,2 Medium,3 High,4 Very High,3 Better,Good,3,No,0
799,54,46 to 60,Female,Divorced,Research & Development,Manufacturing Director,2,4 Master,Medical,Travel_Rarely,19,Yes,5485,Q3,11,2,9,5,3 to 5,3,1,4,9,4,1 Low,4 Very High,2 Medium,3 High,3 Better,Below average,3,No,0
800,27,26 to 35,Male,Married,Sales,Sales Executive,2,1 Below College,Marketing,Travel_Frequently,8,No,4342,Q2,19,1,5,4,3 to 5,2,1,1,0,3,4 Very High,3 High,2 Medium,3 High,3 Better,Good,3,No,0
802,37,36 to 45,Female,Divorced,Research & Development,Research Scientist,1,1 Below College,Life Sciences,Travel_Rarely,10,Yes,2782,Q1 lowest,13,2,6,5,3 to 5,3,4,3,0,3,1 Low,4 Very High,2 Medium,3 High,2 Good,Below average,3,No,0
803,38,36 to 45,Female,Single,Research & Development,Manufacturing Director,2,4 Master,Life Sciences,Travel_Frequently,2,Yes,5980,Q3,12,0,17,15,Over 10,7,4,12,6,2,1 Low,1 Low,4 Very High,4 Very High,3 Better,Below average,3,No,0
804,34,26 to 35,Female,Single,Research & Development,Research Scientist,1,4 Master,Medical,Travel_Rarely,2,No,4381,Q2,11,0,6,6,6 to 10,5,1,3,1,3,1 Low,3 High,3 High,2 Medium,3 Better,Below average,3,No,0
805,35,26 to 35,Female,Married,Sales,Sales Representative,1,4 Master,Life Sciences,Travel_Rarely,8,No,2572,Q1 lowest,16,1,3,3,3 to 5,2,0,2,1,1,4 Very High,1 Low,2 Medium,3 High,2 Good,Below average,3,No,0
806,30,26 to 35,Male,Married,Research & Development,Laboratory Technician,1,3 Bachelor,Life Sciences,Travel_Rarely,1,No,3833,Q2,21,2,7,2,1 to 2,2,0,2,3,2,3 High,4 Very High,3 High,1 Low,3 Better,Good,4,No,0
807,40,36 to 45,Female,Married,Research & Development,Healthcare Representative,2,2 College,Medical,Travel_Frequently,2,No,4244,Q2,24,1,8,8,6 to 10,7,3,7,1,2,2 Medium,3 High,4 Very High,4 Very High,3 Better,Good,4,No,0
808,34,26 to 35,Female,Married,Sales,Sales Executive,2,2 College,Life Sciences,Travel_Rarely,8,No,6500,Q3,17,1,6,3,3 to 5,2,1,2,5,1,1 Low,3 High,2 Medium,3 High,3 Better,Below average,3,No,0
809,42,36 to 45,Male,Divorced,Research & Development,Manager,5,3 Bachelor,Life Sciences,Travel_Frequently,8,No,18430,Q4 highest,13,1,24,24,Over 10,7,14,9,1,4,4 Very High,2 Medium,2 Medium,3 High,2 Good,Below average,3,No,0
811,23,18 to 25,Male,Married,Research & Development,Laboratory Technician,1,3 Bachelor,Life Sciences,Travel_Rarely,6,Yes,1601,Q1 lowest,21,2,1,0,Under 1 year,0,0,0,1,2,1 Low,3 High,3 High,4 Very High,3 Better,Below average,4,Yes,1
812,24,18 to 25,Male,Divorced,Research & Development,Laboratory Technician,1,3 Bachelor,Life Sciences,Non-Travel,9,No,2694,Q1 lowest,11,3,1,1,Under 1 year,0,0,0,1,4,2 Medium,3 High,3 High,2 Medium,3 Better,Below average,3,No,0
813,52,46 to 60,Female,Married,Research & Development,Laboratory Technician,2,4 Master,Life Sciences,Travel_Rarely,11,No,3149,Q2,20,1,9,5,3 to 5,2,1,4,8,3,3 High,4 Very High,2 Medium,3 High,3 Better,Good,4,No,0
815,50,46 to 60,Male,Married,Research & Development,Research Director,4,3 Bachelor,Medical,Travel_Rarely,2,No,17639,Q4 highest,16,0,30,4,3 to 5,3,0,3,5,3,3 High,3 High,4 Very High,3 High,3 Better,Good,3,No,0
816,29,26 to 35,Female,Married,Research & Development,Laboratory Technician,1,2 College,Life Sciences,Travel_Rarely,1,Yes,2319,Q1 lowest,11,1,1,1,Under 1 year,0,0,0,1,1,1 Low,2 Medium,4 Very High,2 Medium,3 Better,Below average,3,Yes,1
817,33,26 to 35,Male,Married,Research & Development,Research Director,3,3 Bachelor,Medical,Travel_Rarely,7,No,11691,Q4 highest,11,0,14,13,Over 10,9,3,7,0,3,3 High,3 High,4 Very High,3 High,4 Best,Good,3,No,0
819,33,26 to 35,Female,Single,Sales,Sales Executive,2,3 Bachelor,Marketing,Travel_Rarely,16,No,5324,Q3,15,0,6,3,3 to 5,2,0,2,5,3,1 Low,1 Low,3 High,3 High,3 Better,Low,3,Yes,1
820,47,46 to 60,Female,Married,Research & Development,Manager,4,2 College,Other,Travel_Rarely,2,Yes,16752,Q4 highest,11,1,26,26,Over 10,14,3,0,1,3,4 Very High,3 High,3 High,3 High,2 Good,Good,3,No,0
823,36,36 to 45,Female,Married,Research & Development,Manufacturing Director,2,3 Bachelor,Other,Travel_Rarely,1,No,5228,Q3,15,1,10,9,6 to 10,7,0,5,0,2,2 Medium,3 High,1 Low,3 High,3 Better,Below average,3,No,0
824,29,26 to 35,Male,Married,Research & Development,Research Scientist,1,2 College,Life Sciences,Travel_Rarely,23,No,2700,Q1 lowest,24,1,10,10,6 to 10,7,0,7,1,3,3 High,3 High,3 High,4 Very High,3 Better,Good,4,No,0
825,58,46 to 60,Male,Single,Research & Development,Research Director,5,4 Master,Life Sciences,Travel_Rarely,2,Yes,19246,Q4 highest,12,0,40,31,Over 10,15,13,8,7,2,2 Medium,4 Very High,4 Very High,3 High,3 Better,Good,3,Yes,1
826,35,26 to 35,Female,Single,Research & Development,Research Scientist,1,4 Master,Life Sciences,Travel_Rarely,1,No,2506,Q1 lowest,13,0,7,2,1 to 2,2,2,2,3,0,3 High,4 Very High,3 High,4 Very High,3 Better,Good,3,No,0
827,42,36 to 45,Female,Married,Research & Development,Manufacturing Director,2,2 College,Life Sciences,Travel_Rarely,1,Yes,6062,Q3,13,1,8,4,3 to 5,3,0,2,9,4,4 Very High,4 Very High,4 Very High,2 Medium,3 Better,High,3,No,0
828,28,26 to 35,Male,Single,Research & Development,Research Scientist,1,4 Master,Medical,Travel_Rarely,2,No,4382,Q2,17,0,5,2,1 to 2,2,2,1,6,3,3 High,3 High,4 Very High,3 High,2 Good,Good,3,Yes,1
829,36,36 to 45,Male,Married,Human Resources,Human Resources,1,3 Bachelor,Human Resources,Travel_Rarely,13,No,2143,Q1 lowest,13,1,8,5,3 to 5,2,0,4,4,2,2 Medium,3 High,2 Medium,3 High,3 Better,Below average,3,No,0
830,32,26 to 35,Female,Married,Research & Development,Manufacturing Director,2,3 Bachelor,Life Sciences,Travel_Rarely,4,No,6162,Q3,12,1,14,14,Over 10,13,6,8,1,3,3 High,3 High,3 High,2 Medium,3 Better,Good,3,No,0
832,40,36 to 45,Male,Single,Research & Development,Laboratory Technician,2,4 Master,Medical,Travel_Frequently,16,No,5094,Q3,14,0,10,1,Under 1 year,0,0,0,6,6,3 High,1 Low,4 Very High,2 Medium,3 Better,Below average,3,No,0
833,30,26 to 35,Female,Single,Research & Development,Manufacturing Director,2,3 Bachelor,Medical,Travel_Rarely,2,Yes,6877,Q3,24,0,12,0,Under 1 year,0,0,0,5,4,4 Very High,3 High,2 Medium,2 Medium,2 Good,Below average,4,No,0
834,45,36 to 45,Female,Single,Research & Development,Research Scientist,1,3 Bachelor,Life Sciences,Travel_Rarely,2,No,2274,Q1 lowest,14,0,1,1,Under 1 year,0,0,0,1,3,3 High,2 Medium,4 Very High,2 Medium,3 Better,Good,3,No,0
836,42,36 to 45,Male,Married,Research & Development,Manufacturing Director,2,3 Bachelor,Life Sciences,Travel_Rarely,29,No,4434,Q2,13,1,10,9,6 to 10,8,7,8,1,3,2 Medium,2 Medium,4 Very High,3 High,2 Good,Below average,3,No,0
837,38,36 to 45,Male,Divorced,Research & Development,Healthcare Representative,2,3 Bachelor,Life Sciences,Travel_Frequently,12,No,6288,Q3,15,1,13,4,3 to 5,3,1,2,2,3,1 Low,1 Low,3 High,2 Medium,2 Good,Low,3,No,0
838,34,26 to 35,Female,Single,Research & Development,Research Scientist,1,4 Master,Life Sciences,Travel_Frequently,16,No,2553,Q1 lowest,16,0,6,5,3 to 5,2,1,3,1,3,4 Very High,3 High,3 High,2 Medium,3 Better,Good,3,No,0
840,49,46 to 60,Female,Married,Sales,Sales Executive,3,3 Bachelor,Marketing,Travel_Rarely,11,No,7654,Q3,18,2,9,9,6 to 10,8,7,7,1,3,4 Very High,3 High,1 Low,3 High,4 Best,Good,3,Yes,1
842,55,46 to 60,Male,Single,Sales,Sales Executive,2,1 Below College,Medical,Travel_Rarely,2,No,5160,Q3,16,0,12,9,6 to 10,7,7,3,4,3,4 Very High,3 High,3 High,3 High,2 Good,Good,3,Yes,1
843,43,36 to 45,Male,Married,Research & Development,Research Director,4,2 College,Life Sciences,Travel_Rarely,14,No,17159,Q4 highest,24,1,22,4,3 to 5,1,1,0,6,3,1 Low,2 Medium,3 High,3 High,3 Better,Below average,4,No,0
844,27,26 to 35,Male,Divorced,Research & Development,Research Director,3,1 Below College,Technical Degree,Travel_Rarely,5,Yes,12808,Q4 highest,16,1,9,9,6 to 10,8,0,8,1,3,4 Very High,3 High,2 Medium,2 Medium,3 Better,Good,3,No,0
845,35,26 to 35,Male,Single,Research & Development,Manufacturing Director,3,3 Bachelor,Other,Travel_Rarely,7,No,10221,Q4 highest,21,0,17,8,6 to 10,5,1,6,3,3,3 High,3 High,2 Medium,3 High,4 Best,Good,4,No,0
846,28,26 to 35,Female,Married,Sales,Sales Executive,2,4 Master,Marketing,Travel_Rarely,2,Yes,4779,Q2,20,0,8,8,6 to 10,7,7,5,1,2,2 Medium,2 Medium,1 Low,3 High,3 Better,Low,4,No,0
847,34,26 to 35,Male,Married,Human Resources,Human Resources,1,2 College,Human Resources,Travel_Rarely,3,No,3737,Q2,19,1,4,3,3 to 5,2,0,2,0,1,4 Very High,3 High,3 High,3 High,1 Bad,Below average,3,No,0
848,26,26 to 35,Female,Married,Research & Development,Research Scientist,1,2 College,Medical,Travel_Frequently,5,Yes,2366,Q1 lowest,14,1,8,8,6 to 10,7,1,7,1,2,3 High,3 High,1 Low,2 Medium,3 Better,Below average,3,Yes,1
850,27,26 to 35,Male,Married,Research & Development,Research Scientist,1,3 Bachelor,Medical,Non-Travel,3,No,1706,Q1 lowest,11,3,0,0,Under 1 year,0,0,0,1,6,4 Very High,4 Very High,3 High,3 High,2 Good,Good,3,No,0
851,51,46 to 60,Female,Married,Sales,Manager,4,4 Master,Marketing,Travel_Rarely,26,No,16307,Q4 highest,14,1,29,20,Over 10,6,4,17,2,2,3 High,1 Low,3 High,3 High,2 Good,Below average,3,No,0
852,44,36 to 45,Male,Single,Research & Development,Healthcare Representative,2,3 Bachelor,Medical,Travel_Rarely,4,No,5933,Q3,12,0,10,5,3 to 5,2,2,3,9,2,2 Medium,4 Very High,4 Very High,3 High,2 Good,Good,3,No,0
854,25,18 to 25,Male,Single,Research & Development,Research Scientist,1,1 Below College,Medical,Travel_Rarely,2,No,3424,Q2,13,0,6,4,3 to 5,3,0,1,7,3,1 Low,1 Low,3 High,4 Very High,2 Good,Low,3,No,0
855,33,26 to 35,Male,Divorced,Sales,Sales Executive,2,3 Bachelor,Medical,Travel_Rarely,1,No,4037,Q2,22,1,9,9,6 to 10,8,0,8,1,5,1 Low,1 Low,1 Low,4 Very High,3 Better,Low,4,No,0
856,35,26 to 35,Female,Single,Research & Development,Research Scientist,1,1 Below College,Medical,Travel_Rarely,27,No,2559,Q1 lowest,11,0,6,6,6 to 10,5,1,1,1,3,1 Low,3 High,4 Very High,2 Medium,2 Good,Below average,3,No,0
857,36,36 to 45,Male,Married,Sales,Sales Executive,2,2 College,Life Sciences,Travel_Rarely,1,Yes,6201,Q3,14,1,18,18,Over 10,14,4,11,1,1,4 Very High,2 Medium,4 Very High,3 High,2 Good,Good,3,No,0
859,32,26 to 35,Male,Divorced,Sales,Sales Executive,2,4 Master,Life Sciences,Travel_Rarely,13,No,4403,Q2,11,1,8,5,3 to 5,2,0,3,2,3,4 Very High,2 Medium,3 High,3 High,2 Good,Below average,3,No,0
861,30,26 to 35,Male,Divorced,Research & Development,Research Scientist,1,4 Master,Life Sciences,Travel_Frequently,5,No,3761,Q2,12,1,10,5,3 to 5,4,0,3,9,3,4 Very High,2 Medium,2 Medium,2 Medium,2 Good,Below average,3,No,0
862,53,46 to 60,Female,Married,Sales,Sales Executive,3,2 College,Marketing,Travel_Rarely,7,Yes,10934,Q4 highest,18,1,35,5,3 to 5,2,0,4,7,3,4 Very High,1 Low,4 Very High,2 Medium,3 Better,Good,3,No,0
864,45,36 to 45,Male,Divorced,Sales,Sales Executive,3,3 Bachelor,Marketing,Travel_Rarely,9,Yes,10761,Q4 highest,12,1,18,5,3 to 5,4,0,2,4,2,1 Low,4 Very High,3 High,3 High,3 Better,Below average,3,No,0
865,32,26 to 35,Female,Married,Research & Development,Research Scientist,2,2 College,Medical,Travel_Rarely,8,No,5175,Q3,12,1,9,5,3 to 5,3,1,3,5,3,3 High,3 High,3 High,4 Very High,2 Good,Below average,3,No,0
867,52,46 to 60,Female,Married,Research & Development,Manufacturing Director,4,4 Master,Medical,Travel_Frequently,25,No,13826,Q4 highest,22,0,31,9,6 to 10,8,0,0,3,3,4 Very High,3 High,3 High,2 Medium,3 Better,Good,4,No,0
868,37,36 to 45,Male,Divorced,Sales,Sales Executive,2,4 Master,Marketing,Travel_Rarely,16,No,6334,Q3,19,2,9,1,Under 1 year,0,0,0,4,2,3 High,4 Very High,4 Very High,2 Medium,3 Better,Good,3,No,0
869,28,26 to 35,Male,Divorced,Human Resources,Human Resources,1,2 College,Medical,Travel_Rarely,8,No,4936,Q3,13,1,6,5,3 to 5,1,0,4,1,6,4 Very High,2 Medium,4 Very High,2 Medium,3 Better,Good,3,No,0
872,22,18 to 25,Male,Married,Research & Development,Manufacturing Director,2,2 College,Life Sciences,Travel_Rarely,1,No,4775,Q2,22,2,4,2,1 to 2,2,2,2,6,2,4 Very High,4 Very High,1 Low,2 Medium,1 Bad,Below average,4,No,0
874,44,36 to 45,Male,Married,Research & Development,Laboratory Technician,1,4 Master,Life Sciences,Travel_Rarely,8,Yes,2818,Q1 lowest,24,1,10,3,3 to 5,2,0,2,2,2,4 Very High,1 Low,3 High,4 Very High,2 Good,Below average,4,No,0
875,42,36 to 45,Male,Single,Research & Development,Research Scientist,1,1 Below College,Medical,Travel_Frequently,2,Yes,2515,Q1 lowest,14,0,8,2,1 to 2,1,2,2,5,2,4 Very High,2 Medium,4 Very High,3 High,3 Better,Good,3,No,0
878,36,36 to 45,Male,Married,Human Resources,Human Resources,1,3 Bachelor,Life Sciences,Travel_Rarely,8,No,2342,Q1 lowest,21,0,6,5,3 to 5,4,0,3,0,3,1 Low,1 Low,3 High,2 Medium,3 Better,Low,4,No,0
879,25,18 to 25,Male,Married,Sales,Sales Executive,2,1 Below College,Other,Travel_Rarely,3,Yes,4194,Q2,18,0,5,5,3 to 5,3,0,3,1,3,1 Low,3 High,4 Very High,3 High,3 Better,Below average,3,No,0
880,35,26 to 35,Female,Married,Research & Development,Manufacturing Director,3,3 Bachelor,Life Sciences,Travel_Rarely,9,Yes,10685,Q4 highest,20,1,17,17,Over 10,14,5,15,1,2,3 High,4 Very High,2 Medium,2 Medium,3 Better,Good,4,No,0
881,35,26 to 35,Female,Divorced,Research & Development,Research Scientist,1,4 Master,Life Sciences,Travel_Frequently,25,Yes,2022,Q1 lowest,19,1,10,10,6 to 10,2,7,8,1,3,2 Medium,4 Very High,1 Low,3 High,2 Good,Below average,3,Yes,1
882,32,26 to 35,Male,Divorced,Research & Development,Laboratory Technician,1,3 Bachelor,Life Sciences,Non-Travel,1,No,2314,Q1 lowest,12,1,4,3,3 to 5,0,0,2,0,2,4 Very High,4 Very High,2 Medium,3 High,3 Better,Good,3,No,0
885,25,18 to 25,Male,Married,Sales,Sales Executive,2,1 Below College,Marketing,Travel_Rarely,4,No,4256,Q2,12,0,5,5,3 to 5,2,0,3,1,1,1 Low,3 High,1 Low,2 Medium,4 Best,Below average,3,No,0
887,49,46 to 60,Female,Married,Research & Development,Research Scientist,1,3 Bachelor,Technical Degree,Travel_Rarely,1,No,3580,Q2,16,1,7,4,3 to 5,2,0,2,2,2,1 Low,3 High,2 Medium,3 High,3 Better,Below average,3,No,0
888,24,18 to 25,Male,Married,Research & Development,Laboratory Technician,1,1 Below College,Life Sciences,Non-Travel,4,No,3162,Q2,17,0,6,5,3 to 5,2,3,4,0,2,4 Very High,1 Low,4 Very High,2 Medium,2 Good,Below average,3,No,0
889,32,26 to 35,Male,Married,Sales,Sales Executive,2,2 College,Life Sciences,Travel_Frequently,5,No,6524,Q3,14,1,10,10,6 to 10,8,5,3,1,3,2 Medium,2 Medium,4 Very High,3 High,3 Better,Below average,3,No,0
893,38,36 to 45,Male,Married,Sales,Sales Representative,1,3 Bachelor,Marketing,Travel_Rarely,9,No,2899,Q1 lowest,19,1,3,2,1 to 2,2,1,2,0,3,2 Medium,2 Medium,4 Very High,2 Medium,3 Better,Below average,3,No,0
894,42,36 to 45,Female,Married,Research & Development,Laboratory Technician,2,3 Bachelor,Life Sciences,Travel_Rarely,3,Yes,5231,Q3,13,1,17,5,3 to 5,3,1,3,2,1,4 Very High,3 High,2 Medium,4 Very High,2 Good,Below average,3,No,0
895,31,26 to 35,Male,Married,Research & Development,Research Scientist,1,4 Master,Life Sciences,Travel_Rarely,11,Yes,2356,Q1 lowest,19,1,8,6,6 to 10,4,0,2,3,2,4 Very High,4 Very High,2 Medium,3 High,3 Better,Good,3,No,0
896,29,26 to 35,Female,Divorced,Sales,Sales Representative,1,3 Bachelor,Medical,Travel_Rarely,1,Yes,2800,Q1 lowest,19,3,5,3,3 to 5,2,0,2,6,3,3 High,2 Medium,3 High,2 Medium,3 Better,Below average,3,Yes,1
897,53,46 to 60,Male,Married,Sales,Sales Executive,4,3 Bachelor,Marketing,Travel_Rarely,8,No,11836,Q4 highest,14,1,28,2,1 to 2,0,2,2,5,3,4 Very High,1 Low,3 High,3 High,3 Better,Below average,3,No,0
899,35,26 to 35,Male,Married,Research & Development,Manufacturing Director,3,3 Bachelor,Technical Degree,Travel_Rarely,25,No,10903,Q4 highest,16,0,16,13,Over 10,10,4,8,3,2,2 Medium,4 Very High,1 Low,2 Medium,3 Better,Below average,3,No,0
900,37,36 to 45,Female,Married,Sales,Sales Representative,1,2 College,Medical,Travel_Frequently,21,No,2973,Q2,15,1,10,5,3 to 5,4,0,0,5,3,4 Very High,3 High,2 Medium,3 High,3 Better,Good,3,No,0
901,53,46 to 60,Female,Single,Research & Development,Research Director,4,4 Master,Life Sciences,Travel_Rarely,23,No,14275,Q4 highest,18,0,33,12,Over 10,9,3,8,6,0,4 Very High,4 Very High,3 High,3 High,3 Better,Good,3,No,0
902,43,36 to 45,Female,Married,Research & Development,Healthcare Representative,2,3 Bachelor,Life Sciences,Travel_Frequently,1,No,5562,Q3,13,1,12,5,3 to 5,2,2,2,4,2,4 Very High,4 Very High,2 Medium,3 High,2 Good,Good,3,No,0
903,47,46 to 60,Female,Married,Sales,Sales Executive,2,2 College,Marketing,Travel_Rarely,2,Yes,4537,Q2,22,1,8,7,6 to 10,6,7,7,0,2,4 Very High,3 High,1 Low,3 High,3 Better,Below average,4,No,0
904,37,36 to 45,Male,Single,Sales,Sales Executive,3,2 College,Medical,Non-Travel,19,Yes,7642,Q3,13,0,10,10,6 to 10,0,0,9,1,2,2 Medium,1 Low,4 Very High,3 High,3 Better,Below average,3,No,0
905,50,46 to 60,Male,Divorced,Research & Development,Manager,4,4 Master,Life Sciences,Non-Travel,2,No,17924,Q4 highest,11,1,31,31,Over 10,6,14,7,1,3,1 Low,1 Low,4 Very High,3 High,3 Better,Below average,3,No,0
909,39,36 to 45,Female,Married,Human Resources,Human Resources,2,3 Bachelor,Life Sciences,Travel_Rarely,2,No,5204,Q3,11,2,13,5,3 to 5,4,0,4,8,2,4 Very High,4 Very High,3 High,2 Medium,3 Better,Good,3,No,0
910,33,26 to 35,Male,Divorced,Human Resources,Human Resources,1,2 College,Human Resources,Travel_Rarely,3,Yes,2277,Q1 lowest,11,1,7,4,3 to 5,3,0,3,3,4,2 Medium,4 Very High,3 High,3 High,4 Best,Good,3,No,0
911,32,26 to 35,Male,Single,Research & Development,Laboratory Technician,1,4 Master,Life Sciences,Travel_Rarely,25,Yes,2795,Q1 lowest,24,0,1,1,Under 1 year,0,0,1,1,2,4 Very High,1 Low,3 High,3 High,1 Bad,Below average,4,Yes,1
912,29,26 to 35,Female,Divorced,Research & Development,Laboratory Technician,1,1 Below College,Medical,Travel_Rarely,7,No,2532,Q1 lowest,14,3,8,4,3 to 5,3,0,3,6,5,4 Very High,1 Low,3 High,2 Medium,3 Better,Below average,3,No,0
913,44,36 to 45,Male,Married,Research & Development,Research Scientist,1,2 College,Life Sciences,Travel_Rarely,9,Yes,2559,Q1 lowest,13,0,8,8,6 to 10,7,7,1,1,0,1 Low,2 Medium,4 Very High,3 High,3 Better,Below average,3,No,0
916,28,26 to 35,Male,Single,Sales,Sales Executive,2,4 Master,Medical,Travel_Rarely,5,No,4908,Q2,14,0,4,4,3 to 5,2,0,2,1,3,4 Very High,1 Low,2 Medium,3 High,3 Better,Below average,3,No,0
918,58,46 to 60,Male,Divorced,Research & Development,Laboratory Technician,1,1 Below College,Life Sciences,Travel_Frequently,2,Yes,2380,Q1 lowest,14,1,3,1,Under 1 year,0,0,0,9,3,4 Very High,4 Very High,4 Very High,2 Medium,2 Good,Good,3,Yes,1
920,43,36 to 45,Female,Divorced,Research & Development,Manufacturing Director,2,3 Bachelor,Life Sciences,Travel_Rarely,8,No,4765,Q2,21,1,4,1,Under 1 year,0,0,0,4,2,2 Medium,1 Low,3 High,3 High,4 Best,Below average,4,No,0
922,20,18 to 25,Female,Single,Sales,Sales Representative,1,3 Bachelor,Medical,Travel_Rarely,2,No,2044,Q1 lowest,13,0,2,2,1 to 2,2,0,2,1,3,3 High,3 High,4 Very High,2 Medium,2 Good,Good,3,Yes,1
923,21,18 to 25,Female,Single,Research & Development,Research Scientist,1,1 Below College,Other,Travel_Rarely,18,No,2693,Q1 lowest,19,0,1,1,Under 1 year,0,0,0,1,3,4 Very High,4 Very High,1 Low,3 High,2 Good,Below average,3,Yes,1
924,36,36 to 45,Male,Married,Research & Development,Healthcare Representative,2,1 Below College,Life Sciences,Travel_Rarely,14,Yes,6586,Q3,17,1,17,16,Over 10,8,4,11,0,2,4 Very High,3 High,1 Low,3 High,2 Good,Below average,3,No,0
925,47,46 to 60,Female,Single,Sales,Sales Representative,1,4 Master,Life Sciences,Travel_Rarely,2,Yes,3294,Q2,18,0,3,3,3 to 5,2,1,2,1,3,4 Very High,4 Very High,1 Low,2 Medium,2 Good,Below average,3,No,0
926,22,18 to 25,Female,Married,Research & Development,Manufacturing Director,2,1 Below College,Life Sciences,Travel_Rarely,3,Yes,4171,Q2,19,1,4,3,3 to 5,2,0,2,0,3,3 High,2 Medium,1 Low,3 High,4 Best,Below average,3,Yes,1
927,41,36 to 45,Female,Divorced,Research & Development,Laboratory Technician,1,4 Master,Life Sciences,Travel_Rarely,2,Yes,2778,Q1 lowest,13,1,10,7,6 to 10,7,1,0,4,1,4 Very High,2 Medium,3 High,1 Low,2 Good,Below average,3,Yes,1
930,28,26 to 35,Female,Divorced,Research & Development,Research Scientist,1,3 Bachelor,Medical,Travel_Rarely,9,No,2377,Q1 lowest,18,1,6,2,1 to 2,2,2,2,5,2,3 High,3 High,2 Medium,3 High,3 Better,Below average,3,No,0
932,39,36 to 45,Male,Married,Research & Development,Laboratory Technician,1,3 Bachelor,Medical,Travel_Rarely,6,Yes,2404,Q1 lowest,21,0,8,2,1 to 2,2,2,2,7,2,1 Low,4 Very High,4 Very High,3 High,1 Bad,Below average,4,Yes,1
933,27,26 to 35,Female,Single,Research & Development,Research Scientist,1,3 Bachelor,Life Sciences,Travel_Rarely,4,No,2318,Q1 lowest,19,0,1,1,Under 1 year,1,0,0,1,2,3 High,2 Medium,3 High,3 High,3 Better,Below average,3,No,0
934,34,26 to 35,Male,Divorced,Research & Development,Laboratory Technician,1,3 Bachelor,Life Sciences,Travel_Rarely,10,No,2008,Q1 lowest,14,2,1,1,Under 1 year,0,1,0,1,3,2 Medium,2 Medium,2 Medium,3 High,3 Better,Below average,3,No,0
936,42,36 to 45,Female,Single,Sales,Sales Executive,2,2 College,Medical,Travel_Rarely,14,No,6244,Q3,17,0,10,5,3 to 5,4,0,3,7,6,3 High,3 High,1 Low,2 Medium,3 Better,Below average,3,No,0
939,33,26 to 35,Male,Single,Research & Development,Research Scientist,1,4 Master,Other,Travel_Rarely,1,Yes,2799,Q1 lowest,11,0,6,3,3 to 5,2,0,2,3,1,1 Low,3 High,2 Medium,2 Medium,3 Better,Below average,3,No,0
940,58,46 to 60,Female,Divorced,Research & Development,Healthcare Representative,3,3 Bachelor,Technical Degree,Travel_Rarely,5,Yes,10552,Q4 highest,13,1,24,6,6 to 10,0,0,4,2,3,2 Medium,3 High,4 Very High,2 Medium,3 Better,Good,3,No,0
941,31,26 to 35,Male,Married,Sales,Sales Representative,1,4 Master,Life Sciences,Travel_Rarely,7,No,2329,Q1 lowest,15,0,13,7,6 to 10,7,5,2,3,2,3 High,2 Medium,2 Medium,2 Medium,4 Best,Below average,3,No,0
942,35,26 to 35,Female,Married,Research & Development,Healthcare Representative,2,1 Below College,Life Sciences,Travel_Rarely,21,Yes,4014,Q2,25,1,10,10,6 to 10,6,0,7,1,2,4 Very High,4 Very High,4 Very High,3 High,1 Bad,Good,4,No,0
944,49,46 to 60,Female,Married,Research & Development,Laboratory Technician,3,2 College,Other,Travel_Rarely,8,No,7403,Q3,11,1,29,26,Over 10,9,1,7,4,3,2 Medium,1 Low,3 High,3 High,2 Good,Low,3,No,0
945,48,46 to 60,Male,Married,Research & Development,Research Scientist,1,4 Master,Medical,Travel_Rarely,20,No,2259,Q1 lowest,17,2,13,0,Under 1 year,0,0,0,4,2,3 High,4 Very High,1 Low,3 High,2 Good,Below average,3,No,0
947,31,26 to 35,Female,Married,Sales,Sales Executive,2,2 College,Marketing,Non-Travel,20,No,6932,Q3,13,1,9,9,6 to 10,8,0,0,1,2,3 High,4 Very High,4 Very High,3 High,2 Good,Good,3,No,0
949,36,36 to 45,Male,Single,Research & Development,Research Scientist,1,4 Master,Other,Travel_Rarely,7,No,4678,Q2,18,0,8,6,6 to 10,2,0,1,2,6,4 Very High,2 Medium,3 High,3 High,3 Better,Good,3,No,0
950,38,36 to 45,Female,Married,Research & Development,Research Director,3,3 Bachelor,Technical Degree,Travel_Rarely,1,No,13582,Q4 highest,13,1,15,15,Over 10,12,5,11,1,3,1 Low,4 Very High,2 Medium,3 High,3 Better,Below average,3,No,0
951,32,26 to 35,Female,Married,Research & Development,Laboratory Technician,1,3 Bachelor,Life Sciences,Non-Travel,1,No,2332,Q1 lowest,20,0,5,3,3 to 5,0,0,2,6,3,2 Medium,3 High,3 High,2 Medium,3 Better,Below average,4,No,0
952,25,18 to 25,Male,Married,Sales,Sales Representative,1,2 College,Marketing,Travel_Rarely,19,Yes,2413,Q1 lowest,18,3,1,1,Under 1 year,0,0,0,1,2,2 Medium,3 High,3 High,2 Medium,3 Better,Below average,3,Yes,1
954,40,36 to 45,Male,Divorced,Sales,Sales Executive,3,4 Master,Marketing,Travel_Rarely,10,No,9705,Q4 highest,12,1,11,1,Under 1 year,0,0,0,2,2,2 Medium,1 Low,2 Medium,2 Medium,2 Good,Low,3,No,0
956,26,26 to 35,Male,Single,Sales,Sales Executive,2,3 Bachelor,Medical,Travel_Frequently,1,No,4294,Q2,12,0,7,7,6 to 10,7,0,7,1,2,1 Low,3 High,2 Medium,2 Medium,3 Better,Below average,3,No,0
957,41,36 to 45,Male,Single,Research & Development,Laboratory Technician,1,3 Bachelor,Medical,Travel_Rarely,6,Yes,4721,Q2,13,0,20,18,Over 10,13,2,17,2,3,1 Low,4 Very High,3 High,3 High,3 Better,Below average,3,No,0
958,36,36 to 45,Male,Single,Research & Development,Laboratory Technician,1,4 Master,Medical,Travel_Rarely,2,No,2519,Q1 lowest,21,0,16,11,Over 10,8,3,9,4,6,3 High,3 High,3 High,3 High,3 Better,Good,4,No,0
959,19,18 to 25,Male,Single,Sales,Sales Representative,1,3 Bachelor,Other,Travel_Rarely,21,Yes,2121,Q1 lowest,13,0,1,1,Under 1 year,0,0,0,1,3,2 Medium,4 Very High,2 Medium,2 Medium,4 Best,Good,3,Yes,1
960,20,18 to 25,Male,Single,Research & Development,Laboratory Technician,1,3 Bachelor,Technical Degree,Travel_Rarely,4,No,2973,Q2,19,0,1,1,Under 1 year,0,0,0,1,2,1 Low,1 Low,2 Medium,3 High,3 Better,Low,3,Yes,1
961,31,26 to 35,Female,Married,Research & Development,Healthcare Representative,2,3 Bachelor,Medical,Travel_Rarely,12,Yes,5855,Q3,11,2,10,9,6 to 10,7,8,5,0,2,4 Very High,4 Very High,3 High,3 High,1 Bad,Good,3,No,0
964,40,36 to 45,Male,Divorced,Research & Development,Research Scientist,1,4 Master,Medical,Travel_Frequently,9,Yes,3617,Q2,14,1,3,1,Under 1 year,1,0,0,8,2,2 Medium,4 Very High,4 Very High,3 High,3 Better,Good,3,No,0
966,32,26 to 35,Female,Married,Research & Development,Manufacturing Director,2,4 Master,Medical,Travel_Rarely,3,No,6725,Q3,12,1,8,8,6 to 10,7,6,3,1,2,1 Low,3 High,3 High,3 High,4 Best,Below average,3,No,0
967,36,36 to 45,Male,Married,Sales,Sales Executive,3,1 Below College,Life Sciences,Travel_Rarely,3,Yes,10325,Q4 highest,11,1,16,16,Over 10,7,3,7,1,6,4 Very High,3 High,1 Low,2 Medium,3 Better,Below average,3,Yes,1
969,33,26 to 35,Female,Single,Research & Development,Healthcare Representative,2,3 Bachelor,Life Sciences,Travel_Rarely,1,No,6949,Q3,14,0,6,5,3 to 5,0,1,4,0,3,4 Very High,2 Medium,1 Low,2 Medium,3 Better,Below average,3,No,0
970,37,36 to 45,Male,Married,Sales,Sales Executive,3,4 Master,Life Sciences,Travel_Rarely,1,No,10609,Q4 highest,11,0,17,14,Over 10,1,11,7,5,2,3 High,1 Low,3 High,2 Medium,1 Bad,Low,3,Yes,1
972,45,36 to 45,Male,Married,Research & Development,Laboratory Technician,2,2 College,Life Sciences,Non-Travel,4,No,4447,Q2,12,0,9,9,6 to 10,7,0,8,1,5,2 Medium,3 High,2 Medium,3 High,2 Good,Below average,3,No,0
974,29,26 to 35,Female,Married,Sales,Sales Representative,1,3 Bachelor,Technical Degree,Travel_Frequently,20,No,2157,Q1 lowest,15,1,3,3,3 to 5,1,0,2,1,5,4 Very High,3 High,2 Medium,3 High,3 Better,Good,3,No,0
975,35,26 to 35,Female,Married,Sales,Sales Executive,2,3 Bachelor,Medical,Travel_Rarely,18,No,4601,Q2,16,0,5,5,3 to 5,2,1,0,1,3,3 High,3 High,2 Medium,3 High,3 Better,Below average,3,No,0
976,52,46 to 60,Male,Married,Research & Development,Manager,4,2 College,Life Sciences,Travel_Rarely,1,No,17099,Q4 highest,15,1,26,9,6 to 10,8,7,8,2,2,4 Very High,4 Very High,2 Medium,3 High,2 Good,Good,3,No,0
977,58,46 to 60,Male,Single,Research & Development,Research Scientist,1,3 Bachelor,Technical Degree,Travel_Rarely,2,No,2479,Q1 lowest,24,0,7,1,Under 1 year,0,0,0,4,4,3 High,4 Very High,1 Low,3 High,3 Better,Below average,4,Yes,1
981,53,46 to 60,Male,Divorced,Sales,Manager,4,2 College,Medical,Travel_Rarely,2,No,14852,Q4 highest,13,1,22,17,Over 10,13,15,2,6,3,3 High,3 High,3 High,3 High,4 Best,Good,3,No,0
982,30,26 to 35,Male,Divorced,Sales,Sales Executive,3,2 College,Other,Travel_Rarely,8,No,7264,Q3,11,1,10,8,6 to 10,4,7,7,5,2,3 High,3 High,1 Low,3 High,4 Best,Below average,3,No,0
983,38,36 to 45,Female,Single,Sales,Sales Executive,2,3 Bachelor,Technical Degree,Non-Travel,10,Yes,5666,Q3,13,0,6,5,3 to 5,3,1,3,1,1,4 Very High,3 High,2 Medium,3 High,3 Better,Good,3,No,0
984,35,26 to 35,Male,Divorced,Sales,Sales Executive,3,4 Master,Life Sciences,Travel_Rarely,3,No,7823,Q3,13,1,12,10,6 to 10,9,0,8,6,2,4 Very High,4 Very High,2 Medium,3 High,3 Better,Good,3,No,0
985,39,36 to 45,Male,Single,Sales,Sales Executive,3,5 Doctor,Life Sciences,Travel_Rarely,2,No,7880,Q3,18,0,9,8,6 to 10,7,0,7,0,3,3 High,1 Low,4 Very High,4 Very High,3 Better,Below average,3,No,0
986,40,36 to 45,Female,Single,Sales,Sales Executive,4,3 Bachelor,Life Sciences,Non-Travel,24,Yes,13194,Q4 highest,16,0,22,1,Under 1 year,0,0,0,4,2,2 Medium,2 Medium,4 Very High,4 Very High,2 Good,Below average,3,Yes,1
987,47,46 to 60,Male,Divorced,Research & Development,Manufacturing Director,2,4 Master,Medical,Travel_Frequently,16,Yes,5067,Q3,19,0,20,19,Over 10,10,2,7,1,3,3 High,3 High,3 High,4 Very High,4 Best,Good,3,No,0
990,36,36 to 45,Male,Divorced,Sales,Sales Executive,2,4 Master,Technical Degree,Non-Travel,8,No,5079,Q3,13,2,12,7,6 to 10,7,0,7,4,3,4 Very High,1 Low,4 Very High,3 High,3 Better,Good,3,No,0
991,31,26 to 35,Male,Single,Research & Development,Research Scientist,1,2 College,Medical,Non-Travel,9,Yes,2321,Q1 lowest,22,0,4,3,3 to 5,2,1,2,0,0,1 Low,3 High,1 Low,2 Medium,3 Better,Low,4,Yes,1
992,33,26 to 35,Male,Single,Sales,Manager,4,3 Bachelor,Life Sciences,Non-Travel,17,No,17444,Q4 highest,11,0,10,10,6 to 10,8,6,0,1,2,3 High,4 Very High,4 Very High,3 High,3 Better,Good,3,No,0
994,29,26 to 35,Female,Single,Research & Development,Research Scientist,1,3 Bachelor,Life Sciences,Travel_Rarely,10,Yes,2404,Q1 lowest,20,0,3,0,Under 1 year,0,0,0,6,5,1 Low,4 Very High,3 High,2 Medium,3 Better,Below average,4,Yes,1
995,33,26 to 35,Female,Single,Research & Development,Research Scientist,1,1 Below College,Life Sciences,Travel_Rarely,13,No,3452,Q2,18,0,5,3,3 to 5,2,0,2,3,4,4 Very High,2 Medium,1 Low,3 High,3 Better,Below average,3,No,0
996,45,36 to 45,Female,Divorced,Research & Development,Laboratory Technician,1,4 Master,Medical,Travel_Rarely,1,No,2270,Q1 lowest,14,2,8,5,3 to 5,3,0,2,3,2,4 Very High,4 Very High,4 Very High,3 High,3 Better,High,3,No,0
997,50,46 to 60,Male,Divorced,Research & Development,Research Director,4,2 College,Medical,Travel_Rarely,1,No,17399,Q4 highest,22,1,32,5,3 to 5,4,1,3,9,1,4 Very High,4 Very High,3 High,3 High,2 Good,Good,4,No,0
998,33,26 to 35,Female,Married,Research & Development,Healthcare Representative,2,4 Master,Other,Travel_Frequently,1,Yes,5488,Q3,13,1,6,6,6 to 10,5,1,2,1,2,2 Medium,3 High,1 Low,4 Very High,3 Better,Below average,3,No,0
999,41,36 to 45,Male,Divorced,Research & Development,Research Director,5,3 Bachelor,Medical,Travel_Frequently,9,No,19419,Q4 highest,17,1,21,18,Over 10,16,0,11,2,2,3 High,1 Low,2 Medium,3 High,4 Best,Below average,3,No,0
1001,27,26 to 35,Female,Married,Research & Development,Laboratory Technician,1,4 Master,Technical Degree,Travel_Rarely,16,No,2811,Q1 lowest,14,1,4,2,1 to 2,2,2,2,9,2,2 Medium,3 High,2 Medium,3 High,3 Better,Below average,3,No,0
1002,45,36 to 45,Male,Married,Research & Development,Laboratory Technician,2,2 College,Life Sciences,Non-Travel,23,Yes,3633,Q2,15,1,9,9,6 to 10,8,0,8,1,2,1 Low,4 Very High,3 High,3 High,3 Better,Below average,3,No,0
1003,47,46 to 60,Female,Single,Sales,Sales Executive,2,2 College,Life Sciences,Travel_Rarely,4,Yes,4163,Q2,17,0,9,9,6 to 10,0,0,7,1,0,4 Very High,4 Very High,3 High,3 High,3 Better,Good,3,No,0
1004,30,26 to 35,Female,Married,Research & Development,Research Scientist,1,3 Bachelor,Life Sciences,Travel_Rarely,22,Yes,2132,Q1 lowest,11,0,7,5,3 to 5,2,0,1,4,2,3 High,1 Low,2 Medium,3 High,3 Better,Below average,3,Yes,1
1005,50,46 to 60,Male,Married,Research & Development,Manufacturing Director,4,3 Bachelor,Life Sciences,Travel_Rarely,24,Yes,13973,Q4 highest,18,1,22,12,Over 10,11,1,5,3,2,3 High,4 Very High,4 Very High,3 High,3 Better,Good,3,No,0
1006,38,36 to 45,Male,Married,Research & Development,Research Scientist,1,1 Below College,Medical,Travel_Frequently,10,No,2684,Q1 lowest,17,1,3,2,1 to 2,1,0,2,0,0,3 High,3 High,2 Medium,3 High,2 Good,Below average,3,No,0
1007,46,46 to 60,Male,Divorced,Research & Development,Manufacturing Director,3,2 College,Medical,Travel_Rarely,7,No,10845,Q4 highest,13,1,13,8,6 to 10,7,0,7,6,3,3 High,4 Very High,2 Medium,3 High,3 Better,Good,3,No,0
1009,24,18 to 25,Female,Divorced,Research & Development,Manufacturing Director,2,1 Below College,Medical,Travel_Rarely,17,No,4377,Q2,15,2,5,4,3 to 5,2,3,2,1,6,3 High,4 Very High,2 Medium,2 Medium,3 Better,Good,3,No,0
1010,35,26 to 35,Male,Divorced,Research & Development,Laboratory Technician,1,4 Master,Other,Travel_Rarely,14,Yes,3743,Q2,24,1,5,4,3 to 5,2,0,2,1,2,2 Medium,3 High,4 Very High,2 Medium,1 Bad,Below average,4,Yes,1
1011,31,26 to 35,Female,Married,Research & Development,Manufacturing Director,2,1 Below College,Life Sciences,Travel_Frequently,1,No,4148,Q2,12,1,4,4,3 to 5,3,0,3,1,1,1 Low,3 High,3 High,3 High,3 Better,Below average,3,No,0
1012,18,18 to 25,Male,Single,Research & Development,Research Scientist,1,2 College,Life Sciences,Non-Travel,5,No,1051,Q1 lowest,15,0,0,0,Under 1 year,0,0,0,1,2,4 Very High,2 Medium,4 Very High,3 High,3 Better,Good,3,No,0
1013,54,46 to 60,Female,Married,Research & Development,Manufacturing Director,3,3 Bachelor,Technical Degree,Travel_Rarely,17,No,10739,Q4 highest,11,1,22,10,6 to 10,7,0,8,8,2,3 High,3 High,3 High,3 High,3 Better,Good,3,No,0
1014,35,26 to 35,Female,Divorced,Research & Development,Healthcare Representative,3,4 Master,Medical,Travel_Rarely,25,Yes,10388,Q4 highest,11,1,16,16,Over 10,10,10,1,1,3,3 High,3 High,3 High,3 High,2 Good,Below average,3,No,0
1015,30,26 to 35,Female,Married,Research & Development,Research Director,3,2 College,Life Sciences,Travel_Rarely,8,Yes,11416,Q4 highest,12,3,9,8,6 to 10,7,1,7,0,4,1 Low,2 Medium,3 High,4 Very High,2 Good,Low,3,No,0
1016,20,18 to 25,Female,Single,Research & Development,Research Scientist,1,3 Bachelor,Medical,Travel_Rarely,11,Yes,2600,Q1 lowest,15,0,1,1,Under 1 year,0,0,0,1,2,1 Low,4 Very High,1 Low,2 Medium,3 Better,Below average,3,Yes,1
1017,30,26 to 35,Female,Single,Research & Development,Laboratory Technician,1,3 Bachelor,Medical,Travel_Frequently,5,No,2422,Q1 lowest,17,0,4,3,3 to 5,2,1,2,0,3,2 Medium,2 Medium,1 Low,3 High,3 Better,Low,3,Yes,1
1018,26,26 to 35,Male,Married,Research & Development,Manufacturing Director,2,2 College,Medical,Travel_Rarely,2,No,5472,Q3,12,0,8,8,6 to 10,7,1,3,1,2,4 Very High,4 Very High,2 Medium,4 Very High,3 Better,Good,3,No,0
1019,22,18 to 25,Male,Married,Research & Development,Laboratory Technician,1,1 Below College,Life Sciences,Travel_Rarely,8,No,2451,Q1 lowest,15,1,4,4,3 to 5,3,1,1,1,3,1 Low,2 Medium,1 Low,1 Low,2 Good,Low,3,No,0
1022,48,46 to 60,Male,Single,Research & Development,Healthcare Representative,2,3 Bachelor,Life Sciences,Travel_Rarely,6,No,4240,Q2,13,0,19,2,1 to 2,2,2,2,2,0,3 High,1 Low,4 Very High,2 Medium,3 Better,Below average,3,No,0
1024,48,46 to 60,Male,Single,Research & Development,Healthcare Representative,3,4 Master,Life Sciences,Travel_Rarely,4,No,10999,Q4 highest,14,0,27,15,Over 10,11,4,8,7,3,3 High,3 High,2 Medium,2 Medium,3 Better,Below average,3,No,0
1025,41,36 to 45,Female,Single,Research & Development,Manufacturing Director,2,2 College,Medical,Travel_Rarely,7,No,5003,Q3,14,0,8,2,1 to 2,2,2,1,6,6,3 High,4 Very High,2 Medium,3 High,3 Better,Good,3,No,0
1026,39,36 to 45,Female,Married,Research & Development,Manufacturing Director,4,1 Below College,Life Sciences,Travel_Rarely,1,No,12742,Q4 highest,16,1,21,21,Over 10,6,11,8,1,3,4 Very High,4 Very High,3 High,2 Medium,3 Better,Good,3,No,0
1027,27,26 to 35,Female,Married,Research & Development,Manufacturing Director,2,4 Master,Life Sciences,Travel_Rarely,2,No,4227,Q2,18,1,4,3,3 to 5,2,2,2,0,2,4 Very High,1 Low,2 Medium,3 High,3 Better,Below average,3,No,0
1028,35,26 to 35,Male,Divorced,Research & Development,Laboratory Technician,1,3 Bachelor,Other,Travel_Rarely,10,No,3917,Q2,20,1,3,3,3 to 5,2,1,2,1,4,4 Very High,2 Medium,1 Low,3 High,2 Good,Below average,4,No,0
1029,42,36 to 45,Male,Married,Sales,Manager,5,2 College,Marketing,Travel_Rarely,5,No,18303,Q4 highest,13,0,21,1,Under 1 year,0,0,0,6,3,3 High,4 Very High,2 Medium,3 High,4 Best,Good,3,No,0
1030,50,46 to 60,Male,Married,Research & Development,Laboratory Technician,1,3 Bachelor,Life Sciences,Travel_Rarely,9,No,2380,Q1 lowest,18,0,8,1,Under 1 year,0,0,0,4,5,4 Very High,1 Low,2 Medium,3 High,3 Better,Below average,3,No,0
1032,59,46 to 60,Female,Single,Research & Development,Manufacturing Director,4,3 Bachelor,Life Sciences,Travel_Rarely,2,Yes,13726,Q4 highest,13,0,30,5,3 to 5,3,4,3,3,4,4 Very High,3 High,1 Low,2 Medium,3 Better,Below average,3,No,0
1033,37,36 to 45,Female,Married,Research & Development,Healthcare Representative,2,2 College,Medical,Travel_Rarely,11,No,4777,Q2,15,0,15,1,Under 1 year,0,0,0,5,2,2 Medium,1 Low,1 Low,1 Low,1 Bad,Low,3,Yes,1
1034,55,46 to 60,Male,Married,Research & Development,Healthcare Representative,2,4 Master,Medical,Travel_Frequently,18,Yes,6385,Q3,14,2,17,8,6 to 10,7,6,7,3,3,2 Medium,3 High,4 Very High,3 High,3 Better,Good,3,No,0
1035,41,36 to 45,Female,Divorced,Research & Development,Research Director,5,1 Below College,Life Sciences,Non-Travel,7,No,19973,Q4 highest,22,2,21,21,Over 10,16,5,10,1,3,3 High,2 Medium,2 Medium,1 Low,3 Better,Below average,4,No,0
1036,38,36 to 45,Male,Single,Sales,Sales Executive,2,4 Master,Life Sciences,Travel_Rarely,3,Yes,6861,Q3,12,0,19,1,Under 1 year,0,0,0,8,1,4 Very High,2 Medium,3 High,3 High,3 Better,Good,3,No,0
1037,26,26 to 35,Male,Single,Sales,Sales Executive,2,2 College,Medical,Non-Travel,29,No,4969,Q3,18,0,7,2,1 to 2,2,2,2,8,6,1 Low,2 Medium,4 Very High,1 Low,3 Better,Below average,3,Yes,1
1038,52,46 to 60,Female,Married,Sales,Manager,5,1 Below College,Marketing,Travel_Rarely,2,No,19845,Q4 highest,15,1,33,32,Over 10,14,6,9,1,3,4 Very High,1 Low,4 Very High,1 Low,3 Better,Good,3,Yes,1
1039,44,36 to 45,Female,Married,Sales,Sales Executive,4,3 Bachelor,Medical,Travel_Rarely,28,Yes,13320,Q4 highest,18,1,23,12,Over 10,11,11,11,3,2,4 Very High,4 Very High,3 High,4 Very High,3 Better,Good,3,No,0
1040,50,46 to 60,Female,Married,Sales,Sales Executive,2,3 Bachelor,Life Sciences,Non-Travel,1,No,6347,Q3,12,1,19,18,Over 10,7,0,13,0,3,3 High,4 Very High,1 Low,3 High,3 Better,Below average,3,No,0
1042,36,36 to 45,Female,Single,Research & Development,Laboratory Technician,1,4 Master,Life Sciences,Travel_Rarely,16,No,2743,Q1 lowest,16,0,18,17,Over 10,13,15,14,1,1,1 Low,3 High,3 High,4 Very High,3 Better,Below average,3,Yes,1
1043,39,36 to 45,Female,Single,Research & Development,Manufacturing Director,3,3 Bachelor,Medical,Travel_Frequently,22,Yes,10880,Q4 highest,13,0,21,21,Over 10,6,2,8,1,2,1 Low,4 Very High,3 High,3 High,3 Better,Below average,3,No,0
1044,33,26 to 35,Female,Single,Sales,Sales Representative,1,1 Below College,Life Sciences,Non-Travel,8,No,2342,Q1 lowest,19,0,3,2,1 to 2,2,2,2,0,2,4 Very High,2 Medium,4 Very High,2 Medium,2 Good,Good,3,No,0
1045,45,36 to 45,Female,Married,Sales,Manager,4,2 College,Life Sciences,Travel_Rarely,11,No,17650,Q4 highest,13,1,26,9,6 to 10,3,1,1,3,4,4 Very High,4 Very High,2 Medium,3 High,4 Best,Good,3,No,0
1046,32,26 to 35,Female,Single,Research & Development,Laboratory Technician,1,4 Master,Medical,Non-Travel,29,No,4025,Q2,12,0,10,8,6 to 10,7,7,7,9,2,3 High,4 Very High,2 Medium,3 High,3 Better,Good,3,No,0
1047,34,26 to 35,Male,Divorced,Sales,Sales Executive,2,4 Master,Marketing,Travel_Rarely,1,No,9725,Q4 highest,11,1,16,15,Over 10,1,0,9,0,2,4 Very High,2 Medium,4 Very High,4 Very High,2 Good,Good,3,No,0
1048,59,46 to 60,Male,Married,Sales,Manager,3,2 College,Technical Degree,Travel_Rarely,1,Yes,11904,Q4 highest,14,1,14,6,6 to 10,4,0,4,3,1,4 Very High,2 Medium,3 High,3 High,1 Bad,Below average,3,No,0
1049,45,36 to 45,Male,Single,Human Resources,Human Resources,1,4 Master,Medical,Travel_Rarely,24,No,2177,Q1 lowest,16,0,6,6,6 to 10,3,0,4,1,3,2 Medium,2 Medium,1 Low,3 High,3 Better,Low,3,No,0
1050,53,46 to 60,Female,Married,Sales,Sales Executive,3,3 Bachelor,Marketing,Travel_Frequently,2,No,7525,Q3,12,1,30,15,Over 10,7,6,12,2,2,2 Medium,3 High,1 Low,2 Medium,3 Better,Below average,3,No,0
1052,36,36 to 45,Male,Divorced,Research & Development,Laboratory Technician,2,3 Bachelor,Other,Travel_Rarely,15,No,4834,Q2,14,1,9,1,Under 1 year,0,0,0,7,3,3 High,1 Low,2 Medium,3 High,2 Good,Low,3,Yes,1
1053,26,26 to 35,Male,Married,Research & Development,Research Scientist,1,3 Bachelor,Life Sciences,Travel_Frequently,2,Yes,2042,Q1 lowest,14,1,6,3,3 to 5,2,1,2,6,2,1 Low,1 Low,2 Medium,3 High,3 Better,Low,3,Yes,1
1055,34,26 to 35,Female,Married,Sales,Sales Representative,1,4 Master,Life Sciences,Travel_Rarely,10,Yes,2220,Q1 lowest,19,1,1,1,Under 1 year,1,0,0,1,2,3 High,3 High,4 Very High,3 High,3 Better,Good,3,No,0
1056,28,26 to 35,Male,Married,Sales,Sales Representative,1,1 Below College,Medical,Travel_Rarely,10,No,1052,Q1 lowest,22,0,1,1,Under 1 year,0,0,0,1,5,2 Medium,4 Very High,2 Medium,3 High,3 Better,Below average,4,No,0
1060,38,36 to 45,Male,Married,Research & Development,Research Scientist,1,4 Master,Other,Travel_Frequently,3,No,2821,Q1 lowest,16,1,8,2,1 to 2,2,2,2,3,2,3 High,3 High,1 Low,3 High,3 Better,Below average,3,No,0
1061,50,46 to 60,Male,Married,Research & Development,Research Director,5,4 Master,Medical,Travel_Rarely,2,Yes,19237,Q4 highest,11,1,29,8,6 to 10,1,7,7,2,2,3 High,2 Medium,4 Very High,3 High,2 Good,Below average,3,No,0
1062,37,36 to 45,Female,Single,Research & Development,Healthcare Representative,2,3 Bachelor,Other,Travel_Rarely,3,No,4107,Q2,15,0,8,4,3 to 5,3,0,1,3,3,2 Medium,4 Very High,1 Low,3 High,2 Good,Below average,3,No,0
1066,40,36 to 45,Male,Married,Sales,Sales Executive,2,3 Bachelor,Marketing,Travel_Rarely,26,No,8396,Q4 highest,14,1,8,7,6 to 10,7,7,5,1,3,1 Low,3 High,2 Medium,3 High,2 Good,Low,3,No,0
1068,26,26 to 35,Female,Divorced,Research & Development,Research Scientist,1,1 Below College,Medical,Travel_Frequently,1,No,2007,Q1 lowest,13,2,5,5,3 to 5,3,1,3,1,5,3 High,1 Low,3 High,2 Medium,3 Better,Below average,3,No,0
1069,46,46 to 60,Male,Divorced,Research & Development,Research Director,5,4 Master,Medical,Travel_Rarely,1,No,19627,Q4 highest,17,2,23,2,1 to 2,2,2,2,9,0,4 Very High,4 Very High,4 Very High,3 High,3 Better,High,3,No,0
1070,54,46 to 60,Female,Married,Sales,Sales Executive,3,4 Master,Life Sciences,Travel_Rarely,2,No,10686,Q4 highest,11,1,13,9,6 to 10,4,7,0,6,4,3 High,3 High,2 Medium,2 Medium,3 Better,Below average,3,No,0
1071,56,46 to 60,Female,Married,Research & Development,Research Scientist,1,3 Bachelor,Medical,Travel_Frequently,9,No,2942,Q2,19,1,18,5,3 to 5,4,0,3,2,4,3 High,1 Low,2 Medium,3 High,3 Better,Below average,3,No,0
1073,36,36 to 45,Female,Single,Research & Development,Manufacturing Director,3,5 Doctor,Medical,Travel_Rarely,12,No,8858,Q4 highest,11,0,15,14,Over 10,8,7,8,0,2,4 Very High,4 Very High,2 Medium,2 Medium,2 Good,Good,3,No,0
1074,55,46 to 60,Male,Single,Research & Development,Manager,4,1 Below College,Medical,Non-Travel,2,No,16756,Q4 highest,15,0,31,9,6 to 10,7,6,2,7,3,1 Low,3 High,2 Medium,2 Medium,4 Best,Below average,3,No,0
1076,43,36 to 45,Male,Divorced,Sales,Sales Executive,3,3 Bachelor,Medical,Travel_Rarely,25,No,10798,Q4 highest,13,1,18,1,Under 1 year,0,0,0,5,5,4 Very High,3 High,3 High,2 Medium,3 Better,Good,3,No,0
1077,20,18 to 25,Female,Single,Sales,Sales Representative,1,3 Bachelor,Marketing,Travel_Frequently,9,Yes,2323,Q1 lowest,14,0,2,2,1 to 2,2,0,2,1,3,4 Very High,4 Very High,2 Medium,3 High,3 Better,Good,3,Yes,1
1079,21,18 to 25,Female,Single,Research & Development,Laboratory Technician,1,3 Bachelor,Life Sciences,Travel_Rarely,10,No,1416,Q1 lowest,13,0,1,1,Under 1 year,0,1,0,1,6,1 Low,3 High,1 Low,2 Medium,2 Good,Low,3,Yes,1
1080,46,46 to 60,Female,Divorced,Research & Development,Research Scientist,2,4 Master,Life Sciences,Travel_Rarely,8,Yes,4615,Q2,23,3,19,16,Over 10,13,1,7,8,2,1 Low,4 Very High,1 Low,2 Medium,3 Better,Below average,4,No,0
1081,51,46 to 60,Male,Married,Research & Development,Research Scientist,1,4 Master,Life Sciences,Travel_Rarely,4,Yes,2461,Q1 lowest,12,3,18,10,6 to 10,0,2,7,9,2,3 High,1 Low,3 High,3 High,4 Best,Below average,3,Yes,1
1082,28,26 to 35,Male,Single,Research & Development,Healthcare Representative,3,2 College,Technical Degree,Non-Travel,24,No,8722,Q4 highest,12,0,10,10,6 to 10,7,1,9,1,2,1 Low,2 Medium,1 Low,2 Medium,2 Good,Low,3,Yes,1
1083,26,26 to 35,Male,Married,Research & Development,Laboratory Technician,1,2 College,Medical,Travel_Rarely,1,No,3955,Q2,16,2,6,5,3 to 5,3,1,3,1,2,1 Low,1 Low,1 Low,2 Medium,3 Better,Low,3,No,0
1084,30,26 to 35,Male,Married,Research & Development,Manufacturing Director,2,3 Bachelor,Other,Travel_Rarely,20,No,9957,Q4 highest,15,1,7,6,6 to 10,2,0,2,0,1,1 Low,3 High,3 High,3 High,2 Good,Below average,3,No,0
1085,41,36 to 45,Female,Married,Research & Development,Research Scientist,1,2 College,Technical Degree,Travel_Rarely,7,No,3376,Q2,13,0,10,10,6 to 10,6,0,8,1,3,3 High,2 Medium,3 High,4 Very High,3 Better,Below average,3,No,0
1088,38,36 to 45,Female,Married,Research & Development,Healthcare Representative,3,1 Below College,Life Sciences,Travel_Rarely,17,No,8823,Q4 highest,18,1,20,19,Over 10,9,1,9,0,4,3 High,3 High,1 Low,2 Medium,2 Good,Below average,3,No,0
1092,40,36 to 45,Male,Married,Research & Development,Healthcare Representative,3,4 Master,Technical Degree,Travel_Rarely,20,No,10322,Q4 highest,20,1,14,11,Over 10,10,11,1,4,6,4 Very High,1 Low,4 Very High,3 High,3 Better,Good,4,No,0
1094,27,26 to 35,Male,Married,Research & Development,Laboratory Technician,1,5 Doctor,Life Sciences,Non-Travel,8,No,4621,Q2,19,3,3,3,3 to 5,2,1,2,1,4,3 High,1 Low,4 Very High,1 Low,3 Better,Below average,3,No,0
1096,55,46 to 60,Male,Married,Research & Development,Manufacturing Director,3,1 Below College,Life Sciences,Travel_Frequently,2,No,10976,Q4 highest,18,1,23,3,3 to 5,2,1,2,3,4,2 Medium,4 Very High,2 Medium,3 High,3 Better,Below average,3,No,0
1097,28,26 to 35,Female,Single,Research & Development,Research Scientist,2,3 Bachelor,Other,Travel_Rarely,10,No,3660,Q2,13,0,10,8,6 to 10,7,1,7,3,4,3 High,3 High,4 Very High,3 High,4 Best,Good,3,No,0
1098,44,36 to 45,Male,Married,Human Resources,Human Resources,3,2 College,Medical,Travel_Rarely,1,No,10482,Q4 highest,14,1,24,20,Over 10,6,3,6,9,1,1 Low,2 Medium,4 Very High,2 Medium,3 Better,Below average,3,Yes,1
1099,33,26 to 35,Male,Divorced,Research & Development,Healthcare Representative,3,3 Bachelor,Life Sciences,Travel_Rarely,5,No,7119,Q3,15,1,9,3,3 to 5,2,1,2,4,2,4 Very High,4 Very High,3 High,2 Medium,3 Better,Good,3,No,0
1100,35,26 to 35,Male,Single,Sales,Sales Executive,3,3 Bachelor,Technical Degree,Travel_Rarely,4,Yes,9582,Q4 highest,22,0,9,8,6 to 10,7,4,7,0,2,1 Low,4 Very High,1 Low,3 High,3 Better,Below average,4,Yes,1
1101,33,26 to 35,Female,Single,Research & Development,Research Scientist,2,4 Master,Medical,Travel_Frequently,29,No,4508,Q2,22,0,14,13,Over 10,7,3,8,1,4,3 High,1 Low,2 Medium,2 Medium,3 Better,Below average,4,Yes,1
1102,28,26 to 35,Male,Divorced,Research & Development,Laboratory Technician,1,2 College,Life Sciences,Travel_Rarely,15,No,2207,Q1 lowest,16,1,4,4,3 to 5,2,2,2,1,5,3 High,1 Low,4 Very High,3 High,2 Good,Below average,3,No,0
1103,34,26 to 35,Male,Single,Research & Development,Healthcare Representative,2,1 Below College,Life Sciences,Travel_Frequently,3,No,7756,Q3,17,0,7,6,6 to 10,2,0,4,0,1,4 Very High,1 Low,3 High,3 High,2 Good,Below average,3,No,0
1105,37,36 to 45,Female,Divorced,Sales,Sales Executive,2,4 Master,Life Sciences,Travel_Rarely,10,Yes,6694,Q3,14,3,8,1,Under 1 year,0,0,0,2,5,4 Very High,4 Very High,3 High,2 Medium,3 Better,Good,3,No,0
1106,25,18 to 25,Male,Married,Research & Development,Laboratory Technician,1,1 Below College,Technical Degree,Travel_Rarely,4,Yes,3691,Q2,15,1,7,7,6 to 10,7,5,6,1,3,4 Very High,4 Very High,2 Medium,3 High,4 Best,Good,3,Yes,1
1107,26,26 to 35,Male,Divorced,Research & Development,Laboratory Technician,1,3 Bachelor,Medical,Travel_Rarely,21,No,2377,Q1 lowest,20,1,1,1,Under 1 year,1,0,0,1,0,3 High,1 Low,3 High,3 High,2 Good,Below average,4,Yes,1
1108,33,26 to 35,Male,Single,Research & Development,Research Scientist,1,3 Bachelor,Medical,Travel_Rarely,25,Yes,2313,Q1 lowest,20,0,5,2,1 to 2,2,2,2,4,0,2 Medium,1 Low,2 Medium,2 Medium,3 Better,Low,4,Yes,1
1109,42,36 to 45,Male,Married,Research & Development,Manager,4,2 College,Medical,Travel_Rarely,2,No,17665,Q4 highest,17,1,23,22,Over 10,6,13,7,0,3,1 Low,4 Very High,4 Very High,3 High,3 Better,Good,3,No,0
1111,28,26 to 35,Male,Divorced,Research & Development,Laboratory Technician,1,3 Bachelor,Medical,Travel_Frequently,1,No,2596,Q1 lowest,15,2,1,1,Under 1 year,0,0,0,1,2,2 Medium,1 Low,1 Low,2 Medium,3 Better,Low,3,Yes,1
1113,50,46 to 60,Male,Single,Sales,Sales Executive,2,4 Master,Other,Travel_Frequently,1,Yes,4728,Q2,14,0,5,0,Under 1 year,0,0,0,3,4,3 High,4 Very High,4 Very High,3 High,3 Better,Good,3,Yes,1
1114,33,26 to 35,Female,Married,Sales,Sales Executive,2,3 Bachelor,Life Sciences,Travel_Frequently,7,No,4302,Q2,17,1,4,3,3 to 5,2,0,2,0,3,2 Medium,4 Very High,3 High,3 High,3 Better,Good,3,No,0
1115,34,26 to 35,Male,Married,Research & Development,Research Scientist,1,4 Master,Life Sciences,Non-Travel,3,No,2979,Q2,17,3,6,0,Under 1 year,0,0,0,3,2,4 Very High,3 High,4 Very High,2 Medium,3 Better,Good,3,No,0
1116,48,46 to 60,Male,Single,Research & Development,Manager,4,4 Master,Medical,Non-Travel,1,No,16885,Q4 highest,22,0,27,5,3 to 5,4,2,1,2,3,4 Very High,1 Low,3 High,4 Very High,2 Good,Below average,4,No,0
1117,45,36 to 45,Female,Married,Sales,Sales Executive,2,4 Master,Life Sciences,Non-Travel,9,No,5593,Q3,13,1,15,15,Over 10,10,4,12,1,2,3 High,2 Medium,4 Very High,2 Medium,3 Better,Good,3,No,0
1118,52,46 to 60,Male,Single,Research & Development,Healthcare Representative,3,4 Master,Life Sciences,Travel_Rarely,7,No,10445,Q4 highest,19,0,18,8,6 to 10,6,4,0,7,4,2 Medium,2 Medium,4 Very High,3 High,3 Better,Below average,3,No,0
1119,38,36 to 45,Male,Divorced,Sales,Sales Executive,3,4 Master,Marketing,Travel_Rarely,10,Yes,8740,Q4 highest,14,2,9,8,6 to 10,7,2,7,0,2,3 High,3 High,2 Medium,2 Medium,3 Better,Below average,3,No,0
1120,29,26 to 35,Female,Divorced,Research & Development,Research Scientist,1,4 Master,Life Sciences,Travel_Rarely,28,No,2514,Q1 lowest,22,1,11,7,6 to 10,5,1,7,4,1,4 Very High,3 High,1 Low,3 High,3 Better,Below average,4,No,0
1121,28,26 to 35,Female,Divorced,Research & Development,Manufacturing Director,3,3 Bachelor,Medical,Travel_Rarely,3,No,7655,Q3,17,3,10,9,6 to 10,7,1,7,0,3,2 Medium,4 Very High,2 Medium,3 High,2 Good,Below average,3,No,0
1124,46,46 to 60,Male,Married,Sales,Manager,4,1 Below College,Marketing,Travel_Rarely,3,No,17465,Q4 highest,12,1,23,12,Over 10,9,4,9,3,3,3 High,1 Low,4 Very High,3 High,3 Better,Below average,3,No,0
1125,38,36 to 45,Male,Single,Sales,Sales Executive,3,2 College,Marketing,Travel_Rarely,2,No,7351,Q3,16,0,10,1,Under 1 year,0,0,0,7,2,2 Medium,4 Very High,3 High,3 High,3 Better,Good,3,No,0
1126,43,36 to 45,Female,Married,Research & Development,Manufacturing Director,3,3 Bachelor,Life Sciences,Travel_Frequently,27,No,10820,Q4 highest,11,1,18,8,6 to 10,7,0,1,8,1,1 Low,3 High,3 High,3 High,3 Better,Below average,3,No,0
1127,39,36 to 45,Male,Divorced,Research & Development,Healthcare Representative,4,3 Bachelor,Life Sciences,Travel_Frequently,2,No,12169,Q4 highest,11,3,21,18,Over 10,7,11,5,7,4,4 Very High,1 Low,4 Very High,3 High,3 Better,Good,3,Yes,1
1128,40,36 to 45,Male,Single,Research & Development,Research Director,5,3 Bachelor,Medical,Travel_Rarely,14,No,19626,Q4 highest,14,0,21,20,Over 10,7,4,9,1,2,3 High,3 High,1 Low,2 Medium,4 Best,Below average,3,No,0
1131,21,18 to 25,Female,Single,Research & Development,Research Scientist,1,1 Below College,Technical Degree,Travel_Rarely,1,Yes,2070,Q1 lowest,11,0,2,2,1 to 2,2,2,2,1,6,2 Medium,4 Very High,3 High,2 Medium,4 Best,Good,3,No,0
1132,39,36 to 45,Male,Single,Research & Development,Laboratory Technician,2,3 Bachelor,Life Sciences,Non-Travel,9,No,6782,Q3,15,0,9,5,3 to 5,4,0,3,9,2,2 Medium,3 High,3 High,3 High,2 Good,Below average,3,No,0
1133,36,36 to 45,Male,Single,Research & Development,Manufacturing Director,2,4 Master,Life Sciences,Non-Travel,18,No,7779,Q3,20,0,18,11,Over 10,9,0,9,2,0,4 Very High,1 Low,1 Low,3 High,3 Better,Below average,4,No,0
1135,31,26 to 35,Male,Married,Sales,Sales Representative,1,3 Bachelor,Life Sciences,Travel_Frequently,20,No,2791,Q1 lowest,12,1,3,2,1 to 2,2,2,2,0,4,4 Very High,3 High,1 Low,4 Very High,3 Better,Below average,3,No,0
1136,28,26 to 35,Male,Married,Research & Development,Research Scientist,1,1 Below College,Life Sciences,Travel_Rarely,2,No,3201,Q2,17,0,6,5,3 to 5,3,0,4,0,2,2 Medium,1 Low,1 Low,2 Medium,1 Bad,Low,3,No,0
1137,35,26 to 35,Male,Divorced,Sales,Sales Executive,2,2 College,Marketing,Travel_Frequently,11,No,4968,Q3,11,1,5,5,3 to 5,2,0,2,1,3,4 Very High,4 Very High,4 Very High,3 High,3 Better,High,3,No,0
1138,49,46 to 60,Male,Married,Sales,Sales Executive,4,4 Master,Technical Degree,Travel_Rarely,8,No,13120,Q4 highest,17,1,22,9,6 to 10,8,2,3,6,3,2 Medium,4 Very High,2 Medium,2 Medium,3 Better,Below average,3,No,0
1140,34,26 to 35,Male,Single,Research & Development,Manufacturing Director,2,2 College,Life Sciences,Travel_Frequently,2,No,4033,Q2,11,0,5,3,3 to 5,2,0,2,2,3,3 High,4 Very High,4 Very High,3 High,2 Good,Good,3,No,0
1143,29,26 to 35,Female,Divorced,Research & Development,Research Scientist,1,3 Bachelor,Life Sciences,Travel_Frequently,10,No,3291,Q2,14,2,8,7,6 to 10,5,1,1,0,2,2 Medium,4 Very High,4 Very High,3 High,2 Good,Good,3,No,0
1148,42,36 to 45,Male,Single,Research & Development,Laboratory Technician,2,3 Bachelor,Medical,Travel_Rarely,29,No,4272,Q2,19,0,16,1,Under 1 year,0,0,0,4,3,4 Very High,2 Medium,1 Low,1 Low,3 Better,Below average,3,No,0
1150,29,26 to 35,Male,Married,Research & Development,Manufacturing Director,2,1 Below College,Medical,Travel_Rarely,8,Yes,5056,Q3,15,1,10,10,6 to 10,7,1,2,1,2,4 Very High,2 Medium,3 High,2 Medium,2 Good,Below average,3,No,0
1152,38,36 to 45,Male,Married,Human Resources,Human Resources,1,3 Bachelor,Human Resources,Travel_Rarely,1,No,2844,Q1 lowest,13,1,7,7,6 to 10,6,5,0,1,2,3 High,3 High,4 Very High,4 Very High,4 Best,Good,3,No,0
1154,28,26 to 35,Male,Divorced,Research & Development,Research Scientist,1,3 Bachelor,Life Sciences,Travel_Frequently,6,Yes,2703,Q1 lowest,14,1,3,3,3 to 5,1,0,2,1,2,3 High,3 High,4 Very High,2 Medium,3 Better,Good,3,No,0
1156,18,18 to 25,Male,Single,Research & Development,Laboratory Technician,1,1 Below College,Medical,Non-Travel,8,No,1904,Q1 lowest,12,0,0,0,Under 1 year,0,0,0,1,0,3 High,3 High,4 Very High,3 High,3 Better,Good,3,Yes,1
1157,33,26 to 35,Female,Single,Sales,Sales Executive,2,4 Master,Marketing,Travel_Rarely,9,Yes,8224,Q3,17,0,6,5,3 to 5,2,0,3,0,3,1 Low,1 Low,1 Low,3 High,3 Better,Low,3,Yes,1
1158,41,36 to 45,Male,Married,Research & Development,Laboratory Technician,1,4 Master,Life Sciences,Travel_Rarely,12,Yes,4766,Q2,11,1,6,1,Under 1 year,0,0,0,3,4,4 Very High,2 Medium,1 Low,3 High,3 Better,Below average,3,No,0
1160,31,26 to 35,Male,Married,Research & Development,Laboratory Technician,1,3 Bachelor,Medical,Travel_Frequently,15,No,2610,Q1 lowest,12,1,2,2,1 to 2,2,2,2,1,5,3 High,3 High,3 High,3 High,2 Good,Below average,3,Yes,1
1161,37,36 to 45,Female,Divorced,Research & Development,Healthcare Representative,2,2 College,Medical,Travel_Rarely,25,No,5731,Q3,13,2,9,6,6 to 10,2,1,3,7,2,4 Very High,3 High,3 High,2 Medium,3 Better,Good,3,No,0
1162,27,26 to 35,Male,Married,Research & Development,Research Scientist,1,3 Bachelor,Life Sciences,Travel_Rarely,6,No,2539,Q1 lowest,13,1,4,4,3 to 5,2,2,2,1,0,3 High,4 Very High,3 High,2 Medium,3 Better,Good,3,No,0
1163,34,26 to 35,Female,Married,Sales,Sales Executive,2,1 Below College,Life Sciences,Travel_Rarely,9,No,5714,Q3,20,0,6,6,6 to 10,5,1,3,1,3,3 High,2 Medium,1 Low,3 High,2 Good,Low,4,No,0
1164,35,26 to 35,Male,Single,Human Resources,Human Resources,1,4 Master,Technical Degree,Travel_Rarely,8,No,4323,Q2,17,0,6,5,3 to 5,4,1,4,1,2,3 High,3 High,2 Medium,3 High,1 Bad,Below average,3,No,0
1165,29,26 to 35,Female,Married,Sales,Sales Executive,3,1 Below College,Life Sciences,Travel_Rarely,23,No,7336,Q3,13,1,11,11,Over 10,8,3,10,1,3,1 Low,4 Very High,1 Low,2 Medium,1 Bad,Low,3,Yes,1
1166,40,36 to 45,Female,Single,Research & Development,Research Director,3,4 Master,Medical,Travel_Frequently,9,No,13499,Q4 highest,17,0,20,18,Over 10,7,2,13,9,3,3 High,2 Medium,3 High,3 High,2 Good,Below average,3,No,0
1167,42,36 to 45,Male,Single,Sales,Sales Executive,4,3 Bachelor,Life Sciences,Travel_Frequently,12,Yes,13758,Q4 highest,12,0,22,21,Over 10,9,13,14,0,2,1 Low,3 High,2 Medium,3 High,2 Good,Low,3,Yes,1
1171,42,36 to 45,Male,Single,Sales,Sales Executive,2,4 Master,Marketing,Travel_Rarely,4,No,5155,Q3,13,0,9,6,6 to 10,4,1,5,7,3,1 Low,2 Medium,4 Very High,3 High,4 Best,Below average,3,No,0
1172,35,26 to 35,Male,Married,Research & Development,Laboratory Technician,1,4 Master,Medical,Travel_Rarely,1,No,2258,Q1 lowest,12,1,10,8,6 to 10,0,1,7,6,2,3 High,4 Very High,2 Medium,2 Medium,3 Better,Good,3,No,0
1173,24,18 to 25,Male,Single,Research & Development,Laboratory Technician,1,3 Bachelor,Medical,Travel_Rarely,24,No,3597,Q2,22,0,6,4,3 to 5,3,1,2,8,2,2 Medium,4 Very High,4 Very High,3 High,3 Better,Good,4,No,0
1175,28,26 to 35,Female,Married,Research & Development,Laboratory Technician,1,1 Below College,Life Sciences,Travel_Rarely,12,Yes,2515,Q1 lowest,11,0,1,1,Under 1 year,1,0,0,1,4,4 Very High,3 High,4 Very High,3 High,2 Good,Good,3,Yes,1
1177,26,26 to 35,Male,Married,Research & Development,Laboratory Technician,1,4 Master,Medical,Travel_Rarely,3,No,4420,Q2,22,1,8,8,6 to 10,7,0,7,1,2,4 Very High,1 Low,2 Medium,4 Very High,3 Better,Below average,4,No,0
1179,30,26 to 35,Male,Married,Sales,Sales Executive,2,3 Bachelor,Marketing,Travel_Rarely,10,No,6578,Q3,18,1,10,10,6 to 10,3,1,4,1,3,3 High,3 High,1 Low,2 Medium,3 Better,Below average,3,No,0
1180,40,36 to 45,Female,Married,Research & Development,Research Scientist,2,2 College,Medical,Travel_Frequently,26,Yes,4422,Q2,13,1,16,1,Under 1 year,1,0,0,3,3,4 Very High,3 High,4 Very High,2 Medium,1 Bad,Good,3,No,0
1182,35,26 to 35,Male,Divorced,Research & Development,Manufacturing Director,3,3 Bachelor,Life Sciences,Travel_Rarely,2,No,10274,Q4 highest,18,1,15,7,6 to 10,7,6,4,2,2,2 Medium,3 High,2 Medium,2 Medium,4 Best,Below average,3,No,0
1184,34,26 to 35,Male,Single,Research & Development,Healthcare Representative,2,3 Bachelor,Medical,Travel_Frequently,1,No,5343,Q3,20,0,14,13,Over 10,9,4,9,0,3,1 Low,4 Very High,3 High,2 Medium,3 Better,Below average,4,No,0
1185,35,26 to 35,Male,Married,Research & Development,Laboratory Technician,1,4 Master,Other,Travel_Frequently,4,No,2376,Q1 lowest,13,1,2,2,1 to 2,2,2,2,1,2,4 Very High,4 Very High,2 Medium,2 Medium,4 Best,Good,3,No,0
1188,43,36 to 45,Female,Single,Sales,Sales Executive,2,3 Bachelor,Marketing,Travel_Rarely,9,No,5346,Q3,13,0,7,4,3 to 5,3,1,3,8,2,3 High,1 Low,2 Medium,1 Low,2 Good,Low,3,Yes,1
1190,32,26 to 35,Female,Divorced,Sales,Sales Representative,1,1 Below College,Life Sciences,Non-Travel,2,No,2827,Q1 lowest,12,3,1,1,Under 1 year,0,0,0,1,3,1 Low,3 High,3 High,3 High,3 Better,Below average,3,No,0
1191,56,46 to 60,Female,Divorced,Research & Development,Manager,5,4 Master,Technical Degree,Travel_Rarely,4,No,19943,Q4 highest,13,1,28,5,3 to 5,2,4,2,4,2,1 Low,4 Very High,4 Very High,3 High,3 Better,Good,3,No,0
1192,29,26 to 35,Female,Married,Research & Development,Laboratory Technician,1,1 Below College,Medical,Travel_Rarely,6,No,3131,Q2,13,1,10,10,6 to 10,8,0,8,1,5,4 Very High,2 Medium,1 Low,3 High,3 Better,Below average,3,No,0
1193,19,18 to 25,Male,Single,Research & Development,Research Scientist,1,2 College,Life Sciences,Travel_Rarely,9,No,2552,Q1 lowest,25,0,1,1,Under 1 year,1,0,0,1,4,1 Low,3 High,3 High,3 High,3 Better,Below average,4,No,0
1195,45,36 to 45,Female,Married,Research & Development,Research Scientist,1,3 Bachelor,Medical,Travel_Rarely,7,Yes,4477,Q2,19,1,7,3,3 to 5,2,0,2,4,2,3 High,1 Low,3 High,3 High,2 Good,Below average,3,No,0
1196,37,36 to 45,Female,Married,Research & Development,Manufacturing Director,2,3 Bachelor,Life Sciences,Travel_Rarely,1,No,6474,Q3,13,1,14,14,Over 10,8,3,11,1,2,4 Very High,4 Very High,2 Medium,2 Medium,2 Good,Good,3,No,0
1198,20,18 to 25,Male,Single,Research & Development,Laboratory Technician,1,3 Bachelor,Life Sciences,Travel_Rarely,3,No,3033,Q2,12,0,2,2,1 to 2,2,1,2,1,2,3 High,1 Low,1 Low,2 Medium,2 Good,Low,3,No,0
1200,44,36 to 45,Male,Single,Research & Development,Research Scientist,1,4 Master,Life Sciences,Travel_Rarely,10,Yes,2936,Q2,11,0,6,6,6 to 10,4,0,2,1,4,3 High,3 High,3 High,3 High,3 Better,Good,3,Yes,1
1201,53,46 to 60,Female,Divorced,Research & Development,Manager,5,2 College,Medical,Travel_Rarely,7,No,18606,Q4 highest,18,1,26,7,6 to 10,7,4,7,3,6,3 High,4 Very High,2 Medium,3 High,3 Better,Good,3,No,0
1202,29,26 to 35,Female,Married,Research & Development,Research Scientist,1,1 Below College,Life Sciences,Travel_Rarely,15,Yes,2168,Q1 lowest,18,1,6,5,3 to 5,4,1,3,0,2,4 Very High,2 Medium,1 Low,1 Low,2 Good,Below average,3,No,0
1203,22,18 to 25,Male,Married,Research & Development,Research Scientist,1,4 Master,Life Sciences,Travel_Frequently,3,Yes,2853,Q1 lowest,11,1,1,0,Under 1 year,0,0,0,0,5,4 Very High,3 High,2 Medium,2 Medium,3 Better,Good,3,Yes,1
1204,46,46 to 60,Female,Married,Sales,Manager,4,3 Bachelor,Marketing,Travel_Rarely,2,No,17048,Q4 highest,23,0,28,26,Over 10,15,15,9,8,2,1 Low,3 High,1 Low,3 High,3 Better,Low,4,No,0
1206,44,36 to 45,Male,Single,Research & Development,Research Scientist,1,3 Bachelor,Life Sciences,Non-Travel,17,No,2290,Q1 lowest,13,0,6,0,Under 1 year,0,0,0,2,3,3 High,4 Very High,4 Very High,1 Low,3 Better,Good,3,No,0
1207,33,26 to 35,Male,Married,Human Resources,Human Resources,1,3 Bachelor,Human Resources,Travel_Rarely,2,No,3600,Q2,13,1,5,5,3 to 5,4,1,4,1,2,3 High,2 Medium,4 Very High,3 High,3 Better,Good,3,No,0
1210,41,36 to 45,Male,Divorced,Research & Development,Research Scientist,1,2 College,Life Sciences,Non-Travel,5,No,2107,Q1 lowest,17,1,5,1,Under 1 year,0,0,0,6,2,1 Low,1 Low,1 Low,2 Medium,1 Bad,Low,3,Yes,1
1211,30,26 to 35,Male,Divorced,Sales,Sales Executive,2,4 Master,Life Sciences,Travel_Rarely,29,No,4115,Q2,19,3,8,4,3 to 5,3,0,3,8,3,1 Low,3 High,3 High,3 High,3 Better,Below average,3,No,0
1212,40,36 to 45,Male,Married,Sales,Sales Executive,2,4 Master,Medical,Travel_Frequently,2,No,4327,Q2,12,3,5,0,Under 1 year,0,0,0,5,2,2 Medium,2 Medium,4 Very High,3 High,3 Better,Below average,3,No,0
1215,50,46 to 60,Female,Married,Research & Development,Manager,4,3 Bachelor,Medical,Travel_Frequently,2,No,17856,Q4 highest,22,1,32,2,1 to 2,2,2,2,2,3,1 Low,4 Very High,3 High,3 High,3 Better,Below average,4,No,0
1216,28,26 to 35,Male,Married,Research & Development,Laboratory Technician,1,4 Master,Medical,Travel_Rarely,19,No,3196,Q2,12,3,6,6,6 to 10,5,3,3,1,2,1 Low,4 Very High,3 High,2 Medium,3 Better,Below average,3,No,0
1217,46,46 to 60,Male,Married,Research & Development,Research Director,5,2 College,Life Sciences,Travel_Rarely,15,No,19081,Q4 highest,11,1,25,4,3 to 5,2,0,3,5,2,2 Medium,4 Very High,1 Low,3 High,3 Better,Below average,3,No,0
1218,35,26 to 35,Male,Married,Sales,Sales Executive,2,4 Master,Life Sciences,Travel_Rarely,17,Yes,8966,Q4 highest,15,3,15,7,6 to 10,7,1,7,3,2,1 Low,3 High,4 Very High,3 High,3 Better,Below average,3,No,0
1219,24,18 to 25,Female,Married,Research & Development,Laboratory Technician,1,2 College,Life Sciences,Travel_Rarely,17,No,2210,Q1 lowest,13,1,1,1,Under 1 year,0,0,0,1,3,2 Medium,4 Very High,1 Low,3 High,1 Bad,Low,3,Yes,1
1220,33,26 to 35,Female,Married,Sales,Sales Executive,2,3 Bachelor,Medical,Travel_Frequently,25,No,4539,Q2,12,1,10,10,6 to 10,7,0,1,1,3,3 High,2 Medium,1 Low,3 High,2 Good,Low,3,No,0
1221,36,36 to 45,Male,Divorced,Research & Development,Laboratory Technician,1,4 Master,Life Sciences,Travel_Rarely,6,No,2741,Q1 lowest,14,1,7,7,6 to 10,7,1,7,1,4,3 High,3 High,3 High,1 Low,3 Better,Good,3,No,0
1224,30,26 to 35,Male,Divorced,Research & Development,Laboratory Technician,2,4 Master,Life Sciences,Travel_Rarely,7,No,3491,Q2,13,3,10,10,6 to 10,7,8,9,1,4,3 High,3 High,1 Low,3 High,2 Good,Below average,3,No,0
1225,44,36 to 45,Male,Single,Research & Development,Research Scientist,2,4 Master,Other,Travel_Rarely,29,No,4541,Q2,25,0,20,20,Over 10,11,13,17,1,3,4 Very High,4 Very High,2 Medium,3 High,3 Better,Good,4,No,0
1226,20,18 to 25,Male,Single,Sales,Sales Representative,1,3 Bachelor,Marketing,Travel_Rarely,21,No,2678,Q1 lowest,17,0,2,2,1 to 2,1,2,2,1,2,4 Very High,3 High,4 Very High,4 Very High,3 Better,Good,3,No,0
1228,46,46 to 60,Male,Divorced,Research & Development,Manufacturing Director,2,4 Master,Technical Degree,Travel_Rarely,2,No,7379,Q3,11,1,12,6,6 to 10,3,1,4,2,3,4 Very High,4 Very High,3 High,3 High,2 Good,Good,3,No,0
1231,42,36 to 45,Male,Married,Human Resources,Human Resources,2,5 Doctor,Medical,Non-Travel,2,No,6272,Q3,16,1,10,4,3 to 5,3,0,3,7,3,1 Low,4 Very High,1 Low,4 Very High,4 Best,Below average,3,No,0
1233,60,46 to 60,Male,Divorced,Sales,Sales Executive,2,4 Master,Marketing,Travel_Rarely,7,Yes,5220,Q3,18,1,12,11,Over 10,7,1,9,0,3,4 Very High,2 Medium,2 Medium,4 Very High,3 Better,Below average,3,No,0
1234,32,26 to 35,Female,Married,Research & Development,Laboratory Technician,1,3 Bachelor,Other,Travel_Frequently,13,No,2743,Q1 lowest,20,1,2,2,1 to 2,2,2,2,1,2,2 Medium,3 High,3 High,2 Medium,3 Better,Below average,4,No,0
1235,32,26 to 35,Female,Single,Research & Development,Research Scientist,2,2 College,Life Sciences,Travel_Frequently,2,Yes,4998,Q3,14,0,10,8,6 to 10,7,0,7,4,2,3 High,4 Very High,4 Very High,3 High,3 Better,Good,3,No,0
1237,36,36 to 45,Female,Divorced,Research & Development,Manufacturing Director,3,3 Bachelor,Technical Degree,Travel_Rarely,1,Yes,10252,Q4 highest,21,1,17,7,6 to 10,7,7,7,2,2,1 Low,3 High,3 High,1 Low,3 Better,Below average,4,No,0
1238,33,26 to 35,Male,Married,Research & Development,Research Scientist,1,3 Bachelor,Medical,Travel_Rarely,9,No,2781,Q1 lowest,13,1,15,14,Over 10,10,4,10,0,5,4 Very High,1 Low,2 Medium,3 High,3 Better,Below average,3,No,0
1239,40,36 to 45,Female,Divorced,Sales,Sales Executive,2,3 Bachelor,Technical Degree,Travel_Rarely,10,No,6852,Q3,12,1,7,5,3 to 5,1,1,3,7,2,2 Medium,2 Medium,2 Medium,2 Medium,4 Best,Below average,3,No,0
1240,25,18 to 25,Male,Single,Sales,Sales Executive,2,4 Master,Life Sciences,Travel_Rarely,10,No,4950,Q3,14,0,5,4,3 to 5,3,1,1,0,4,4 Very High,3 High,2 Medium,3 High,3 Better,Good,3,No,0
1241,30,26 to 35,Male,Married,Research & Development,Research Scientist,1,3 Bachelor,Medical,Travel_Rarely,1,Yes,3579,Q2,21,1,12,11,Over 10,9,5,7,0,2,2 Medium,4 Very High,1 Low,3 High,3 Better,Below average,4,No,0
1242,42,36 to 45,Female,Married,Research & Development,Research Director,3,5 Doctor,Medical,Travel_Frequently,26,Yes,13191,Q4 highest,17,0,20,1,Under 1 year,0,0,0,3,6,1 Low,1 Low,3 High,3 High,3 Better,Low,3,No,0
1243,35,26 to 35,Female,Married,Sales,Sales Executive,3,2 College,Marketing,Non-Travel,8,Yes,10377,Q4 highest,11,1,16,13,Over 10,2,4,12,4,6,4 Very High,3 High,2 Medium,2 Medium,2 Good,Below average,3,No,0
1244,27,26 to 35,Male,Married,Research & Development,Research Scientist,1,3 Bachelor,Life Sciences,Travel_Rarely,14,Yes,2235,Q1 lowest,14,2,9,9,6 to 10,7,6,8,1,3,1 Low,1 Low,4 Very High,3 High,2 Good,Low,3,No,0
1245,54,46 to 60,Female,Divorced,Research & Development,Manufacturing Director,3,4 Master,Life Sciences,Travel_Frequently,1,No,10502,Q4 highest,17,1,33,5,3 to 5,4,1,4,7,2,3 High,4 Very High,1 Low,3 High,1 Bad,Below average,3,No,0
1246,44,36 to 45,Female,Married,Research & Development,Research Scientist,1,1 Below College,Life Sciences,Travel_Rarely,2,No,2011,Q1 lowest,13,1,10,10,6 to 10,5,7,7,1,5,4 Very High,1 Low,4 Very High,4 Very High,3 Better,Good,3,No,0
1248,19,18 to 25,Female,Single,Research & Development,Research Scientist,1,3 Bachelor,Medical,Non-Travel,10,Yes,1859,Q1 lowest,25,0,1,1,Under 1 year,1,0,0,1,2,2 Medium,1 Low,2 Medium,2 Medium,4 Best,Below average,4,Yes,1
1249,29,26 to 35,Female,Divorced,Research & Development,Research Scientist,1,3 Bachelor,Life Sciences,Travel_Rarely,1,No,3760,Q2,15,3,3,3,3 to 5,2,1,2,1,5,4 Very High,1 Low,1 Low,3 High,3 Better,Below average,3,No,0
1250,54,46 to 60,Male,Married,Research & Development,Research Director,4,3 Bachelor,Life Sciences,Travel_Rarely,3,No,17779,Q4 highest,14,0,36,10,6 to 10,9,0,9,3,2,4 Very High,4 Very High,1 Low,3 High,3 Better,Good,3,No,0
1251,31,26 to 35,Male,Married,Research & Development,Healthcare Representative,2,2 College,Medical,Travel_Rarely,11,Yes,6833,Q3,12,0,6,6,6 to 10,5,0,1,1,2,1 Low,3 High,4 Very High,3 High,2 Good,Below average,3,No,0
1252,31,26 to 35,Female,Single,Research & Development,Healthcare Representative,2,3 Bachelor,Medical,Travel_Rarely,24,No,6812,Q3,19,0,10,10,6 to 10,9,1,8,1,2,1 Low,3 High,2 Medium,2 Medium,3 Better,Below average,3,No,0
1254,59,46 to 60,Female,Single,Sales,Sales Executive,2,3 Bachelor,Life Sciences,Travel_Rarely,3,No,5171,Q3,17,0,13,6,6 to 10,1,0,5,5,2,4 Very High,3 High,4 Very High,2 Medium,3 Better,Good,3,No,0
1255,43,36 to 45,Male,Married,Research & Development,Research Director,5,3 Bachelor,Life Sciences,Travel_Rarely,3,No,19740,Q4 highest,14,1,25,8,6 to 10,7,0,7,3,2,4 Very High,3 High,2 Medium,1 Low,3 Better,Good,3,No,0
1256,49,46 to 60,Male,Married,Research & Development,Manager,5,2 College,Medical,Travel_Rarely,4,No,18711,Q4 highest,13,1,23,1,Under 1 year,0,0,0,2,2,3 High,1 Low,3 High,2 Medium,4 Best,Below average,3,No,0
1257,36,36 to 45,Male,Married,Research & Development,Research Scientist,1,3 Bachelor,Technical Degree,Travel_Frequently,3,No,3692,Q2,12,0,12,11,Over 10,10,0,7,1,2,2 Medium,3 High,3 High,3 High,2 Good,Below average,3,No,0
1258,48,46 to 60,Male,Single,Research & Development,Laboratory Technician,1,2 College,Technical Degree,Travel_Rarely,2,No,2559,Q1 lowest,11,0,7,1,Under 1 year,0,0,0,5,4,2 Medium,4 Very High,3 High,4 Very High,2 Good,Below average,3,No,0
1259,27,26 to 35,Male,Divorced,Research & Development,Research Scientist,1,2 College,Life Sciences,Travel_Rarely,4,No,2517,Q1 lowest,11,3,5,5,3 to 5,3,0,3,1,2,3 High,1 Low,2 Medium,3 High,3 Better,Below average,3,No,0
1260,29,26 to 35,Male,Divorced,Research & Development,Healthcare Representative,2,3 Bachelor,Life Sciences,Travel_Rarely,7,Yes,6623,Q3,11,2,6,6,6 to 10,0,1,0,1,2,4 Very High,3 High,2 Medium,3 High,3 Better,Good,3,No,0
1263,48,46 to 60,Male,Single,Research & Development,Research Director,5,3 Bachelor,Life Sciences,Travel_Rarely,1,No,18265,Q4 highest,12,0,25,1,Under 1 year,0,0,0,6,3,4 Very High,4 Very High,3 High,2 Medium,4 Best,High,3,No,0
1264,29,26 to 35,Female,Divorced,Research & Development,Research Director,4,3 Bachelor,Life Sciences,Travel_Rarely,1,No,16124,Q4 highest,14,2,9,7,6 to 10,7,1,7,3,2,4 Very High,4 Very High,2 Medium,2 Medium,2 Good,Good,3,No,0
1265,34,26 to 35,Female,Married,Research & Development,Research Scientist,1,3 Bachelor,Technical Degree,Travel_Rarely,20,No,2585,Q1 lowest,17,0,2,1,Under 1 year,0,0,0,0,5,3 High,3 High,4 Very High,4 Very High,2 Good,Good,3,No,0
1267,44,36 to 45,Male,Married,Sales,Manager,5,3 Bachelor,Marketing,Travel_Rarely,5,No,18213,Q4 highest,11,1,26,22,Over 10,9,3,10,7,5,2 Medium,2 Medium,3 High,3 High,3 Better,Below average,3,No,0
1268,33,26 to 35,Male,Divorced,Sales,Sales Executive,3,5 Doctor,Marketing,Travel_Rarely,10,Yes,8380,Q4 highest,14,2,10,9,6 to 10,8,0,8,0,3,3 High,4 Very High,4 Very High,4 Very High,3 Better,Good,3,No,0
1269,19,18 to 25,Female,Single,Research & Development,Research Scientist,1,3 Bachelor,Life Sciences,Travel_Rarely,25,Yes,2994,Q2,12,0,1,1,Under 1 year,0,0,1,1,2,4 Very High,2 Medium,4 Very High,4 Very High,3 Better,Good,3,No,0
1270,23,18 to 25,Male,Married,Research & Development,Research Scientist,1,2 College,Life Sciences,Travel_Rarely,1,No,1223,Q1 lowest,22,1,1,1,Under 1 year,0,0,1,1,2,3 High,4 Very High,4 Very High,3 High,3 Better,Good,4,No,0
1273,25,18 to 25,Male,Single,Sales,Sales Representative,1,1 Below College,Life Sciences,Travel_Frequently,24,Yes,1118,Q1 lowest,14,0,1,1,Under 1 year,0,1,0,1,4,4 Very High,3 High,4 Very High,1 Low,3 Better,Good,3,Yes,1
1275,26,26 to 35,Male,Single,Research & Development,Research Scientist,1,2 College,Life Sciences,Travel_Rarely,4,Yes,2875,Q1 lowest,20,0,8,8,6 to 10,5,2,2,1,2,4 Very High,3 High,2 Medium,3 High,2 Good,Below average,4,No,0
1277,45,36 to 45,Female,Single,Sales,Manager,5,3 Bachelor,Marketing,Travel_Rarely,2,Yes,18824,Q4 highest,16,0,26,24,Over 10,10,1,11,2,2,2 Medium,1 Low,1 Low,1 Low,3 Better,Low,3,Yes,1
1278,55,46 to 60,Male,Divorced,Research & Development,Healthcare Representative,4,1 Below College,Medical,Non-Travel,8,Yes,13577,Q4 highest,15,1,34,33,Over 10,9,15,0,1,3,2 Medium,4 Very High,4 Very High,2 Medium,3 Better,Good,3,No,0
1279,21,18 to 25,Female,Single,Research & Development,Laboratory Technician,1,2 College,Life Sciences,Travel_Frequently,10,No,2625,Q1 lowest,20,0,2,2,1 to 2,2,2,2,1,2,3 High,1 Low,3 High,2 Medium,1 Bad,Low,4,Yes,1
1280,46,46 to 60,Female,Married,Sales,Manager,5,2 College,Marketing,Travel_Rarely,4,No,18789,Q4 highest,14,1,26,11,Over 10,4,0,8,2,2,2 Medium,4 Very High,3 High,2 Medium,3 Better,Good,3,No,0
1281,34,26 to 35,Female,Single,Sales,Sales Executive,2,3 Bachelor,Marketing,Travel_Rarely,2,Yes,4538,Q2,12,0,4,3,3 to 5,2,0,2,0,3,1 Low,3 High,4 Very High,3 High,3 Better,Below average,3,No,0
1282,51,46 to 60,Male,Divorced,Sales,Manager,5,3 Bachelor,Life Sciences,Travel_Frequently,9,Yes,19847,Q4 highest,24,1,31,29,Over 10,10,11,10,4,5,2 Medium,4 Very High,1 Low,3 High,2 Good,Below average,4,No,0
1283,59,46 to 60,Male,Single,Research & Development,Manufacturing Director,3,4 Master,Medical,Travel_Rarely,18,No,10512,Q4 highest,12,0,25,9,6 to 10,7,5,4,6,6,4 Very High,4 Very High,4 Very High,3 High,2 Good,Good,3,No,0
1285,34,26 to 35,Female,Divorced,Research & Development,Laboratory Technician,2,3 Bachelor,Medical,Travel_Frequently,19,No,4444,Q2,13,2,15,11,Over 10,8,5,10,4,2,2 Medium,3 High,3 High,3 High,4 Best,Good,3,No,0
1286,28,26 to 35,Male,Single,Research & Development,Laboratory Technician,1,4 Master,Medical,Travel_Frequently,1,Yes,2154,Q1 lowest,11,0,5,4,3 to 5,2,0,2,0,2,3 High,4 Very High,3 High,3 High,2 Good,Good,3,No,0
1288,44,36 to 45,Male,Divorced,Research & Development,Manager,5,2 College,Life Sciences,Travel_Rarely,4,No,19190,Q4 highest,14,2,26,25,Over 10,9,14,13,1,4,1 Low,3 High,4 Very High,4 Very High,2 Good,Below average,3,No,0
1289,34,26 to 35,Male,Married,Human Resources,Human Resources,2,3 Bachelor,Life Sciences,Travel_Frequently,11,No,4490,Q2,11,2,14,10,6 to 10,9,1,8,4,5,2 Medium,3 High,4 Very High,2 Medium,4 Best,Good,3,No,0
1291,35,26 to 35,Male,Married,Research & Development,Research Scientist,1,1 Below College,Life Sciences,Travel_Rarely,6,Yes,3506,Q2,14,0,4,3,3 to 5,2,2,2,0,3,3 High,3 High,4 Very High,3 High,3 Better,Good,3,No,0
1292,42,36 to 45,Female,Married,Research & Development,Research Scientist,2,4 Master,Medical,Travel_Rarely,7,Yes,2372,Q1 lowest,16,0,18,1,Under 1 year,0,0,0,6,2,2 Medium,2 Medium,4 Very High,4 Very High,3 Better,Below average,3,No,0
1293,43,36 to 45,Female,Single,Sales,Sales Executive,3,4 Master,Marketing,Travel_Rarely,4,No,10231,Q4 highest,14,0,23,21,Over 10,7,15,17,3,3,4 Very High,4 Very High,4 Very High,2 Medium,4 Best,High,3,No,0
1294,36,36 to 45,Female,Single,Research & Development,Manufacturing Director,2,4 Master,Life Sciences,Travel_Rarely,2,Yes,5410,Q3,11,0,18,16,Over 10,14,5,12,9,2,2 Medium,3 High,4 Very High,3 High,3 Better,Good,3,No,0
1295,44,36 to 45,Female,Married,Research & Development,Healthcare Representative,3,3 Bachelor,Medical,Travel_Rarely,15,No,7978,Q3,11,1,10,10,6 to 10,7,0,5,1,2,4 Very High,1 Low,4 Very High,3 High,3 Better,Good,3,Yes,1
1296,28,26 to 35,Male,Married,Research & Development,Laboratory Technician,1,3 Bachelor,Life Sciences,Travel_Frequently,2,Yes,3867,Q2,12,1,2,2,1 to 2,2,2,2,1,2,4 Very High,4 Very High,2 Medium,2 Medium,3 Better,Good,3,No,0
1297,51,46 to 60,Female,Single,Research & Development,Laboratory Technician,1,2 College,Medical,Travel_Frequently,6,No,2838,Q1 lowest,14,0,8,7,6 to 10,0,7,7,0,6,3 High,2 Medium,2 Medium,2 Medium,2 Good,Below average,3,No,0
1298,30,26 to 35,Female,Single,Research & Development,Manufacturing Director,2,2 College,Medical,Non-Travel,9,Yes,4695,Q2,18,0,10,8,6 to 10,4,1,7,7,3,3 High,3 High,3 High,3 High,3 Better,Good,3,No,0
1299,29,26 to 35,Female,Divorced,Research & Development,Laboratory Technician,1,3 Bachelor,Technical Degree,Travel_Rarely,7,Yes,3339,Q2,13,2,10,7,6 to 10,7,7,7,3,2,3 High,2 Medium,1 Low,3 High,3 Better,Below average,3,Yes,1
1301,28,26 to 35,Male,Single,Research & Development,Research Scientist,1,3 Bachelor,Technical Degree,Travel_Rarely,1,No,2080,Q1 lowest,11,0,5,3,3 to 5,2,1,2,2,2,1 Low,4 Very High,2 Medium,3 High,2 Good,Below average,3,No,0
1303,25,18 to 25,Female,Single,Research & Development,Research Scientist,1,3 Bachelor,Medical,Travel_Rarely,1,No,2096,Q1 lowest,18,0,2,2,1 to 2,2,2,1,1,3,2 Medium,4 Very High,4 Very High,3 High,2 Good,Good,3,No,0
1304,32,26 to 35,Male,Married,Sales,Sales Executive,2,3 Bachelor,Medical,Travel_Rarely,8,No,6209,Q3,15,2,10,10,6 to 10,7,0,8,1,4,4 Very High,3 High,3 High,4 Very High,4 Best,Good,3,No,0
1306,45,36 to 45,Female,Single,Research & Development,Manager,5,3 Bachelor,Medical,Travel_Frequently,25,No,18061,Q4 highest,22,0,22,0,Under 1 year,0,0,0,3,4,2 Medium,2 Medium,3 High,3 High,3 Better,Below average,4,No,0
1307,39,36 to 45,Female,Divorced,Research & Development,Manager,4,4 Master,Medical,Travel_Rarely,13,Yes,17123,Q4 highest,13,2,21,19,Over 10,9,15,2,6,4,2 Medium,3 High,4 Very High,2 Medium,3 Better,Good,3,No,0
1308,58,46 to 60,Male,Divorced,Research & Development,Research Scientist,1,4 Master,Life Sciences,Travel_Rarely,23,No,2372,Q1 lowest,12,2,2,2,1 to 2,2,2,2,1,3,3 High,1 Low,4 Very High,3 High,3 Better,Below average,3,No,0
1309,32,26 to 35,Male,Married,Research & Development,Laboratory Technician,2,2 College,Life Sciences,Travel_Rarely,7,No,4883,Q2,18,1,10,10,6 to 10,4,1,1,1,3,3 High,4 Very High,1 Low,3 High,3 Better,Below average,3,Yes,1
1310,39,36 to 45,Male,Single,Research & Development,Research Scientist,1,3 Bachelor,Medical,Travel_Rarely,23,No,3904,Q2,13,0,6,5,3 to 5,2,0,3,0,2,1 Low,3 High,1 Low,3 High,3 Better,Low,3,Yes,1
1311,30,26 to 35,Female,Married,Research & Development,Laboratory Technician,2,3 Bachelor,Technical Degree,Travel_Rarely,6,No,4627,Q2,12,1,10,9,6 to 10,2,6,7,0,6,4 Very High,1 Low,1 Low,2 Medium,3 Better,Below average,3,No,0
1312,36,36 to 45,Female,Married,Research & Development,Healthcare Representative,3,4 Master,Technical Degree,Travel_Rarely,10,No,7094,Q3,12,0,10,7,6 to 10,7,1,7,3,0,3 High,4 Very High,1 Low,3 High,3 Better,Below average,3,No,0
1314,46,46 to 60,Female,Single,Human Resources,Human Resources,1,2 College,Life Sciences,Travel_Rarely,1,No,3423,Q2,12,0,10,7,6 to 10,6,5,7,6,3,1 Low,4 Very High,3 High,3 High,4 Best,Good,3,No,0
1315,28,26 to 35,Female,Married,Research & Development,Laboratory Technician,2,3 Bachelor,Life Sciences,Non-Travel,1,No,6674,Q3,11,3,10,9,6 to 10,8,7,5,0,6,4 Very High,3 High,1 Low,1 Low,3 Better,Below average,3,No,0
1317,50,46 to 60,Female,Married,Research & Development,Research Director,4,3 Bachelor,Life Sciences,Travel_Rarely,28,Yes,16880,Q4 highest,11,0,25,3,3 to 5,2,1,2,4,2,1 Low,4 Very High,2 Medium,3 High,3 Better,Below average,3,No,0
1318,40,36 to 45,Male,Single,Sales,Sales Executive,3,4 Master,Marketing,Travel_Rarely,25,Yes,9094,Q4 highest,12,0,9,5,3 to 5,4,1,0,2,2,2 Medium,4 Very High,3 High,2 Medium,3 Better,Good,3,Yes,1
1319,52,46 to 60,Male,Single,Sales,Sales Executive,3,3 Bachelor,Life Sciences,Travel_Rarely,5,Yes,8446,Q4 highest,19,0,10,8,6 to 10,7,7,7,9,2,2 Medium,2 Medium,3 High,3 High,2 Good,Below average,3,Yes,1
1321,30,26 to 35,Female,Married,Research & Development,Manager,3,4 Master,Medical,Travel_Rarely,17,Yes,11916,Q4 highest,23,2,9,9,6 to 10,1,0,8,1,2,1 Low,2 Medium,4 Very High,3 High,3 Better,Below average,4,No,0
1322,39,36 to 45,Male,Single,Research & Development,Manufacturing Director,2,2 College,Life Sciences,Travel_Rarely,18,No,4534,Q2,11,0,9,8,6 to 10,7,1,7,0,6,3 High,1 Low,1 Low,3 High,3 Better,Low,3,No,0
1324,31,26 to 35,Female,Divorced,Sales,Sales Executive,3,4 Master,Life Sciences,Non-Travel,2,Yes,9852,Q4 highest,19,1,10,10,6 to 10,8,9,6,1,5,3 High,4 Very High,1 Low,3 High,2 Good,Below average,3,No,0
1329,41,36 to 45,Male,Single,Sales,Sales Executive,2,2 College,Medical,Non-Travel,10,No,6151,Q3,13,0,19,19,Over 10,2,11,9,1,4,2 Medium,3 High,1 Low,1 Low,3 Better,Below average,3,No,0
1331,31,26 to 35,Female,Single,Sales,Sales Representative,1,3 Bachelor,Life Sciences,Travel_Frequently,1,Yes,2302,Q1 lowest,11,0,3,3,3 to 5,2,2,2,1,2,2 Medium,4 Very High,1 Low,3 High,4 Best,Below average,3,Yes,1
1333,44,36 to 45,Male,Married,Research & Development,Laboratory Technician,1,3 Bachelor,Life Sciences,Travel_Rarely,3,No,2362,Q1 lowest,12,0,10,3,3 to 5,2,1,2,4,4,1 Low,1 Low,3 High,3 High,4 Best,Below average,3,Yes,1
1334,42,36 to 45,Male,Married,Research & Development,Manager,4,1 Below College,Life Sciences,Non-Travel,2,Yes,17861,Q4 highest,13,0,21,20,Over 10,8,2,10,0,3,3 High,3 High,4 Very High,3 High,2 Good,Good,3,No,0
1336,55,46 to 60,Female,Married,Research & Development,Manager,5,2 College,Medical,Travel_Rarely,2,No,19187,Q4 highest,14,1,23,19,Over 10,9,9,11,4,5,3 High,4 Very High,4 Very High,1 Low,3 Better,Good,3,No,0
1338,56,46 to 60,Male,Single,Human Resources,Manager,5,4 Master,Life Sciences,Travel_Rarely,8,No,19717,Q4 highest,14,0,36,7,6 to 10,3,7,7,6,4,2 Medium,4 Very High,1 Low,3 High,3 Better,Below average,3,No,0
1340,40,36 to 45,Male,Divorced,Research & Development,Research Scientist,1,2 College,Life Sciences,Non-Travel,16,No,3544,Q2,16,1,6,4,3 to 5,2,0,0,9,0,3 High,3 High,2 Medium,3 High,3 Better,Below average,3,No,0
1344,34,26 to 35,Male,Divorced,Research & Development,Healthcare Representative,3,3 Bachelor,Life Sciences,Travel_Rarely,9,No,8500,Q4 highest,11,1,10,9,6 to 10,7,1,6,0,0,4 Very High,4 Very High,4 Very High,3 High,2 Good,Good,3,No,0
1346,40,36 to 45,Male,Single,Research & Development,Research Scientist,2,3 Bachelor,Life Sciences,Travel_Rarely,2,No,4661,Q2,13,0,9,9,6 to 10,8,8,8,1,4,4 Very High,3 High,3 High,3 High,3 Better,Good,3,No,0
1349,41,36 to 45,Female,Divorced,Sales,Sales Executive,2,3 Bachelor,Marketing,Travel_Frequently,1,No,4103,Q2,17,1,10,9,6 to 10,3,1,7,0,2,1 Low,3 High,4 Very High,3 High,3 Better,Below average,3,No,0
1350,35,26 to 35,Male,Single,Research & Development,Research Scientist,2,4 Master,Life Sciences,Travel_Frequently,4,Yes,4249,Q2,11,0,9,9,6 to 10,6,1,1,1,3,3 High,3 High,2 Medium,3 High,3 Better,Below average,3,No,0
1352,51,46 to 60,Male,Divorced,Human Resources,Manager,4,3 Bachelor,Life Sciences,Travel_Rarely,5,Yes,14026,Q4 highest,11,1,33,33,Over 10,9,0,10,1,2,2 Medium,3 High,2 Medium,3 High,3 Better,Below average,3,No,0
1355,38,36 to 45,Female,Divorced,Sales,Sales Executive,2,2 College,Life Sciences,Travel_Rarely,2,No,6893,Q3,15,1,11,7,6 to 10,7,1,7,3,3,1 Low,2 Medium,4 Very High,3 High,3 Better,Below average,3,No,0
1356,34,26 to 35,Female,Single,Sales,Sales Executive,2,2 College,Medical,Travel_Rarely,15,No,6125,Q3,12,0,10,10,6 to 10,8,9,6,1,6,1 Low,3 High,4 Very High,3 High,4 Best,Good,3,No,0
1358,25,18 to 25,Male,Married,Research & Development,Laboratory Technician,1,1 Below College,Medical,Travel_Rarely,19,No,3669,Q2,11,3,7,3,3 to 5,2,1,2,3,6,4 Very High,4 Very High,3 High,3 High,2 Good,Good,3,No,0
1360,58,46 to 60,Female,Married,Research & Development,Manufacturing Director,3,4 Master,Medical,Travel_Rarely,7,Yes,10008,Q4 highest,14,0,31,10,6 to 10,9,5,9,7,0,1 Low,3 High,4 Very High,2 Medium,2 Good,Below average,3,Yes,1
1361,40,36 to 45,Male,Married,Research & Development,Laboratory Technician,1,4 Master,Life Sciences,Travel_Rarely,1,No,2387,Q1 lowest,22,1,7,4,3 to 5,2,0,3,3,3,2 Medium,2 Medium,3 High,3 High,3 Better,Below average,4,No,0
1362,36,36 to 45,Female,Married,Sales,Sales Executive,2,3 Bachelor,Marketing,Travel_Frequently,7,No,4639,Q2,16,1,17,15,Over 10,7,6,13,2,2,1 Low,1 Low,4 Very High,4 Very High,2 Good,Low,3,No,0
1363,48,46 to 60,Male,Single,Research & Development,Manufacturing Director,3,3 Bachelor,Life Sciences,Travel_Rarely,4,No,7898,Q3,11,0,11,10,6 to 10,9,0,8,1,2,4 Very High,4 Very High,3 High,3 High,3 Better,Good,3,No,0
1364,27,26 to 35,Female,Married,Sales,Sales Representative,1,3 Bachelor,Medical,Travel_Rarely,11,No,2534,Q1 lowest,14,1,5,1,Under 1 year,0,0,0,8,4,4 Very High,3 High,2 Medium,4 Very High,3 Better,Good,3,No,0
1367,51,46 to 60,Female,Single,Research & Development,Manufacturing Director,4,2 College,Technical Degree,Travel_Rarely,11,No,13142,Q4 highest,16,0,29,5,3 to 5,2,0,3,3,1,2 Medium,4 Very High,2 Medium,2 Medium,2 Good,Below average,3,No,0
1368,18,18 to 25,Female,Single,Research & Development,Laboratory Technician,1,3 Bachelor,Life Sciences,Non-Travel,1,No,1611,Q1 lowest,15,0,0,0,Under 1 year,0,0,0,1,5,4 Very High,4 Very High,3 High,3 High,4 Best,High,3,No,0
1369,35,26 to 35,Female,Married,Research & Development,Laboratory Technician,2,3 Bachelor,Medical,Travel_Rarely,1,No,5363,Q3,12,1,10,9,6 to 10,7,0,0,0,0,4 Very High,4 Very High,2 Medium,2 Medium,3 Better,Good,3,No,0
1371,27,26 to 35,Male,Single,Sales,Sales Executive,2,1 Below College,Life Sciences,Travel_Frequently,2,No,5071,Q3,20,0,8,6,6 to 10,2,0,0,3,3,4 Very High,4 Very High,2 Medium,1 Low,3 Better,Good,4,No,0
1372,55,46 to 60,Male,Single,Sales,Sales Executive,4,4 Master,Marketing,Travel_Rarely,13,Yes,13695,Q4 highest,17,0,24,19,Over 10,7,3,8,6,2,3 High,1 Low,3 High,4 Very High,2 Good,Below average,3,Yes,1
1373,56,46 to 60,Male,Married,Research & Development,Manufacturing Director,4,3 Bachelor,Life Sciences,Travel_Rarely,23,Yes,13402,Q4 highest,12,1,33,19,Over 10,16,15,9,4,0,2 Medium,4 Very High,1 Low,3 High,3 Better,Below average,3,No,0
1374,34,26 to 35,Female,Divorced,Research & Development,Research Scientist,1,1 Below College,Technical Degree,Non-Travel,26,No,2029,Q1 lowest,20,3,5,5,3 to 5,4,0,0,1,2,3 High,1 Low,3 High,2 Medium,3 Better,Below average,4,No,0
1375,40,36 to 45,Female,Divorced,Research & Development,Healthcare Representative,2,1 Below College,Medical,Travel_Rarely,2,No,6377,Q3,20,3,15,12,Over 10,11,11,8,5,0,3 High,2 Medium,2 Medium,4 Very High,3 Better,Below average,4,No,0
1377,34,26 to 35,Male,Married,Research & Development,Laboratory Technician,2,3 Bachelor,Medical,Travel_Rarely,29,No,5429,Q3,13,2,10,8,6 to 10,7,7,7,4,1,3 High,2 Medium,1 Low,3 High,3 Better,Below average,3,No,0
1379,31,26 to 35,Female,Single,Sales,Sales Representative,1,3 Bachelor,Life Sciences,Travel_Frequently,2,No,2785,Q1 lowest,14,0,3,1,Under 1 year,0,0,0,7,3,4 Very High,3 High,3 High,2 Medium,4 Best,Good,3,Yes,1
1380,35,26 to 35,Female,Married,Sales,Sales Executive,2,4 Master,Marketing,Travel_Frequently,18,Yes,4614,Q2,18,1,5,4,3 to 5,2,3,2,0,0,3 High,4 Very High,3 High,3 High,2 Good,Good,3,Yes,1
1382,38,36 to 45,Male,Divorced,Research & Development,Research Scientist,1,3 Bachelor,Life Sciences,Travel_Frequently,7,No,2610,Q1 lowest,11,3,4,4,3 to 5,2,0,3,1,2,3 High,4 Very High,4 Very High,4 Very High,3 Better,Good,3,No,0
1383,34,26 to 35,Female,Single,Research & Development,Healthcare Representative,2,4 Master,Technical Degree,Travel_Rarely,2,No,6687,Q3,11,0,14,14,Over 10,11,4,11,1,2,4 Very High,3 High,4 Very High,3 High,4 Best,High,3,No,0
1387,28,26 to 35,Male,Married,Sales,Sales Executive,2,3 Bachelor,Life Sciences,Travel_Rarely,26,No,4724,Q2,11,1,5,5,3 to 5,3,0,4,1,0,1 Low,3 High,3 High,2 Medium,3 Better,Below average,3,No,0
1389,31,26 to 35,Male,Married,Research & Development,Manufacturing Director,2,4 Master,Medical,Travel_Rarely,22,Yes,6179,Q3,15,2,10,10,6 to 10,2,6,7,1,3,3 High,4 Very High,4 Very High,3 High,2 Good,Good,3,Yes,1
1390,39,36 to 45,Male,Married,Sales,Sales Executive,2,4 Master,Life Sciences,Travel_Rarely,21,Yes,6120,Q3,12,2,8,5,3 to 5,4,1,4,3,2,4 Very High,1 Low,4 Very High,2 Medium,4 Best,Good,3,No,0
1391,51,46 to 60,Male,Married,Sales,Sales Executive,3,3 Bachelor,Marketing,Travel_Frequently,2,No,10596,Q4 highest,11,0,14,4,3 to 5,2,3,2,2,5,2 Medium,2 Medium,2 Medium,3 High,3 Better,Below average,3,No,0
1392,41,36 to 45,Female,Divorced,Research & Development,Research Scientist,2,3 Bachelor,Life Sciences,Travel_Frequently,22,Yes,5467,Q3,14,2,12,6,6 to 10,2,3,3,3,4,4 Very High,4 Very High,1 Low,3 High,2 Good,Below average,3,No,0
1394,37,36 to 45,Male,Married,Research & Development,Research Scientist,1,1 Below College,Life Sciences,Travel_Rarely,4,Yes,2996,Q2,15,0,8,6,6 to 10,4,1,3,7,2,3 High,3 High,4 Very High,3 High,3 Better,Good,3,No,0
1395,33,26 to 35,Male,Married,Sales,Sales Executive,2,1 Below College,Life Sciences,Travel_Frequently,5,No,9998,Q4 highest,13,0,8,5,3 to 5,4,1,2,6,2,4 Very High,2 Medium,1 Low,3 High,4 Best,Below average,3,No,0
1396,32,26 to 35,Male,Married,Sales,Sales Executive,2,1 Below College,Marketing,Travel_Rarely,2,Yes,4078,Q2,13,3,4,3,3 to 5,2,1,2,0,3,2 Medium,3 High,1 Low,3 High,2 Good,Low,3,No,0
1397,39,36 to 45,Male,Married,Research & Development,Healthcare Representative,3,2 College,Life Sciences,Non-Travel,25,No,10920,Q4 highest,21,1,13,6,6 to 10,4,0,5,3,2,3 High,3 High,2 Medium,3 High,3 Better,Below average,4,No,0
1399,25,18 to 25,Male,Married,Sales,Sales Executive,2,1 Below College,Life Sciences,Travel_Rarely,18,No,6232,Q3,11,0,6,3,3 to 5,2,1,2,2,3,3 High,1 Low,2 Medium,4 Very High,2 Good,Low,3,No,0
1401,52,46 to 60,Female,Married,Research & Development,Manufacturing Director,4,2 College,Medical,Travel_Frequently,28,Yes,13247,Q4 highest,11,1,24,5,3 to 5,3,0,2,2,3,3 High,4 Very High,2 Medium,4 Very High,2 Good,Below average,3,No,0
1402,43,36 to 45,Female,Single,Research & Development,Research Scientist,2,3 Bachelor,Medical,Travel_Rarely,6,Yes,4081,Q2,14,0,20,20,Over 10,7,1,8,1,3,3 High,1 Low,1 Low,2 Medium,1 Bad,Low,3,No,0
1403,27,26 to 35,Female,Married,Sales,Sales Executive,2,3 Bachelor,Marketing,Travel_Rarely,10,Yes,5769,Q3,11,0,6,6,6 to 10,2,4,4,1,3,4 Very High,4 Very High,4 Very High,2 Medium,3 Better,High,3,No,0
1405,27,26 to 35,Female,Single,Research & Development,Research Scientist,1,4 Master,Life Sciences,Travel_Rarely,17,Yes,2394,Q1 lowest,13,0,8,8,6 to 10,2,7,7,1,2,3 High,4 Very High,4 Very High,3 High,3 Better,Good,3,Yes,1
1407,26,26 to 35,Male,Single,Research & Development,Research Scientist,1,1 Below College,Medical,Travel_Rarely,2,No,3904,Q2,12,0,5,4,3 to 5,3,1,1,0,2,4 Very High,1 Low,4 Very High,2 Medium,3 Better,Good,3,No,0
1408,42,36 to 45,Female,Married,Human Resources,Manager,4,3 Bachelor,Human Resources,Travel_Rarely,10,No,16799,Q4 highest,14,1,21,20,Over 10,7,0,9,0,5,1 Low,3 High,3 High,3 High,3 Better,Below average,3,No,0
1409,52,46 to 60,Female,Married,Research & Development,Laboratory Technician,1,4 Master,Other,Travel_Rarely,8,No,2950,Q2,13,0,12,5,3 to 5,4,0,4,9,2,1 Low,3 High,3 High,3 High,1 Bad,Low,3,No,0
1411,37,36 to 45,Female,Single,Research & Development,Laboratory Technician,1,3 Bachelor,Medical,Travel_Rarely,11,No,3629,Q2,18,0,8,3,3 to 5,2,0,2,4,6,3 High,1 Low,1 Low,3 High,3 Better,Low,3,No,0
1412,35,26 to 35,Male,Single,Research & Development,Manufacturing Director,3,2 College,Life Sciences,Travel_Frequently,18,No,9362,Q4 highest,11,0,10,2,1 to 2,2,2,2,2,2,4 Very High,3 High,3 High,3 High,3 Better,Good,3,No,0
1415,25,18 to 25,Male,Married,Research & Development,Laboratory Technician,1,3 Bachelor,Technical Degree,Travel_Rarely,1,No,3229,Q2,11,1,7,3,3 to 5,2,0,2,4,2,4 Very High,1 Low,2 Medium,3 High,2 Good,Below average,3,No,0
1417,26,26 to 35,Male,Single,Research & Development,Laboratory Technician,1,3 Bachelor,Other,Travel_Rarely,7,No,3578,Q2,12,0,8,7,6 to 10,7,0,7,0,2,1 Low,3 High,4 Very High,4 Very High,3 Better,Below average,3,No,0
1419,29,26 to 35,Male,Single,Human Resources,Human Resources,3,3 Bachelor,Other,Travel_Rarely,17,No,7988,Q3,13,0,10,10,6 to 10,9,0,9,1,3,1 Low,2 Medium,1 Low,2 Medium,2 Good,Low,3,No,0
1420,49,46 to 60,Male,Single,Research & Development,Laboratory Technician,2,2 College,Life Sciences,Travel_Frequently,28,No,4284,Q2,20,0,20,4,3 to 5,3,1,3,3,2,1 Low,1 Low,1 Low,2 Medium,3 Better,Low,4,Yes,1
1421,29,26 to 35,Female,Single,Research & Development,Healthcare Representative,3,1 Below College,Other,Travel_Frequently,14,Yes,7553,Q3,12,0,9,8,6 to 10,7,7,7,0,1,4 Very High,3 High,1 Low,3 High,3 Better,Below average,3,Yes,1
1422,54,46 to 60,Female,Single,Research & Development,Research Director,4,3 Bachelor,Medical,Travel_Rarely,1,No,17328,Q4 highest,19,0,29,20,Over 10,7,12,7,6,3,4 Very High,4 Very High,4 Very High,3 High,2 Good,Good,3,No,0
1423,58,46 to 60,Female,Married,Research & Development,Research Director,5,3 Bachelor,Medical,Travel_Rarely,1,Yes,19701,Q4 highest,21,1,32,9,6 to 10,8,1,5,3,3,1 Low,4 Very High,3 High,3 High,3 Better,Below average,4,No,0
1424,55,46 to 60,Male,Divorced,Research & Development,Research Director,4,4 Master,Medical,Travel_Rarely,1,No,14732,Q4 highest,13,2,31,7,6 to 10,7,0,0,2,4,4 Very High,2 Medium,4 Very High,4 Very High,4 Best,Good,3,No,0
1425,36,36 to 45,Female,Single,Sales,Sales Executive,2,4 Master,Marketing,Travel_Rarely,3,Yes,9278,Q4 highest,16,0,15,5,3 to 5,4,0,1,3,3,2 Medium,1 Low,4 Very High,3 High,3 Better,Below average,3,No,0
1427,31,26 to 35,Female,Single,Sales,Sales Representative,1,4 Master,Life Sciences,Travel_Frequently,1,No,1359,Q1 lowest,12,0,1,1,Under 1 year,0,0,0,1,3,3 High,2 Medium,2 Medium,1 Low,3 Better,Below average,3,Yes,1
1428,30,26 to 35,Female,Divorced,Sales,Sales Executive,2,4 Master,Marketing,Travel_Rarely,7,No,4779,Q2,14,2,8,3,3 to 5,2,0,2,7,3,1 Low,4 Very High,2 Medium,3 High,3 Better,Below average,3,No,0
1430,31,26 to 35,Female,Single,Research & Development,Research Director,4,5 Doctor,Life Sciences,Travel_Rarely,8,No,16422,Q4 highest,11,0,9,3,3 to 5,2,1,0,3,3,2 Medium,1 Low,3 High,3 High,4 Best,Below average,3,No,0
1431,34,26 to 35,Male,Divorced,Research & Development,Research Scientist,1,4 Master,Other,Travel_Frequently,1,No,2996,Q2,14,2,10,4,3 to 5,3,1,3,5,2,1 Low,4 Very High,3 High,3 High,3 Better,Below average,3,No,0
1433,31,26 to 35,Female,Single,Research & Development,Research Scientist,1,3 Bachelor,Life Sciences,Travel_Rarely,8,No,1261,Q1 lowest,12,0,1,1,Under 1 year,0,0,0,1,3,2 Medium,1 Low,3 High,2 Medium,4 Best,Below average,3,Yes,1
1434,27,26 to 35,Male,Married,Research & Development,Laboratory Technician,1,1 Below College,Life Sciences,Travel_Rarely,11,No,2099,Q1 lowest,14,0,6,5,3 to 5,0,1,4,0,3,1 Low,2 Medium,2 Medium,3 High,4 Best,Below average,3,No,0
1435,36,36 to 45,Male,Single,Research & Development,Laboratory Technician,2,4 Master,Life Sciences,Travel_Rarely,4,No,5810,Q3,16,0,10,10,6 to 10,4,1,8,1,2,4 Very High,1 Low,3 High,2 Medium,2 Good,Below average,3,No,0
1436,36,36 to 45,Female,Married,Sales,Sales Executive,2,4 Master,Marketing,Travel_Rarely,16,No,5647,Q3,13,2,11,3,3 to 5,2,0,2,4,3,1 Low,3 High,1 Low,2 Medium,2 Good,Low,3,No,0
1438,47,46 to 60,Male,Married,Research & Development,Research Scientist,1,3 Bachelor,Technical Degree,Travel_Rarely,1,No,3420,Q2,12,1,17,6,6 to 10,5,1,2,7,2,4 Very High,1 Low,3 High,3 High,2 Good,Below average,3,No,0
1439,25,18 to 25,Male,Married,Sales,Sales Representative,1,2 College,Life Sciences,Travel_Rarely,9,No,4400,Q2,12,0,6,3,3 to 5,2,2,2,3,2,1 Low,1 Low,1 Low,2 Medium,3 Better,Low,3,Yes,1
1440,37,36 to 45,Male,Single,Research & Development,Laboratory Technician,1,2 College,Technical Degree,Non-Travel,5,No,3500,Q2,14,0,7,6,6 to 10,5,1,3,0,2,3 High,3 High,1 Low,4 Very High,1 Bad,Low,3,No,0
1441,56,46 to 60,Female,Married,Research & Development,Research Scientist,1,2 College,Life Sciences,Travel_Rarely,1,No,2066,Q1 lowest,22,1,5,3,3 to 5,2,1,0,2,3,1 Low,1 Low,4 Very High,3 High,4 Best,Below average,4,No,0
1443,47,46 to 60,Female,Married,Research & Development,Research Director,4,4 Master,Medical,Travel_Rarely,2,No,17169,Q4 highest,19,2,26,20,Over 10,17,5,6,3,2,3 High,1 Low,2 Medium,3 High,4 Best,Below average,3,No,0
1445,24,18 to 25,Female,Married,Sales,Sales Executive,2,1 Below College,Medical,Travel_Rarely,4,Yes,4162,Q2,12,2,5,5,3 to 5,4,0,3,1,3,3 High,4 Very High,3 High,3 High,3 Better,Good,3,No,0
1446,32,26 to 35,Male,Married,Sales,Sales Executive,2,5 Doctor,Marketing,Travel_Rarely,7,No,9204,Q4 highest,12,1,7,4,3 to 5,3,0,3,4,3,4 Very High,4 Very High,3 High,3 High,2 Good,Good,3,No,0
1447,34,26 to 35,Female,Married,Research & Development,Laboratory Technician,1,3 Bachelor,Life Sciences,Travel_Rarely,1,No,3294,Q2,17,1,7,5,3 to 5,4,0,2,5,2,2 Medium,4 Very High,1 Low,2 Medium,2 Good,Below average,3,No,0
1448,41,36 to 45,Male,Married,Research & Development,Research Scientist,1,5 Doctor,Medical,Travel_Rarely,5,Yes,2127,Q1 lowest,12,0,7,4,3 to 5,2,0,3,2,5,3 High,2 Medium,1 Low,4 Very High,2 Good,Low,3,No,0
1449,40,36 to 45,Male,Divorced,Research & Development,Laboratory Technician,2,4 Master,Other,Non-Travel,9,No,3975,Q2,11,2,11,8,6 to 10,7,0,7,3,2,3 High,3 High,3 High,3 High,4 Best,Good,3,No,0
1453,31,26 to 35,Male,Divorced,Sales,Sales Executive,3,2 College,Life Sciences,Travel_Rarely,8,No,10793,Q4 highest,18,1,13,13,Over 10,7,9,9,1,5,4 Very High,1 Low,1 Low,3 High,3 Better,Below average,3,No,0
1457,46,46 to 60,Male,Divorced,Sales,Sales Executive,3,3 Bachelor,Marketing,Travel_Rarely,9,No,10096,Q4 highest,11,1,28,7,6 to 10,7,4,3,4,1,4 Very High,1 Low,1 Low,3 High,4 Best,Below average,3,Yes,1
1458,39,36 to 45,Female,Single,Research & Development,Laboratory Technician,1,3 Bachelor,Life Sciences,Non-Travel,2,Yes,3646,Q2,23,0,11,1,Under 1 year,0,0,0,2,2,1 Low,1 Low,2 Medium,2 Medium,4 Best,Low,4,Yes,1
1459,31,26 to 35,Female,Single,Research & Development,Manufacturing Director,3,5 Doctor,Life Sciences,Travel_Frequently,1,No,7446,Q3,11,0,10,10,6 to 10,8,4,7,1,2,2 Medium,3 High,1 Low,4 Very High,3 Better,Below average,3,Yes,1
1460,45,36 to 45,Male,Divorced,Research & Development,Healthcare Representative,3,3 Bachelor,Medical,Travel_Rarely,20,Yes,10851,Q4 highest,18,1,24,7,6 to 10,7,0,7,2,2,1 Low,2 Medium,2 Medium,1 Low,3 Better,Low,3,No,0
1461,31,26 to 35,Female,Single,Human Resources,Human Resources,1,2 College,Medical,Travel_Rarely,8,No,2109,Q1 lowest,18,0,8,3,3 to 5,2,0,2,9,3,2 Medium,4 Very High,4 Very High,4 Very High,3 Better,Good,3,No,0
1464,31,26 to 35,Male,Married,Research & Development,Laboratory Technician,1,3 Bachelor,Life Sciences,Travel_Frequently,2,Yes,3722,Q2,13,1,7,2,1 to 2,2,2,2,6,2,4 Very High,2 Medium,3 High,3 High,1 Bad,Below average,3,Yes,1
1465,45,36 to 45,Male,Married,Research & Development,Manufacturing Director,3,3 Bachelor,Technical Degree,Travel_Rarely,29,Yes,9380,Q4 highest,18,2,10,3,3 to 5,1,1,2,4,4,4 Very High,2 Medium,4 Very High,3 High,4 Best,Good,3,No,0
1466,48,46 to 60,Male,Divorced,Sales,Sales Executive,2,3 Bachelor,Marketing,Travel_Rarely,7,No,5486,Q3,11,3,15,2,1 to 2,2,2,2,4,3,1 Low,3 High,1 Low,3 High,3 Better,Low,3,No,0
1467,34,26 to 35,Female,Married,Human Resources,Human Resources,1,4 Master,Technical Degree,Travel_Rarely,9,No,2742,Q1 lowest,15,0,2,2,1 to 2,2,2,2,1,0,3 High,1 Low,4 Very High,3 High,3 Better,Below average,3,Yes,1
1468,40,36 to 45,Male,Divorced,Research & Development,Research Director,3,1 Below College,Medical,Non-Travel,8,No,13757,Q4 highest,11,1,16,9,6 to 10,8,4,8,2,5,2 Medium,4 Very High,3 High,2 Medium,3 Better,Good,3,No,0
1469,28,26 to 35,Male,Single,Sales,Sales Executive,2,3 Bachelor,Medical,Travel_Rarely,5,No,8463,Q4 highest,18,0,6,5,3 to 5,4,1,3,0,4,1 Low,4 Very High,4 Very High,3 High,3 Better,Good,3,No,0
1471,44,36 to 45,Male,Single,Research & Development,Laboratory Technician,1,3 Bachelor,Life Sciences,Non-Travel,5,No,3162,Q2,14,0,7,5,3 to 5,2,0,3,3,5,3 High,3 High,4 Very High,2 Medium,3 Better,Good,3,No,0
1472,53,46 to 60,Male,Single,Research & Development,Research Director,4,3 Bachelor,Medical,Travel_Rarely,2,No,16598,Q4 highest,12,0,35,9,6 to 10,8,8,8,4,2,2 Medium,4 Very High,2 Medium,4 Very High,2 Good,Below average,3,No,0
1473,49,46 to 60,Male,Married,Research & Development,Healthcare Representative,2,4 Master,Technical Degree,Travel_Rarely,5,No,6651,Q3,14,1,20,3,3 to 5,2,1,2,2,0,3 High,1 Low,2 Medium,3 High,2 Good,Low,3,No,0
1474,40,36 to 45,Male,Divorced,Research & Development,Research Scientist,1,3 Bachelor,Medical,Travel_Rarely,2,No,2345,Q1 lowest,14,1,8,3,3 to 5,1,1,2,2,3,3 High,3 High,3 High,3 High,4 Best,Good,3,No,0
1475,44,36 to 45,Male,Single,Research & Development,Research Scientist,1,3 Bachelor,Life Sciences,Travel_Rarely,20,No,3420,Q2,13,0,6,5,3 to 5,2,1,3,1,3,2 Medium,4 Very High,3 High,3 High,2 Good,Below average,3,No,0
1477,33,26 to 35,Male,Married,Sales,Sales Executive,2,3 Bachelor,Medical,Travel_Frequently,7,No,4373,Q2,14,2,5,4,3 to 5,3,0,3,0,2,1 Low,4 Very High,1 Low,3 High,3 Better,Below average,3,No,0
1478,34,26 to 35,Male,Single,Sales,Sales Executive,2,3 Bachelor,Other,Travel_Rarely,3,No,4759,Q2,18,0,15,13,Over 10,9,3,12,3,2,1 Low,4 Very High,4 Very High,1 Low,3 Better,Good,3,No,0
1479,30,26 to 35,Male,Married,Sales,Sales Executive,2,1 Below College,Life Sciences,Travel_Rarely,16,No,5301,Q3,15,2,4,2,1 to 2,1,2,2,8,2,3 High,4 Very High,3 High,3 High,2 Good,Good,3,No,0
1480,42,36 to 45,Female,Single,Research & Development,Laboratory Technician,1,2 College,Medical,Travel_Frequently,9,No,3673,Q2,13,0,12,12,Over 10,9,5,8,1,3,4 Very High,1 Low,3 High,3 High,3 Better,Below average,3,No,0
1481,44,36 to 45,Female,Married,Sales,Sales Executive,2,5 Doctor,Marketing,Travel_Frequently,1,No,4768,Q2,12,1,11,1,Under 1 year,0,0,0,7,4,3 High,1 Low,3 High,3 High,2 Good,Below average,3,No,0
1482,30,26 to 35,Male,Divorced,Research & Development,Research Scientist,1,3 Bachelor,Technical Degree,Non-Travel,7,No,1274,Q1 lowest,13,2,1,1,Under 1 year,0,0,0,1,2,3 High,3 High,2 Medium,3 High,2 Good,Below average,3,No,0
1483,57,46 to 60,Male,Married,Research & Development,Research Scientist,2,2 College,Life Sciences,Travel_Rarely,1,No,4900,Q2,24,1,13,12,Over 10,9,2,8,0,2,3 High,2 Medium,1 Low,4 Very High,2 Good,Low,4,No,0
1484,49,46 to 60,Male,Divorced,Research & Development,Healthcare Representative,3,4 Master,Life Sciences,Travel_Rarely,7,No,10466,Q4 highest,14,2,29,8,6 to 10,7,0,7,3,3,2 Medium,3 High,2 Medium,3 High,3 Better,Below average,3,No,0
1485,34,26 to 35,Male,Divorced,Research & Development,Research Director,4,3 Bachelor,Medical,Travel_Frequently,15,No,17007,Q4 highest,14,2,16,14,Over 10,8,6,9,7,3,1 Low,2 Medium,4 Very High,3 High,2 Good,Below average,3,No,0
1486,28,26 to 35,Male,Married,Sales,Sales Representative,1,3 Bachelor,Technical Degree,Travel_Frequently,1,No,2909,Q1 lowest,15,1,5,3,3 to 5,2,1,2,3,3,3 High,1 Low,4 Very High,3 High,4 Best,Good,3,Yes,1
1487,29,26 to 35,Female,Single,Sales,Sales Executive,2,3 Bachelor,Technical Degree,Travel_Frequently,13,No,5765,Q3,11,0,7,5,3 to 5,3,0,0,5,4,2 Medium,1 Low,1 Low,3 High,1 Bad,Low,3,Yes,1
1489,34,26 to 35,Female,Single,Sales,Sales Executive,2,4 Master,Medical,Travel_Rarely,24,Yes,4599,Q2,23,0,16,15,Over 10,9,10,10,0,2,2 Medium,1 Low,3 High,2 Medium,4 Best,Below average,4,Yes,1
1492,35,26 to 35,Male,Married,Sales,Sales Representative,1,1 Below College,Life Sciences,Travel_Rarely,7,No,2404,Q1 lowest,13,1,1,1,Under 1 year,0,0,0,1,3,3 High,4 Very High,1 Low,3 High,3 Better,Below average,3,No,0
1494,24,18 to 25,Male,Single,Research & Development,Laboratory Technician,1,3 Bachelor,Medical,Travel_Frequently,9,Yes,3172,Q2,11,0,4,0,Under 1 year,0,0,0,2,2,1 Low,2 Medium,3 High,3 High,2 Good,Low,3,Yes,1
1495,24,18 to 25,Female,Married,Sales,Sales Representative,1,2 College,Life Sciences,Non-Travel,13,No,2033,Q1 lowest,13,1,1,1,Under 1 year,0,0,0,1,2,2 Medium,4 Very High,3 High,3 High,3 Better,Good,3,No,0
1496,44,36 to 45,Male,Single,Research & Development,Manufacturing Director,3,1 Below College,Medical,Travel_Frequently,2,Yes,10209,Q4 highest,18,0,16,2,1 to 2,2,2,2,5,2,3 High,2 Medium,2 Medium,3 High,2 Good,Below average,3,No,0
1497,29,26 to 35,Male,Divorced,Sales,Sales Executive,2,3 Bachelor,Life Sciences,Travel_Rarely,19,No,8620,Q4 highest,14,2,10,10,6 to 10,7,0,4,1,3,3 High,3 High,3 High,2 Medium,3 Better,Good,3,No,0
1499,30,26 to 35,Male,Divorced,Human Resources,Human Resources,1,3 Bachelor,Life Sciences,Travel_Rarely,1,No,2064,Q1 lowest,21,1,6,5,3 to 5,3,1,3,0,3,3 High,3 High,1 Low,3 High,4 Best,Below average,4,No,0
1501,55,46 to 60,Male,Married,Research & Development,Healthcare Representative,2,4 Master,Life Sciences,Travel_Rarely,4,Yes,4035,Q2,16,0,4,3,3 to 5,2,1,2,0,2,3 High,4 Very High,2 Medium,3 High,3 Better,Good,3,No,0
1502,33,26 to 35,Female,Married,Research & Development,Laboratory Technician,1,4 Master,Medical,Travel_Rarely,4,No,3838,Q2,11,0,8,5,3 to 5,4,0,2,8,5,2 Medium,1 Low,4 Very High,2 Medium,3 Better,Below average,3,No,0
1503,47,46 to 60,Female,Married,Sales,Sales Executive,2,3 Bachelor,Medical,Travel_Rarely,14,Yes,4591,Q2,17,1,11,5,3 to 5,4,1,2,3,4,3 High,3 High,3 High,3 High,2 Good,Below average,3,No,0
1504,28,26 to 35,Male,Single,Research & Development,Laboratory Technician,1,2 College,Medical,Travel_Frequently,2,No,2561,Q1 lowest,11,0,8,0,Under 1 year,0,0,0,7,2,1 Low,3 High,3 High,2 Medium,2 Good,Below average,3,Yes,1
1506,28,26 to 35,Male,Divorced,Research & Development,Research Scientist,1,3 Bachelor,Life Sciences,Travel_Rarely,1,No,1563,Q1 lowest,14,1,1,1,Under 1 year,0,0,0,1,2,3 High,1 Low,4 Very High,2 Medium,1 Bad,Below average,3,No,0
1507,28,26 to 35,Male,Single,Sales,Sales Executive,2,3 Bachelor,Life Sciences,Travel_Frequently,7,No,4898,Q2,14,0,5,4,3 to 5,2,1,3,0,5,1 Low,3 High,4 Very High,3 High,3 Better,Below average,3,No,0
1509,49,46 to 60,Female,Married,Research & Development,Laboratory Technician,2,2 College,Medical,Travel_Rarely,3,No,4789,Q2,25,1,10,3,3 to 5,2,1,2,4,3,1 Low,3 High,1 Low,2 Medium,3 Better,Low,4,No,0
1513,29,26 to 35,Female,Married,Research & Development,Laboratory Technician,1,1 Below College,Life Sciences,Travel_Frequently,2,No,3180,Q2,13,3,4,3,3 to 5,2,0,2,0,3,2 Medium,4 Very High,3 High,3 High,3 Better,Good,3,No,0
1514,28,26 to 35,Male,Married,Research & Development,Manufacturing Director,2,1 Below College,Life Sciences,Travel_Rarely,29,No,6549,Q3,14,2,8,8,6 to 10,6,1,7,1,2,2 Medium,3 High,2 Medium,1 Low,2 Good,Below average,3,No,0
1515,33,26 to 35,Male,Single,Research & Development,Healthcare Representative,2,5 Doctor,Life Sciences,Travel_Rarely,8,Yes,6388,Q3,17,0,14,0,Under 1 year,0,0,0,2,6,3 High,4 Very High,1 Low,3 High,3 Better,Below average,3,No,0
1516,32,26 to 35,Male,Single,Research & Development,Manager,3,3 Bachelor,Medical,Travel_Rarely,10,No,11244,Q4 highest,25,0,10,5,3 to 5,2,0,0,2,5,4 Very High,3 High,2 Medium,3 High,4 Best,Good,4,No,0
1520,54,46 to 60,Female,Divorced,Research & Development,Manager,4,4 Master,Medical,Travel_Frequently,11,No,16032,Q4 highest,20,1,26,14,Over 10,9,1,12,3,2,4 Very High,2 Medium,1 Low,3 High,3 Better,Below average,4,No,0
1522,29,26 to 35,Male,Single,Research & Development,Research Scientist,1,4 Master,Technical Degree,Travel_Rarely,1,No,2362,Q1 lowest,13,0,11,9,6 to 10,7,0,7,6,2,1 Low,1 Low,3 High,2 Medium,1 Bad,Low,3,Yes,1
1523,44,36 to 45,Male,Married,Research & Development,Research Director,4,3 Bachelor,Life Sciences,Travel_Rarely,28,No,16328,Q4 highest,13,1,24,20,Over 10,6,14,17,3,1,1 Low,4 Very High,3 High,3 High,4 Best,Good,3,No,0
1525,39,36 to 45,Female,Single,Research & Development,Manufacturing Director,3,3 Bachelor,Life Sciences,Travel_Rarely,6,No,8376,Q3,18,0,9,2,1 to 2,0,2,2,4,3,2 Medium,2 Medium,4 Very High,3 High,3 Better,Below average,3,No,0
1527,46,46 to 60,Female,Married,Sales,Manager,4,3 Bachelor,Life Sciences,Travel_Rarely,3,No,16606,Q4 highest,12,1,23,13,Over 10,12,5,1,8,2,2 Medium,3 High,4 Very High,3 High,4 Best,Good,3,No,0
1529,35,26 to 35,Female,Single,Research & Development,Healthcare Representative,3,3 Bachelor,Life Sciences,Travel_Rarely,16,No,8606,Q4 highest,19,0,11,11,Over 10,8,3,3,1,3,2 Medium,4 Very High,4 Very High,2 Medium,1 Bad,Below average,3,No,0
1533,23,18 to 25,Male,Single,Research & Development,Laboratory Technician,2,1 Below College,Life Sciences,Travel_Rarely,20,No,2272,Q1 lowest,14,0,5,4,3 to 5,3,1,2,0,2,3 High,1 Low,2 Medium,3 High,3 Better,Below average,3,No,0
1534,40,36 to 45,Male,Single,Research & Development,Laboratory Technician,1,4 Master,Life Sciences,Travel_Rarely,9,No,2018,Q1 lowest,14,0,15,5,3 to 5,4,1,0,3,3,1 Low,4 Very High,2 Medium,3 High,1 Bad,Low,3,Yes,1
1535,34,26 to 35,Male,Married,Sales,Sales Executive,3,3 Bachelor,Technical Degree,Travel_Rarely,1,Yes,7083,Q3,14,0,10,10,6 to 10,9,8,6,1,3,3 High,4 Very High,4 Very High,2 Medium,3 Better,Good,3,No,0
1537,31,26 to 35,Female,Single,Research & Development,Research Scientist,1,3 Bachelor,Life Sciences,Travel_Frequently,3,No,4084,Q2,12,0,7,7,6 to 10,2,7,7,1,2,3 High,4 Very High,1 Low,3 High,1 Bad,Below average,3,Yes,1
1539,50,46 to 60,Male,Single,Research & Development,Research Director,4,5 Doctor,Medical,Travel_Frequently,22,Yes,14411,Q4 highest,13,0,32,32,Over 10,6,13,9,1,2,4 Very High,3 High,4 Very High,1 Low,3 Better,Good,3,No,0
1541,34,26 to 35,Male,Married,Sales,Sales Representative,1,2 College,Technical Degree,Travel_Rarely,7,Yes,2308,Q1 lowest,25,1,12,11,Over 10,10,5,7,0,4,3 High,2 Medium,2 Medium,3 High,3 Better,Below average,4,No,0
1542,42,36 to 45,Male,Married,Research & Development,Laboratory Technician,1,3 Bachelor,Medical,Travel_Rarely,2,No,4841,Q2,14,1,4,1,Under 1 year,0,0,0,4,3,2 Medium,3 High,2 Medium,2 Medium,3 Better,Below average,3,No,0
1543,37,36 to 45,Male,Married,Research & Development,Research Scientist,2,3 Bachelor,Medical,Travel_Rarely,13,No,4285,Q2,17,0,10,10,6 to 10,8,3,7,1,2,4 Very High,1 Low,1 Low,3 High,3 Better,Below average,3,No,0
1544,29,26 to 35,Female,Married,Research & Development,Healthcare Representative,2,1 Below College,Other,Travel_Rarely,8,No,9715,Q4 highest,13,1,9,7,6 to 10,7,0,7,3,3,1 Low,3 High,3 High,1 Low,3 Better,Below average,3,No,0
1545,33,26 to 35,Male,Single,Research & Development,Manufacturing Director,2,3 Bachelor,Life Sciences,Travel_Rarely,25,No,4320,Q2,13,0,5,5,3 to 5,3,0,2,1,2,2 Medium,4 Very High,4 Very High,2 Medium,3 Better,Good,3,No,0
1546,45,36 to 45,Male,Married,Research & Development,Research Scientist,1,3 Bachelor,Technical Degree,Travel_Rarely,28,No,2132,Q1 lowest,20,1,8,5,3 to 5,4,0,3,4,3,4 Very High,4 Very High,4 Very High,3 High,3 Better,High,4,No,0
1547,42,36 to 45,Male,Married,Research & Development,Healthcare Representative,3,3 Bachelor,Life Sciences,Travel_Frequently,2,Yes,10124,Q4 highest,14,1,24,20,Over 10,8,13,9,2,3,4 Very High,4 Very High,3 High,3 High,1 Bad,Good,3,No,0
1548,40,36 to 45,Male,Married,Sales,Sales Executive,2,2 College,Medical,Travel_Rarely,9,No,5473,Q3,12,0,9,8,6 to 10,4,7,1,0,5,1 Low,1 Low,4 Very High,3 High,4 Best,Below average,3,No,0
1549,33,26 to 35,Male,Married,Research & Development,Laboratory Technician,2,4 Master,Life Sciences,Travel_Rarely,28,Yes,5207,Q3,12,1,15,15,Over 10,14,5,7,1,3,3 High,2 Medium,2 Medium,3 High,3 Better,Below average,3,No,0
1550,40,36 to 45,Male,Single,Human Resources,Manager,4,2 College,Medical,Travel_Rarely,6,Yes,16437,Q4 highest,21,0,21,21,Over 10,7,7,7,1,2,4 Very High,3 High,4 Very High,3 High,3 Better,Good,4,No,0
1551,24,18 to 25,Male,Divorced,Research & Development,Laboratory Technician,1,2 College,Technical Degree,Travel_Rarely,21,No,2296,Q1 lowest,14,3,2,1,Under 1 year,1,0,0,0,3,1 Low,3 High,2 Medium,2 Medium,3 Better,Below average,3,No,0
1552,40,36 to 45,Male,Divorced,Research & Development,Healthcare Representative,2,2 College,Life Sciences,Non-Travel,8,Yes,4069,Q2,18,0,8,2,1 to 2,2,2,2,3,2,4 Very High,4 Very High,3 High,3 High,3 Better,Good,3,No,0
1553,45,36 to 45,Male,Divorced,Research & Development,Healthcare Representative,3,4 Master,Technical Degree,Travel_Rarely,1,No,7441,Q3,12,3,10,10,6 to 10,8,7,7,1,4,2 Medium,1 Low,1 Low,3 High,3 Better,Low,3,No,0
1554,35,26 to 35,Female,Married,Sales,Sales Representative,1,4 Master,Life Sciences,Travel_Rarely,28,No,2430,Q1 lowest,23,2,6,5,3 to 5,3,4,2,0,5,3 High,2 Medium,1 Low,2 Medium,3 Better,Below average,4,No,0
1555,32,26 to 35,Female,Married,Research & Development,Research Scientist,2,2 College,Life Sciences,Travel_Rarely,5,No,5878,Q3,12,1,12,7,6 to 10,1,2,5,3,2,2 Medium,4 Very High,1 Low,2 Medium,3 Better,Below average,3,No,0
1556,36,36 to 45,Male,Single,Sales,Sales Representative,1,4 Master,Life Sciences,Travel_Rarely,2,Yes,2644,Q1 lowest,21,0,7,3,3 to 5,2,1,2,3,3,4 Very High,3 High,4 Very High,3 High,2 Good,Good,4,No,0
1557,48,46 to 60,Female,Divorced,Sales,Sales Executive,2,4 Master,Life Sciences,Travel_Rarely,16,No,6439,Q3,14,1,18,8,6 to 10,7,7,7,8,2,3 High,3 High,3 High,3 High,3 Better,Good,3,No,0
1558,29,26 to 35,Male,Married,Research & Development,Research Scientist,1,3 Bachelor,Life Sciences,Travel_Rarely,9,No,2451,Q1 lowest,18,2,5,1,Under 1 year,0,0,0,6,2,3 High,3 High,1 Low,4 Very High,2 Good,Below average,3,No,0
1560,33,26 to 35,Male,Married,Sales,Sales Executive,2,4 Master,Life Sciences,Travel_Rarely,8,No,6392,Q3,13,1,8,2,1 to 2,2,2,2,2,6,1 Low,1 Low,4 Very High,3 High,1 Bad,Low,3,No,0
1562,30,26 to 35,Male,Married,Sales,Sales Executive,2,3 Bachelor,Life Sciences,Travel_Rarely,1,No,9714,Q4 highest,11,1,10,10,6 to 10,8,6,7,1,4,1 Low,2 Medium,4 Very High,2 Medium,3 Better,Below average,3,Yes,1
1563,38,36 to 45,Male,Married,Human Resources,Human Resources,2,4 Master,Human Resources,Travel_Frequently,10,No,6077,Q3,11,0,10,6,6 to 10,3,1,2,3,2,3 High,3 High,3 High,3 High,3 Better,Good,3,No,0
1564,35,26 to 35,Male,Single,Research & Development,Laboratory Technician,1,3 Bachelor,Medical,Travel_Rarely,1,No,2450,Q1 lowest,19,0,3,3,3 to 5,0,1,2,1,3,1 Low,4 Very High,2 Medium,2 Medium,3 Better,Below average,3,No,0
1568,30,26 to 35,Male,Married,Sales,Sales Executive,3,4 Master,Technical Degree,Travel_Rarely,29,No,9250,Q4 highest,12,1,9,4,3 to 5,2,1,3,3,3,2 Medium,3 High,2 Medium,3 High,3 Better,Below average,3,No,0
1569,35,26 to 35,Female,Divorced,Research & Development,Laboratory Technician,1,3 Bachelor,Life Sciences,Travel_Rarely,2,Yes,2074,Q1 lowest,12,1,1,1,Under 1 year,0,0,0,1,2,1 Low,1 Low,4 Very High,3 High,3 Better,Below average,3,Yes,1
1572,53,46 to 60,Female,Married,Research & Development,Manufacturing Director,3,5 Doctor,Technical Degree,Travel_Rarely,2,No,10169,Q4 highest,16,1,34,33,Over 10,7,1,9,0,4,4 Very High,3 High,2 Medium,2 Medium,3 Better,Good,3,Yes,1
1573,38,36 to 45,Male,Married,Research & Development,Manufacturing Director,2,3 Bachelor,Medical,Travel_Rarely,2,No,4855,Q2,11,2,7,5,3 to 5,2,1,4,4,2,2 Medium,3 High,1 Low,3 High,3 Better,Below average,3,Yes,1
1574,32,26 to 35,Male,Married,Research & Development,Research Scientist,2,4 Master,Technical Degree,Non-Travel,1,No,4087,Q2,14,1,9,6,6 to 10,5,1,2,4,3,1 Low,4 Very High,2 Medium,3 High,2 Good,Below average,3,No,0
1576,48,46 to 60,Female,Married,Research & Development,Research Scientist,1,4 Master,Other,Travel_Rarely,15,No,2367,Q1 lowest,12,1,10,8,6 to 10,2,7,6,8,3,1 Low,3 High,4 Very High,3 High,2 Good,Below average,3,No,0
1577,34,26 to 35,Male,Single,Research & Development,Research Scientist,1,4 Master,Medical,Travel_Rarely,7,No,2972,Q2,13,0,1,1,Under 1 year,0,0,0,1,4,4 Very High,1 Low,3 High,3 High,1 Bad,Below average,3,No,0
1578,55,46 to 60,Male,Married,Sales,Manager,5,5 Doctor,Marketing,Travel_Rarely,26,No,19586,Q4 highest,21,1,36,36,Over 10,6,2,13,1,3,4 Very High,3 High,3 High,2 Medium,3 Better,Good,4,No,0
1580,34,26 to 35,Male,Married,Research & Development,Research Scientist,2,4 Master,Life Sciences,Travel_Rarely,1,No,5484,Q3,17,1,9,2,1 to 2,2,2,1,9,3,4 Very High,2 Medium,2 Medium,3 High,2 Good,Below average,3,No,0
1581,26,26 to 35,Female,Married,Research & Development,Research Scientist,1,3 Bachelor,Life Sciences,Travel_Rarely,3,No,2061,Q1 lowest,21,0,1,1,Under 1 year,0,0,0,1,5,4 Very High,1 Low,1 Low,3 High,3 Better,Below average,4,No,0
1582,38,36 to 45,Male,Married,Sales,Sales Executive,2,3 Bachelor,Life Sciences,Travel_Rarely,14,No,9924,Q4 highest,11,1,10,9,6 to 10,8,7,7,0,3,2 Medium,3 High,4 Very High,3 High,3 Better,Good,3,No,0
1583,38,36 to 45,Female,Single,Sales,Sales Executive,2,3 Bachelor,Life Sciences,Travel_Rarely,16,No,4198,Q2,12,0,8,3,3 to 5,2,1,2,2,5,2 Medium,2 Medium,2 Medium,3 High,4 Best,Below average,3,No,0
1585,36,36 to 45,Female,Single,Sales,Sales Executive,2,4 Master,Life Sciences,Travel_Rarely,1,No,6815,Q3,13,0,15,1,Under 1 year,0,0,0,6,5,3 High,2 Medium,1 Low,3 High,3 Better,Below average,3,No,0
1586,29,26 to 35,Male,Single,Research & Development,Laboratory Technician,1,1 Below College,Medical,Travel_Rarely,3,Yes,4723,Q2,18,0,10,10,6 to 10,9,1,5,1,3,1 Low,2 Medium,4 Very High,3 High,3 Better,Below average,3,No,0
1587,35,26 to 35,Female,Single,Research & Development,Healthcare Representative,2,4 Master,Medical,Travel_Rarely,10,Yes,6142,Q3,16,0,10,5,3 to 5,2,0,4,3,4,3 High,1 Low,3 High,3 High,3 Better,Below average,3,No,0
1588,39,36 to 45,Male,Married,Sales,Sales Executive,3,3 Bachelor,Medical,Travel_Rarely,6,No,8237,Q3,11,1,11,7,6 to 10,6,7,6,2,3,3 High,4 Very High,1 Low,4 Very High,3 Better,Below average,3,No,0
1590,29,26 to 35,Male,Divorced,Research & Development,Healthcare Representative,2,1 Below College,Life Sciences,Travel_Frequently,2,No,8853,Q4 highest,19,1,6,6,6 to 10,4,1,3,1,0,4 Very High,1 Low,4 Very High,3 High,4 Best,Good,3,No,0
1591,50,46 to 60,Male,Married,Sales,Manager,5,3 Bachelor,Marketing,Travel_Rarely,9,Yes,19331,Q4 highest,16,1,27,1,Under 1 year,0,0,0,4,2,3 High,3 High,3 High,3 High,3 Better,Good,3,No,0
1592,23,18 to 25,Male,Married,Research & Development,Research Scientist,1,3 Bachelor,Technical Degree,Travel_Rarely,10,No,2073,Q1 lowest,16,1,4,2,1 to 2,2,2,2,2,2,3 High,4 Very High,4 Very High,4 Very High,3 Better,Good,3,No,0
1594,36,36 to 45,Male,Married,Research & Development,Laboratory Technician,2,4 Master,Life Sciences,Travel_Frequently,6,Yes,5562,Q3,13,1,9,3,3 to 5,2,0,2,3,3,1 Low,1 Low,4 Very High,4 Very High,3 Better,Below average,3,No,0
1595,42,36 to 45,Male,Single,Research & Development,Manager,5,2 College,Other,Travel_Rarely,9,No,19613,Q4 highest,22,0,24,1,Under 1 year,0,0,1,8,2,4 Very High,4 Very High,4 Very High,2 Medium,3 Better,High,4,No,0
1596,35,26 to 35,Male,Married,Research & Development,Laboratory Technician,2,3 Bachelor,Life Sciences,Travel_Rarely,28,No,3407,Q2,17,2,10,10,6 to 10,9,6,8,1,3,3 High,2 Medium,4 Very High,4 Very High,2 Good,Below average,3,No,0
1597,34,26 to 35,Male,Married,Research & Development,Healthcare Representative,2,4 Master,Technical Degree,Travel_Frequently,10,No,5063,Q3,14,1,8,8,6 to 10,2,7,7,1,3,3 High,4 Very High,2 Medium,2 Medium,2 Good,Below average,3,No,0
1598,40,36 to 45,Female,Married,Sales,Sales Executive,2,2 College,Life Sciences,Travel_Rarely,14,No,4639,Q2,15,1,5,5,3 to 5,4,1,2,1,2,1 Low,4 Very High,3 High,3 High,3 Better,Below average,3,No,0
1599,43,36 to 45,Male,Divorced,Research & Development,Laboratory Technician,1,3 Bachelor,Technical Degree,Travel_Rarely,27,No,4876,Q2,12,1,8,6,6 to 10,4,0,2,5,0,2 Medium,4 Very High,3 High,4 Very High,3 Better,Good,3,No,0
1601,35,26 to 35,Male,Married,Research & Development,Laboratory Technician,1,2 College,Life Sciences,Travel_Rarely,7,No,2690,Q1 lowest,18,1,1,1,Under 1 year,0,0,1,1,5,4 Very High,3 High,4 Very High,2 Medium,2 Good,Good,3,No,0
1602,46,46 to 60,Male,Single,Sales,Manager,4,4 Master,Life Sciences,Travel_Rarely,1,No,17567,Q4 highest,15,0,27,26,Over 10,0,0,12,1,5,1 Low,4 Very High,2 Medium,4 Very High,1 Bad,Low,3,No,0
1604,28,26 to 35,Male,Married,Research & Development,Laboratory Technician,1,3 Bachelor,Medical,Travel_Rarely,24,Yes,2408,Q1 lowest,17,3,1,1,Under 1 year,1,0,0,1,3,2 Medium,3 High,3 High,3 High,3 Better,Below average,3,Yes,1
1605,22,18 to 25,Female,Married,Research & Development,Research Scientist,1,2 College,Other,Non-Travel,26,Yes,2814,Q1 lowest,14,0,4,4,3 to 5,2,1,3,1,2,3 High,2 Medium,2 Medium,2 Medium,2 Good,Below average,3,No,0
1606,50,46 to 60,Male,Married,Research & Development,Healthcare Representative,4,5 Doctor,Medical,Travel_Frequently,20,Yes,11245,Q4 highest,15,1,32,30,Over 10,8,12,13,2,3,3 High,2 Medium,3 High,3 High,3 Better,Below average,3,No,0
1607,32,26 to 35,Female,Married,Research & Development,Research Scientist,1,4 Master,Other,Travel_Rarely,5,No,3312,Q2,17,2,6,3,3 to 5,2,0,2,3,3,4 Very High,2 Medium,4 Very High,4 Very High,3 Better,Good,3,No,0
1608,44,36 to 45,Female,Divorced,Research & Development,Research Director,5,3 Bachelor,Medical,Travel_Rarely,7,Yes,19049,Q4 highest,14,1,23,22,Over 10,7,1,10,0,4,4 Very High,2 Medium,4 Very High,3 High,2 Good,Good,3,No,0
1609,30,26 to 35,Male,Married,Research & Development,Research Scientist,1,3 Bachelor,Medical,Travel_Rarely,7,No,2141,Q1 lowest,12,1,6,6,6 to 10,4,1,1,1,3,2 Medium,2 Medium,2 Medium,2 Medium,2 Good,Low,3,No,0
1611,45,36 to 45,Female,Single,Research & Development,Laboratory Technician,2,5 Doctor,Medical,Travel_Rarely,5,Yes,5769,Q3,14,0,10,10,6 to 10,7,1,4,1,3,1 Low,3 High,1 Low,1 Low,3 Better,Low,3,No,0
1612,45,36 to 45,Male,Married,Sales,Sales Executive,2,3 Bachelor,Marketing,Non-Travel,26,No,4385,Q2,15,1,10,10,6 to 10,7,4,5,1,2,1 Low,1 Low,1 Low,2 Medium,3 Better,Low,3,No,0
1613,31,26 to 35,Male,Single,Sales,Sales Executive,2,4 Master,Other,Travel_Frequently,2,No,5332,Q3,13,0,10,5,3 to 5,2,0,3,7,3,1 Low,4 Very High,4 Very High,3 High,3 Better,Good,3,No,0
1614,36,36 to 45,Female,Married,Research & Development,Manufacturing Director,2,4 Master,Life Sciences,Travel_Rarely,12,Yes,4663,Q2,12,2,7,3,3 to 5,2,1,1,9,2,3 High,3 High,2 Medium,3 High,3 Better,Below average,3,No,0
1615,34,26 to 35,Male,Divorced,Research & Development,Manufacturing Director,2,4 Master,Life Sciences,Travel_Frequently,10,No,4724,Q2,13,1,9,9,6 to 10,7,7,2,1,3,4 Very High,3 High,1 Low,4 Very High,3 Better,Below average,3,No,0
1617,49,46 to 60,Female,Married,Research & Development,Laboratory Technician,1,4 Master,Life Sciences,Travel_Rarely,25,No,3211,Q2,14,1,10,9,6 to 10,6,1,4,1,3,1 Low,3 High,4 Very High,3 High,2 Good,Below average,3,No,0
1618,39,36 to 45,Male,Married,Research & Development,Manufacturing Director,2,5 Doctor,Medical,Travel_Rarely,10,No,5377,Q3,13,3,10,7,6 to 10,7,7,7,2,3,1 Low,2 Medium,4 Very High,3 High,3 Better,Below average,3,No,0
1619,27,26 to 35,Male,Divorced,Research & Development,Laboratory Technician,1,3 Bachelor,Other,Travel_Rarely,19,No,4066,Q2,11,2,7,7,6 to 10,7,0,7,1,3,1 Low,4 Very High,1 Low,2 Medium,3 Better,Below average,3,No,0
1621,35,26 to 35,Male,Married,Research & Development,Research Scientist,2,5 Doctor,Life Sciences,Travel_Rarely,18,No,5208,Q3,11,0,16,16,Over 10,15,1,10,1,2,1 Low,2 Medium,4 Very High,4 Very High,3 Better,Below average,3,No,0
1622,28,26 to 35,Female,Divorced,Research & Development,Manufacturing Director,2,3 Bachelor,Medical,Travel_Rarely,27,No,4877,Q2,21,1,6,5,3 to 5,3,0,0,0,5,1 Low,2 Medium,2 Medium,1 Low,2 Good,Low,4,No,0
1623,21,18 to 25,Male,Single,Research & Development,Research Scientist,1,1 Below College,Medical,Travel_Rarely,5,No,3117,Q2,18,0,3,2,1 to 2,2,2,2,1,2,4 Very High,3 High,3 High,3 High,3 Better,Good,3,No,0
1624,18,18 to 25,Female,Single,Sales,Sales Representative,1,2 College,Medical,Travel_Frequently,3,Yes,1569,Q1 lowest,12,0,0,0,Under 1 year,0,0,0,1,2,4 Very High,2 Medium,3 High,3 High,4 Best,Good,3,Yes,1
1625,47,46 to 60,Female,Married,Human Resources,Manager,5,4 Master,Life Sciences,Travel_Rarely,26,No,19658,Q4 highest,11,1,27,5,3 to 5,2,1,0,3,2,3 High,4 Very High,3 High,3 High,3 Better,Good,3,No,0
1627,39,36 to 45,Male,Divorced,Research & Development,Laboratory Technician,2,2 College,Medical,Travel_Rarely,3,No,3069,Q2,15,1,11,10,6 to 10,8,0,7,0,3,3 High,3 High,4 Very High,2 Medium,3 Better,Good,3,No,0
1628,40,36 to 45,Female,Married,Research & Development,Manufacturing Director,3,3 Bachelor,Life Sciences,Travel_Rarely,15,No,10435,Q4 highest,13,2,18,18,Over 10,15,14,12,1,2,3 High,1 Low,4 Very High,2 Medium,3 Better,Below average,3,No,0
1630,35,26 to 35,Female,Married,Research & Development,Healthcare Representative,2,4 Master,Life Sciences,Non-Travel,8,No,4148,Q2,12,1,15,14,Over 10,11,2,9,1,5,3 High,3 High,4 Very High,3 High,3 Better,Good,3,No,0
1631,37,36 to 45,Male,Married,Research & Development,Manufacturing Director,2,3 Bachelor,Life Sciences,Travel_Rarely,19,No,5768,Q3,17,3,9,4,3 to 5,3,0,2,3,2,3 High,3 High,1 Low,3 High,2 Good,Below average,3,No,0
1633,39,36 to 45,Female,Single,Research & Development,Manufacturing Director,2,3 Bachelor,Medical,Travel_Frequently,4,No,5042,Q3,13,0,10,9,6 to 10,2,3,8,0,2,3 High,1 Low,4 Very High,3 High,1 Bad,Below average,3,No,0
1635,45,36 to 45,Female,Divorced,Research & Development,Manufacturing Director,2,2 College,Other,Travel_Rarely,2,No,5770,Q3,19,2,10,10,6 to 10,7,3,9,1,3,4 Very High,4 Very High,1 Low,2 Medium,3 Better,Good,3,No,0
1638,38,36 to 45,Female,Married,Research & Development,Manufacturing Director,3,2 College,Medical,Travel_Rarely,2,Yes,7756,Q3,19,1,10,5,3 to 5,4,0,2,3,6,3 High,4 Very High,4 Very High,2 Medium,4 Best,High,3,No,0
1639,35,26 to 35,Male,Married,Sales,Sales Executive,3,3 Bachelor,Medical,Travel_Rarely,10,No,10306,Q4 highest,17,0,15,13,Over 10,12,6,0,9,3,1 Low,4 Very High,3 High,2 Medium,3 Better,Below average,3,Yes,1
1640,37,36 to 45,Female,Married,Research & Development,Research Scientist,1,3 Bachelor,Medical,Travel_Rarely,10,No,3936,Q2,11,1,8,8,6 to 10,4,7,7,1,2,2 Medium,2 Medium,1 Low,3 High,1 Bad,Low,3,No,0
1641,40,36 to 45,Female,Single,Research & Development,Manufacturing Director,3,3 Bachelor,Life Sciences,Travel_Rarely,16,Yes,7945,Q3,15,0,18,4,3 to 5,2,3,3,6,2,4 Very High,3 High,4 Very High,3 High,2 Good,Good,3,No,0
1642,44,36 to 45,Male,Married,Human Resources,Human Resources,2,5 Doctor,Human Resources,Travel_Frequently,1,Yes,5743,Q3,11,0,14,10,6 to 10,7,0,2,4,3,4 Very High,1 Low,3 High,3 High,3 Better,Below average,3,No,0
1644,48,46 to 60,Male,Married,Research & Development,Manager,4,5 Doctor,Medical,Travel_Frequently,4,No,15202,Q4 highest,25,1,23,2,1 to 2,2,2,2,2,3,4 Very High,3 High,2 Medium,2 Medium,3 Better,Good,4,No,0
1645,35,26 to 35,Male,Divorced,Sales,Sales Executive,2,2 College,Medical,Travel_Rarely,15,Yes,5440,Q3,14,2,7,2,1 to 2,2,2,2,6,2,4 Very High,1 Low,4 Very High,1 Low,2 Good,Below average,3,Yes,1
1646,24,18 to 25,Female,Single,Research & Development,Research Scientist,1,1 Below College,Technical Degree,Travel_Frequently,2,Yes,3760,Q2,13,0,6,6,6 to 10,3,1,3,1,2,4 Very High,1 Low,3 High,3 High,3 Better,Below average,3,No,0
1647,27,26 to 35,Female,Married,Research & Development,Research Scientist,1,3 Bachelor,Medical,Travel_Rarely,8,No,3517,Q2,17,0,5,3,3 to 5,2,0,2,7,0,3 High,2 Medium,1 Low,4 Very High,3 Better,Below average,3,No,0
1648,27,26 to 35,Male,Single,Research & Development,Research Scientist,1,3 Bachelor,Medical,Travel_Frequently,2,No,2580,Q1 lowest,13,0,6,4,3 to 5,2,1,2,2,0,4 Very High,4 Very High,3 High,3 High,2 Good,Good,3,No,0
1649,40,36 to 45,Male,Single,Research & Development,Laboratory Technician,1,3 Bachelor,Life Sciences,Travel_Rarely,7,Yes,2166,Q1 lowest,14,0,10,4,3 to 5,2,0,3,3,3,1 Low,1 Low,2 Medium,3 High,1 Bad,Low,3,Yes,1
1650,29,26 to 35,Male,Single,Sales,Sales Executive,2,3 Bachelor,Medical,Travel_Rarely,10,No,5869,Q3,11,0,8,5,3 to 5,2,1,4,9,2,3 High,3 High,3 High,2 Medium,3 Better,Good,3,No,0
1651,36,36 to 45,Female,Married,Research & Development,Healthcare Representative,3,4 Master,Life Sciences,Travel_Rarely,5,No,8008,Q3,12,2,9,3,3 to 5,2,0,2,4,6,1 Low,2 Medium,3 High,3 High,3 Better,Below average,3,No,0
1653,25,18 to 25,Male,Divorced,Research & Development,Manufacturing Director,2,1 Below College,Life Sciences,Travel_Frequently,2,No,5206,Q3,17,2,7,7,6 to 10,7,0,7,1,6,3 High,4 Very High,3 High,4 Very High,3 Better,Good,3,No,0
1654,39,36 to 45,Male,Married,Research & Development,Manufacturing Director,2,3 Bachelor,Medical,Travel_Rarely,12,No,5295,Q3,21,0,7,5,3 to 5,4,1,0,4,3,2 Medium,4 Very High,3 High,3 High,3 Better,Good,4,No,0
1655,49,46 to 60,Female,Married,Research & Development,Research Director,4,4 Master,Other,Travel_Rarely,22,No,16413,Q4 highest,16,2,27,4,3 to 5,2,1,2,3,2,2 Medium,1 Low,2 Medium,3 High,3 Better,Low,3,No,0
1656,50,46 to 60,Female,Divorced,Research & Development,Research Director,3,5 Doctor,Life Sciences,Travel_Rarely,17,No,13269,Q4 highest,15,3,19,14,Over 10,11,1,11,5,3,1 Low,4 Very High,3 High,2 Medium,3 Better,Below average,3,No,0
1657,20,18 to 25,Female,Single,Sales,Sales Representative,1,3 Bachelor,Medical,Travel_Rarely,2,No,2783,Q1 lowest,19,0,2,2,1 to 2,2,2,2,1,3,3 High,3 High,1 Low,3 High,3 Better,Below average,3,No,0
1658,34,26 to 35,Female,Divorced,Research & Development,Research Scientist,2,3 Bachelor,Life Sciences,Travel_Rarely,3,No,5433,Q3,12,1,11,11,Over 10,8,7,9,1,2,2 Medium,4 Very High,3 High,3 High,3 Better,Good,3,No,0
1659,36,36 to 45,Male,Single,Research & Development,Laboratory Technician,1,3 Bachelor,Life Sciences,Travel_Rarely,7,No,2013,Q1 lowest,11,0,15,4,3 to 5,3,1,3,2,4,2 Medium,1 Low,3 High,3 High,3 Better,Below average,3,No,0
1661,49,46 to 60,Female,Married,Research & Development,Healthcare Representative,4,1 Below College,Life Sciences,Travel_Rarely,6,Yes,13966,Q4 highest,19,1,30,15,Over 10,11,2,12,2,3,3 High,3 High,2 Medium,2 Medium,3 Better,Below average,3,No,0
1662,36,36 to 45,Female,Married,Research & Development,Manufacturing Director,2,4 Master,Medical,Non-Travel,1,No,4374,Q2,15,0,4,3,3 to 5,2,1,2,0,6,3 High,4 Very High,3 High,2 Medium,3 Better,Good,3,No,0
1664,36,36 to 45,Male,Divorced,Research & Development,Healthcare Representative,2,2 College,Life Sciences,Travel_Rarely,3,No,6842,Q3,20,1,13,5,3 to 5,4,0,4,6,3,1 Low,4 Very High,1 Low,4 Very High,3 Better,Below average,4,No,0
1665,54,46 to 60,Female,Married,Research & Development,Manager,4,5 Doctor,Medical,Travel_Rarely,22,No,17426,Q4 highest,25,1,36,10,6 to 10,8,4,7,3,6,3 High,2 Medium,3 High,3 High,3 Better,Below average,4,No,0
1666,43,36 to 45,Male,Married,Research & Development,Research Director,4,2 College,Life Sciences,Travel_Rarely,15,No,17603,Q4 highest,24,1,14,14,Over 10,10,6,11,1,3,3 High,3 High,1 Low,2 Medium,3 Better,Below average,4,No,0
1667,35,26 to 35,Male,Single,Sales,Sales Executive,2,4 Master,Other,Travel_Frequently,12,Yes,4581,Q2,24,0,13,11,Over 10,9,6,7,3,2,4 Very High,4 Very High,1 Low,3 High,4 Best,Good,4,Yes,1
1668,38,36 to 45,Male,Married,Research & Development,Research Scientist,2,3 Bachelor,Life Sciences,Travel_Frequently,1,No,4735,Q2,15,2,19,13,Over 10,11,2,9,7,4,4 Very High,4 Very High,4 Very High,3 High,4 Best,High,3,No,0
1669,29,26 to 35,Male,Divorced,Sales,Sales Executive,2,3 Bachelor,Medical,Travel_Rarely,5,Yes,4187,Q2,13,1,10,10,6 to 10,0,0,9,1,3,2 Medium,1 Low,2 Medium,2 Medium,2 Good,Low,3,No,0
1670,33,26 to 35,Male,Divorced,Sales,Sales Executive,2,4 Master,Medical,Travel_Rarely,2,No,5505,Q3,14,2,6,6,6 to 10,2,0,4,1,5,4 Very High,4 Very High,3 High,3 High,3 Better,Good,3,No,0
1671,32,26 to 35,Male,Divorced,Research & Development,Research Scientist,2,3 Bachelor,Medical,Travel_Rarely,2,No,5470,Q3,13,2,10,9,6 to 10,5,1,6,0,4,2 Medium,4 Very High,3 High,3 High,2 Good,Below average,3,No,0
1673,31,26 to 35,Female,Married,Sales,Sales Executive,2,4 Master,Life Sciences,Travel_Rarely,5,No,5476,Q3,11,2,10,10,6 to 10,0,0,2,1,2,4 Very High,1 Low,1 Low,3 High,3 Better,Below average,3,No,0
1674,49,46 to 60,Female,Divorced,Research & Development,Laboratory Technician,1,3 Bachelor,Medical,Travel_Rarely,16,Yes,2587,Q1 lowest,16,1,17,2,1 to 2,2,2,2,4,2,1 Low,4 Very High,2 Medium,3 High,2 Good,Below average,3,No,0
1675,38,36 to 45,Female,Single,Research & Development,Laboratory Technician,1,3 Bachelor,Medical,Travel_Frequently,2,No,2440,Q1 lowest,22,0,4,4,3 to 5,3,3,3,1,3,2 Medium,4 Very High,2 Medium,2 Medium,3 Better,Below average,4,No,0
1676,47,46 to 60,Female,Divorced,Sales,Manager,4,4 Master,Life Sciences,Travel_Rarely,2,No,15972,Q4 highest,14,3,29,3,3 to 5,2,1,2,6,2,2 Medium,2 Medium,3 High,4 Very High,3 Better,Below average,3,No,0
1677,49,46 to 60,Male,Single,Research & Development,Manager,4,3 Bachelor,Life Sciences,Travel_Rarely,1,No,15379,Q4 highest,14,0,23,8,6 to 10,7,0,0,4,2,3 High,3 High,1 Low,3 High,3 Better,Below average,3,No,0
1678,41,36 to 45,Male,Single,Sales,Sales Executive,3,2 College,Life Sciences,Travel_Rarely,23,Yes,7082,Q3,16,0,21,2,1 to 2,0,0,2,3,2,3 High,4 Very High,4 Very High,3 High,3 Better,Good,3,No,0
1680,20,18 to 25,Male,Single,Sales,Sales Representative,1,1 Below College,Life Sciences,Travel_Rarely,9,No,2728,Q1 lowest,11,0,2,2,1 to 2,2,0,2,1,3,1 Low,4 Very High,1 Low,3 High,3 Better,Below average,3,No,0
1681,33,26 to 35,Female,Divorced,Sales,Sales Executive,2,3 Bachelor,Life Sciences,Non-Travel,16,Yes,5368,Q3,25,1,7,6,6 to 10,5,1,2,1,2,4 Very High,3 High,3 High,3 High,3 Better,Good,4,No,0
1682,36,36 to 45,Male,Married,Research & Development,Healthcare Representative,2,4 Master,Life Sciences,Travel_Rarely,26,No,5347,Q3,14,2,10,3,3 to 5,2,0,2,6,2,3 High,1 Low,2 Medium,3 High,2 Good,Low,3,No,0
1683,44,36 to 45,Female,Divorced,Human Resources,Human Resources,1,3 Bachelor,Life Sciences,Travel_Rarely,1,Yes,3195,Q2,18,3,8,2,1 to 2,2,2,2,4,2,4 Very High,3 High,1 Low,3 High,3 Better,Below average,3,No,0
1684,23,18 to 25,Male,Single,Research & Development,Laboratory Technician,1,1 Below College,Medical,Travel_Rarely,8,Yes,3989,Q2,11,0,5,5,3 to 5,4,1,2,1,2,3 High,4 Very High,1 Low,2 Medium,3 Better,Below average,3,Yes,1
1687,38,36 to 45,Female,Married,Research & Development,Laboratory Technician,1,2 College,Medical,Travel_Rarely,4,No,3306,Q2,19,1,7,0,Under 1 year,0,0,0,7,5,3 High,4 Very High,4 Very High,3 High,2 Good,Good,3,No,0
1689,53,46 to 60,Male,Married,Research & Development,Healthcare Representative,3,4 Master,Medical,Travel_Rarely,24,No,7005,Q3,15,0,11,4,3 to 5,3,1,2,3,2,4 Very High,2 Medium,3 High,4 Very High,3 Better,Good,3,No,0
1691,48,46 to 60,Female,Married,Sales,Sales Representative,1,2 College,Medical,Travel_Frequently,7,Yes,2655,Q1 lowest,11,2,19,9,6 to 10,7,7,7,2,3,3 High,4 Very High,3 High,3 High,3 Better,Good,3,Yes,1
1692,32,26 to 35,Male,Single,Research & Development,Laboratory Technician,1,4 Master,Life Sciences,Travel_Rarely,2,No,1393,Q1 lowest,12,0,1,1,Under 1 year,0,0,0,1,2,2 Medium,4 Very High,1 Low,3 High,3 Better,Below average,3,Yes,1
1693,26,26 to 35,Male,Single,Research & Development,Laboratory Technician,1,3 Bachelor,Medical,Non-Travel,7,No,2570,Q1 lowest,20,0,7,7,6 to 10,7,5,7,1,5,4 Very High,4 Very High,3 High,3 High,3 Better,Good,4,No,0
1694,55,46 to 60,Male,Divorced,Research & Development,Research Scientist,1,3 Bachelor,Technical Degree,Travel_Rarely,22,No,3537,Q2,12,1,8,4,3 to 5,2,1,2,5,1,2 Medium,1 Low,4 Very High,2 Medium,3 Better,Below average,3,No,0
1696,34,26 to 35,Male,Married,Research & Development,Laboratory Technician,2,2 College,Medical,Travel_Rarely,5,No,3986,Q2,14,1,15,15,Over 10,10,4,13,1,3,4 Very High,2 Medium,3 High,2 Medium,4 Best,Good,3,No,0
1697,60,46 to 60,Male,Divorced,Research & Development,Healthcare Representative,3,4 Master,Medical,Travel_Rarely,1,No,10883,Q4 highest,20,1,19,1,Under 1 year,0,0,0,3,2,4 Very High,3 High,3 High,1 Low,4 Best,Good,4,No,0
1698,33,26 to 35,Male,Married,Research & Development,Laboratory Technician,1,3 Bachelor,Medical,Travel_Rarely,21,No,2028,Q1 lowest,18,3,14,14,Over 10,11,2,13,1,6,2 Medium,2 Medium,4 Very High,4 Very High,3 Better,Below average,3,No,0
1700,37,36 to 45,Male,Divorced,Sales,Sales Executive,2,4 Master,Medical,Travel_Frequently,1,No,9525,Q4 highest,14,2,6,6,6 to 10,3,1,3,1,2,4 Very High,3 High,3 High,1 Low,2 Good,Good,3,No,0
1701,34,26 to 35,Female,Married,Research & Development,Research Scientist,1,3 Bachelor,Life Sciences,Travel_Rarely,19,No,2929,Q2,12,0,10,10,6 to 10,9,8,7,1,3,4 Very High,2 Medium,2 Medium,2 Medium,3 Better,Below average,3,No,0
1702,23,18 to 25,Male,Divorced,Sales,Sales Representative,1,3 Bachelor,Life Sciences,Travel_Rarely,7,Yes,2275,Q1 lowest,21,1,3,3,3 to 5,2,0,2,1,2,4 Very High,3 High,2 Medium,3 High,3 Better,Good,4,Yes,1
1703,44,36 to 45,Female,Married,Research & Development,Healthcare Representative,3,3 Bachelor,Life Sciences,Travel_Rarely,2,Yes,7879,Q3,19,1,9,8,6 to 10,7,6,7,1,2,4 Very High,3 High,2 Medium,4 Very High,3 Better,Good,3,No,0
1704,35,26 to 35,Male,Single,Research & Development,Research Scientist,1,4 Master,Medical,Travel_Frequently,2,Yes,4930,Q3,14,0,6,5,3 to 5,4,1,4,0,2,4 Very High,1 Low,3 High,2 Medium,4 Best,Good,3,No,0
1706,43,36 to 45,Male,Married,Sales,Sales Executive,2,3 Bachelor,Medical,Travel_Rarely,2,Yes,7847,Q3,17,1,10,10,6 to 10,9,8,8,1,3,4 Very High,4 Very High,1 Low,3 High,3 Better,Good,3,No,0
1707,24,18 to 25,Male,Married,Research & Development,Research Scientist,1,3 Bachelor,Medical,Travel_Rarely,9,No,4401,Q2,16,1,5,5,3 to 5,3,0,4,1,1,3 High,3 High,4 Very High,4 Very High,3 Better,Good,3,No,0
1708,41,36 to 45,Male,Single,Sales,Sales Executive,3,3 Bachelor,Marketing,Travel_Rarely,6,No,9241,Q4 highest,12,0,10,10,6 to 10,8,8,7,1,3,3 High,4 Very High,2 Medium,3 High,3 Better,Good,3,No,0
1709,29,26 to 35,Female,Married,Research & Development,Laboratory Technician,1,4 Master,Medical,Travel_Rarely,9,No,2974,Q2,17,1,9,5,3 to 5,3,1,2,9,2,3 High,4 Very High,3 High,3 High,3 Better,Good,3,No,0
1710,36,36 to 45,Female,Single,Sales,Sales Representative,2,4 Master,Life Sciences,Travel_Rarely,2,No,4502,Q2,15,0,17,13,Over 10,7,6,7,3,2,4 Very High,3 High,3 High,3 High,2 Good,Good,3,No,0
1712,45,36 to 45,Male,Married,Research & Development,Healthcare Representative,3,1 Below College,Life Sciences,Non-Travel,1,No,10748,Q4 highest,23,1,25,23,Over 10,15,14,4,3,3,3 High,3 High,4 Very High,2 Medium,2 Good,Good,4,No,0
1714,24,18 to 25,Male,Married,Human Resources,Human Resources,1,1 Below College,Human Resources,Travel_Rarely,22,No,1555,Q1 lowest,11,1,1,1,Under 1 year,0,0,0,1,2,3 High,4 Very High,3 High,1 Low,3 Better,Good,3,Yes,1
1716,47,46 to 60,Male,Married,Sales,Sales Executive,4,3 Bachelor,Life Sciences,Travel_Frequently,9,No,12936,Q4 highest,11,0,25,23,Over 10,5,14,10,7,3,3 High,3 High,3 High,1 Low,1 Bad,Below average,3,Yes,1
1718,26,26 to 35,Male,Married,Research & Development,Laboratory Technician,1,4 Master,Medical,Travel_Rarely,17,No,2305,Q1 lowest,15,3,3,3,3 to 5,2,0,2,1,3,3 High,4 Very High,3 High,1 Low,4 Best,Good,3,No,0
1719,45,36 to 45,Female,Single,Research & Development,Research Director,4,2 College,Technical Degree,Travel_Rarely,28,No,16704,Q4 highest,11,0,21,21,Over 10,6,8,6,1,2,2 Medium,4 Very High,3 High,2 Medium,3 Better,Good,3,No,0
1720,32,26 to 35,Male,Married,Research & Development,Research Scientist,1,3 Bachelor,Life Sciences,Travel_Frequently,10,No,3433,Q2,13,1,10,5,3 to 5,2,1,3,6,3,3 High,1 Low,1 Low,3 High,2 Good,Low,3,No,0
1721,31,26 to 35,Male,Married,Research & Development,Laboratory Technician,1,4 Master,Life Sciences,Travel_Rarely,2,No,3477,Q2,14,1,6,5,3 to 5,2,0,3,1,2,3 High,2 Medium,4 Very High,3 High,4 Best,Good,3,No,0
1722,41,36 to 45,Male,Married,Human Resources,Human Resources,2,3 Bachelor,Human Resources,Non-Travel,4,No,6430,Q3,19,1,10,3,3 to 5,2,1,2,6,4,2 Medium,3 High,2 Medium,1 Low,3 Better,Below average,3,No,0
1724,40,36 to 45,Female,Married,Research & Development,Manufacturing Director,2,2 College,Life Sciences,Travel_Rarely,8,Yes,6516,Q3,16,1,18,1,Under 1 year,0,0,0,2,3,1 Low,2 Medium,2 Medium,3 High,3 Better,Low,3,No,0
1725,24,18 to 25,Male,Divorced,Research & Development,Laboratory Technician,1,1 Below College,Medical,Travel_Rarely,29,No,3907,Q2,13,3,6,6,6 to 10,2,1,2,1,2,1 Low,2 Medium,2 Medium,3 High,4 Best,Below average,3,No,0
1727,46,46 to 60,Male,Single,Research & Development,Healthcare Representative,2,4 Master,Life Sciences,Travel_Rarely,13,No,5562,Q3,14,0,19,10,6 to 10,7,0,9,6,3,2 Medium,3 High,4 Very High,3 High,3 Better,Good,3,No,0
1728,35,26 to 35,Male,Married,Research & Development,Manufacturing Director,2,4 Master,Life Sciences,Travel_Rarely,27,No,6883,Q3,16,1,17,7,6 to 10,7,0,7,2,3,3 High,4 Very High,2 Medium,3 High,3 Better,Good,3,No,0
1729,30,26 to 35,Male,Married,Research & Development,Research Scientist,1,1 Below College,Life Sciences,Travel_Rarely,16,No,2862,Q1 lowest,12,1,10,10,6 to 10,0,0,8,1,2,4 Very High,2 Medium,2 Medium,3 High,2 Good,Below average,3,No,0
1731,47,46 to 60,Male,Married,Sales,Sales Executive,2,4 Master,Marketing,Non-Travel,2,No,4978,Q3,11,1,4,1,Under 1 year,0,0,0,7,3,2 Medium,3 High,4 Very High,3 High,1 Bad,Below average,3,No,0
1732,46,46 to 60,Male,Divorced,Sales,Sales Executive,3,3 Bachelor,Life Sciences,Travel_Rarely,2,Yes,10368,Q4 highest,12,1,13,10,6 to 10,6,0,3,4,5,4 Very High,3 High,2 Medium,3 High,2 Good,Below average,3,No,0
1733,36,36 to 45,Male,Divorced,Sales,Sales Executive,2,5 Doctor,Marketing,Travel_Rarely,13,Yes,6134,Q3,13,3,16,2,1 to 2,2,2,2,5,3,1 Low,2 Medium,2 Medium,2 Medium,3 Better,Low,3,Yes,1
1734,32,26 to 35,Male,Single,Sales,Sales Executive,2,2 College,Life Sciences,Travel_Rarely,1,No,6735,Q3,15,0,10,0,Under 1 year,0,0,0,6,2,2 Medium,1 Low,2 Medium,1 Low,3 Better,Low,3,Yes,1
1735,23,18 to 25,Female,Single,Research & Development,Laboratory Technician,1,1 Below College,Medical,Travel_Rarely,4,No,3295,Q2,13,0,3,3,3 to 5,2,1,2,1,3,2 Medium,3 High,3 High,3 High,1 Bad,Below average,3,No,0
1736,31,26 to 35,Female,Single,Research & Development,Manufacturing Director,2,1 Below College,Technical Degree,Travel_Frequently,24,No,5238,Q3,20,0,9,5,3 to 5,4,1,4,2,3,4 Very High,4 Very High,4 Very High,3 High,2 Good,Good,4,No,0
1737,39,36 to 45,Male,Married,Research & Development,Laboratory Technician,2,3 Bachelor,Life Sciences,Non-Travel,1,Yes,6472,Q3,15,1,9,9,6 to 10,8,5,8,1,2,4 Very High,4 Very High,4 Very High,3 High,3 Better,High,3,No,0
1739,32,26 to 35,Male,Married,Sales,Sales Executive,3,3 Bachelor,Life Sciences,Travel_Rarely,19,No,9610,Q4 highest,13,1,10,4,3 to 5,3,0,2,3,2,3 High,4 Very High,3 High,1 Low,1 Bad,Below average,3,No,0
1740,40,36 to 45,Male,Single,Sales,Manager,5,4 Master,Medical,Travel_Rarely,7,No,19833,Q4 highest,14,0,21,21,Over 10,8,12,8,1,3,2 Medium,2 Medium,2 Medium,3 High,2 Good,Low,3,No,0
1744,45,36 to 45,Female,Married,Human Resources,Human Resources,3,3 Bachelor,Life Sciences,Travel_Rarely,4,No,9756,Q4 highest,21,2,9,5,3 to 5,0,0,3,4,2,3 High,3 High,3 High,1 Low,4 Best,Good,4,No,0
1745,30,26 to 35,Female,Single,Research & Development,Research Scientist,1,4 Master,Technical Degree,Travel_Frequently,2,No,4968,Q3,16,0,10,9,6 to 10,7,0,7,0,2,1 Low,4 Very High,4 Very High,2 Medium,3 Better,Good,3,No,0
1746,24,18 to 25,Male,Married,Human Resources,Human Resources,1,3 Bachelor,Medical,Travel_Frequently,10,No,2145,Q1 lowest,14,1,3,2,1 to 2,2,2,1,0,2,4 Very High,1 Low,4 Very High,3 High,3 Better,Good,3,No,0
1747,30,26 to 35,Female,Divorced,Human Resources,Human Resources,1,3 Bachelor,Human Resources,Travel_Frequently,8,No,2180,Q1 lowest,11,1,6,4,3 to 5,2,1,2,6,0,4 Very High,3 High,3 High,2 Medium,2 Good,Good,3,Yes,1
1749,31,26 to 35,Male,Married,Sales,Sales Executive,2,3 Bachelor,Technical Degree,Travel_Rarely,5,No,8346,Q3,19,1,6,5,3 to 5,2,0,2,1,3,3 High,1 Low,3 High,3 High,3 Better,Below average,3,No,0
1751,27,26 to 35,Female,Single,Research & Development,Research Scientist,1,3 Bachelor,Medical,Travel_Rarely,8,No,3445,Q2,11,0,6,6,6 to 10,2,1,4,1,5,4 Very High,3 High,3 High,3 High,2 Good,Good,3,No,0
1752,29,26 to 35,Female,Single,Sales,Sales Representative,1,3 Bachelor,Marketing,Travel_Rarely,9,No,2760,Q1 lowest,13,0,2,2,1 to 2,2,2,2,1,3,2 Medium,2 Medium,3 High,1 Low,3 Better,Below average,3,Yes,1
1753,29,26 to 35,Male,Single,Research & Development,Healthcare Representative,2,3 Bachelor,Life Sciences,Travel_Frequently,1,Yes,6294,Q3,12,0,10,3,3 to 5,2,0,2,8,5,3 High,4 Very High,4 Very High,4 Very High,4 Best,High,3,No,0
1754,30,26 to 35,Male,Divorced,Sales,Sales Executive,3,2 College,Marketing,Travel_Rarely,15,No,7140,Q3,11,1,12,7,6 to 10,7,1,7,2,2,1 Low,3 High,1 Low,2 Medium,3 Better,Low,3,No,0
1755,34,26 to 35,Male,Married,Research & Development,Research Scientist,1,4 Master,Medical,Travel_Rarely,2,Yes,2932,Q2,14,3,6,5,3 to 5,0,1,2,0,3,4 Very High,4 Very High,1 Low,4 Very High,3 Better,Good,3,No,0
1756,33,26 to 35,Female,Single,Sales,Sales Executive,2,3 Bachelor,Marketing,Non-Travel,2,No,5147,Q3,15,0,13,11,Over 10,7,1,7,8,2,2 Medium,4 Very High,4 Very High,3 High,2 Good,Good,3,No,0
1757,49,46 to 60,Female,Single,Sales,Sales Executive,2,4 Master,Marketing,Travel_Rarely,11,No,4507,Q2,12,0,8,5,3 to 5,1,0,4,3,1,4 Very High,4 Very High,3 High,3 High,4 Best,High,3,No,0
1758,33,26 to 35,Female,Single,Sales,Sales Executive,3,3 Bachelor,Life Sciences,Travel_Rarely,16,Yes,8564,Q4 highest,20,0,11,0,Under 1 year,0,0,0,2,2,1 Low,1 Low,3 High,3 High,2 Good,Low,4,Yes,1
1760,38,36 to 45,Female,Married,Research & Development,Laboratory Technician,1,2 College,Medical,Travel_Frequently,2,No,2468,Q1 lowest,14,1,9,6,6 to 10,1,0,5,4,4,2 Medium,3 High,2 Medium,2 Medium,2 Good,Below average,3,No,0
1761,31,26 to 35,Male,Married,Sales,Sales Executive,3,4 Master,Marketing,Travel_Rarely,16,No,8161,Q3,13,3,10,1,Under 1 year,0,0,0,2,2,3 High,1 Low,1 Low,3 High,3 Better,Low,3,Yes,1
1762,29,26 to 35,Female,Divorced,Research & Development,Research Scientist,1,3 Bachelor,Technical Degree,Travel_Rarely,4,No,2109,Q1 lowest,13,1,1,1,Under 1 year,0,0,0,1,2,1 Low,4 Very High,3 High,2 Medium,3 Better,Below average,3,No,0
1763,30,26 to 35,Male,Married,Research & Development,Healthcare Representative,2,3 Bachelor,Life Sciences,Travel_Rarely,16,No,5294,Q3,16,1,10,7,6 to 10,0,1,7,3,3,3 High,3 High,3 High,4 Very High,3 Better,Good,3,No,0
1764,32,26 to 35,Male,Single,Research & Development,Research Scientist,1,4 Master,Technical Degree,Non-Travel,5,No,2718,Q1 lowest,14,0,12,7,6 to 10,7,0,7,2,3,2 Medium,2 Medium,2 Medium,3 High,3 Better,Below average,3,No,0
1766,38,36 to 45,Male,Married,Research & Development,Healthcare Representative,2,3 Bachelor,Medical,Travel_Rarely,18,Yes,5811,Q3,16,1,15,1,Under 1 year,0,1,0,3,2,4 Very High,2 Medium,3 High,1 Low,3 Better,Good,3,No,0
1767,43,36 to 45,Male,Married,Research & Development,Research Scientist,1,3 Bachelor,Technical Degree,Travel_Frequently,17,Yes,2437,Q1 lowest,16,1,6,1,Under 1 year,0,0,0,9,4,3 High,3 High,4 Very High,2 Medium,3 Better,Good,3,Yes,1
1768,42,36 to 45,Male,Divorced,Research & Development,Laboratory Technician,1,3 Bachelor,Medical,Travel_Rarely,12,No,2766,Q1 lowest,22,3,7,5,3 to 5,3,0,4,8,6,2 Medium,2 Medium,2 Medium,3 High,2 Good,Low,4,No,0
1770,55,46 to 60,Male,Married,Research & Development,Research Director,5,3 Bachelor,Medical,Travel_Rarely,2,No,19038,Q4 highest,12,3,34,1,Under 1 year,0,0,0,8,2,1 Low,3 High,2 Medium,2 Medium,3 Better,Below average,3,No,0
1771,33,26 to 35,Male,Divorced,Research & Development,Research Scientist,2,3 Bachelor,Technical Degree,Non-Travel,4,No,3055,Q2,15,2,11,9,6 to 10,8,1,7,5,2,2 Medium,4 Very High,4 Very High,3 High,2 Good,Good,3,No,0
1772,41,36 to 45,Male,Divorced,Research & Development,Laboratory Technician,1,4 Master,Life Sciences,Travel_Rarely,9,No,2289,Q1 lowest,20,2,5,5,3 to 5,3,0,4,1,2,1 Low,3 High,2 Medium,3 High,3 Better,Below average,4,No,0
1774,34,26 to 35,Male,Divorced,Sales,Sales Executive,2,3 Bachelor,Life Sciences,Non-Travel,10,Yes,4001,Q2,14,1,15,15,Over 10,14,0,7,1,3,3 High,4 Very High,3 High,3 High,3 Better,Good,3,No,0
1775,53,46 to 60,Female,Married,Research & Development,Manufacturing Director,4,4 Master,Medical,Non-Travel,1,Yes,12965,Q4 highest,20,3,27,3,3 to 5,2,0,2,4,2,3 High,1 Low,4 Very High,2 Medium,2 Good,Below average,4,No,0
1778,43,36 to 45,Male,Single,Human Resources,Human Resources,1,3 Bachelor,Life Sciences,Travel_Rarely,2,No,3539,Q2,13,0,10,9,6 to 10,7,1,8,0,5,4 Very High,2 Medium,2 Medium,3 High,3 Better,Below average,3,No,0
1779,34,26 to 35,Female,Single,Sales,Sales Executive,2,2 College,Life Sciences,Travel_Rarely,3,No,6029,Q3,12,0,6,2,1 to 2,2,2,2,5,3,4 Very High,4 Very High,1 Low,1 Low,3 Better,Good,3,No,0
1780,21,18 to 25,Male,Single,Sales,Sales Representative,1,1 Below College,Marketing,Travel_Rarely,7,No,2679,Q1 lowest,13,0,1,1,Under 1 year,0,1,0,1,3,2 Medium,2 Medium,2 Medium,3 High,3 Better,Below average,3,Yes,1
1782,38,36 to 45,Female,Married,Research & Development,Laboratory Technician,1,2 College,Other,Travel_Rarely,6,No,3702,Q2,11,1,5,5,3 to 5,4,0,4,1,3,3 High,4 Very High,2 Medium,2 Medium,3 Better,Good,3,No,0
1783,22,18 to 25,Female,Married,Research & Development,Laboratory Technician,1,1 Below College,Medical,Travel_Rarely,8,Yes,2398,Q1 lowest,17,0,1,1,Under 1 year,0,0,0,1,6,1 Low,3 High,3 High,3 High,3 Better,Below average,3,Yes,1
1784,31,26 to 35,Female,Married,Sales,Sales Executive,2,4 Master,Marketing,Travel_Rarely,29,No,5468,Q3,14,2,13,12,Over 10,7,5,7,1,3,4 Very High,1 Low,1 Low,2 Medium,3 Better,Below average,3,No,0
1786,51,46 to 60,Female,Married,Research & Development,Manager,3,3 Bachelor,Technical Degree,Travel_Rarely,3,No,13116,Q4 highest,11,0,15,2,1 to 2,2,2,2,2,2,3 High,1 Low,4 Very High,3 High,3 Better,Below average,3,No,0
1787,37,36 to 45,Male,Married,Sales,Sales Executive,2,2 College,Marketing,Travel_Rarely,9,No,4189,Q2,14,2,5,5,3 to 5,2,0,3,1,2,2 Medium,2 Medium,1 Low,2 Medium,3 Better,Low,3,No,0
1789,46,46 to 60,Male,Divorced,Research & Development,Research Director,5,4 Master,Medical,Travel_Rarely,2,Yes,19328,Q4 highest,17,1,24,2,1 to 2,1,2,2,7,3,4 Very High,3 High,3 High,3 High,3 Better,Good,3,No,0
1790,36,36 to 45,Male,Married,Research & Development,Healthcare Representative,3,3 Bachelor,Life Sciences,Travel_Rarely,10,Yes,8321,Q3,13,1,15,12,Over 10,8,5,7,7,1,1 Low,4 Very High,4 Very High,3 High,3 Better,Good,3,No,0
1792,44,36 to 45,Male,Divorced,Research & Development,Research Scientist,1,2 College,Medical,Travel_Frequently,1,Yes,2342,Q1 lowest,12,3,6,5,3 to 5,3,2,3,1,2,2 Medium,3 High,3 High,3 High,2 Good,Below average,3,Yes,1
1794,37,36 to 45,Male,Divorced,Human Resources,Human Resources,2,2 College,Other,Travel_Rarely,8,No,4071,Q2,13,0,19,10,6 to 10,0,4,7,2,4,2 Medium,3 High,3 High,3 High,2 Good,Below average,3,No,0
1797,35,26 to 35,Male,Single,Sales,Sales Executive,2,3 Bachelor,Life Sciences,Travel_Rarely,27,Yes,5813,Q3,18,0,10,10,6 to 10,7,7,7,1,2,4 Very High,3 High,4 Very High,3 High,3 Better,Good,3,Yes,1
1798,33,26 to 35,Male,Married,Research & Development,Research Scientist,1,4 Master,Life Sciences,Travel_Rarely,8,No,3143,Q2,19,1,14,10,6 to 10,8,7,6,6,1,1 Low,4 Very High,2 Medium,4 Very High,3 Better,Below average,3,No,0
1799,28,26 to 35,Male,Married,Research & Development,Research Scientist,1,3 Bachelor,Life Sciences,Travel_Rarely,1,No,2044,Q1 lowest,11,1,5,5,3 to 5,3,0,3,1,6,4 Very High,3 High,3 High,3 High,4 Best,Good,3,No,0
1800,39,36 to 45,Male,Single,Research & Development,Research Director,3,1 Below College,Medical,Travel_Rarely,10,No,13464,Q4 highest,21,0,9,4,3 to 5,3,2,2,7,3,3 High,3 High,3 High,3 High,3 Better,Good,4,No,0
1801,46,46 to 60,Male,Single,Sales,Sales Executive,2,2 College,Life Sciences,Non-Travel,26,No,7991,Q3,15,0,6,2,1 to 2,2,2,2,8,3,2 Medium,2 Medium,3 High,2 Medium,3 Better,Below average,3,No,0
1802,40,36 to 45,Female,Married,Research & Development,Laboratory Technician,1,2 College,Life Sciences,Travel_Rarely,2,No,3377,Q2,17,1,7,4,3 to 5,3,0,2,4,5,1 Low,3 High,4 Very High,3 High,2 Good,Below average,3,No,0
1803,42,36 to 45,Male,Married,Research & Development,Healthcare Representative,2,3 Bachelor,Medical,Travel_Rarely,13,No,5538,Q3,18,2,10,0,Under 1 year,0,0,0,5,2,1 Low,2 Medium,3 High,4 Very High,2 Good,Low,3,No,0
1804,35,26 to 35,Male,Divorced,Research & Development,Manufacturing Director,2,2 College,Medical,Non-Travel,2,No,5762,Q3,14,1,15,7,6 to 10,7,1,7,2,6,4 Very High,2 Medium,3 High,3 High,3 Better,Good,3,No,0
1805,38,36 to 45,Male,Divorced,Human Resources,Human Resources,1,3 Bachelor,Human Resources,Non-Travel,2,No,2592,Q1 lowest,13,3,13,11,Over 10,10,3,8,5,3,2 Medium,1 Low,4 Very High,3 High,3 Better,Below average,3,No,0
1807,34,26 to 35,Male,Married,Research & Development,Laboratory Technician,2,4 Master,Life Sciences,Travel_Frequently,9,No,5346,Q3,17,1,11,7,6 to 10,1,0,7,4,3,1 Low,4 Very High,3 High,3 High,2 Good,Below average,3,Yes,1
1809,37,36 to 45,Male,Single,Research & Development,Manufacturing Director,2,4 Master,Medical,Travel_Rarely,10,No,4213,Q2,15,0,10,10,6 to 10,3,0,8,1,4,1 Low,4 Very High,2 Medium,3 High,1 Bad,Low,3,Yes,1
1812,39,36 to 45,Male,Divorced,Sales,Sales Executive,2,3 Bachelor,Life Sciences,Travel_Frequently,20,No,4127,Q2,18,1,7,2,1 to 2,1,2,2,2,6,4 Very High,3 High,4 Very High,3 High,3 Better,Good,3,No,0
1813,43,36 to 45,Male,Single,Research & Development,Research Scientist,1,3 Bachelor,Life Sciences,Non-Travel,9,No,2438,Q1 lowest,13,0,7,3,3 to 5,2,1,2,4,2,3 High,1 Low,3 High,3 High,2 Good,Below average,3,No,0
1814,41,36 to 45,Male,Single,Research & Development,Healthcare Representative,2,3 Bachelor,Life Sciences,Travel_Rarely,5,No,6870,Q3,12,0,11,3,3 to 5,2,1,2,3,3,2 Medium,2 Medium,1 Low,4 Very High,1 Bad,Low,3,No,0
1815,41,36 to 45,Female,Divorced,Sales,Sales Executive,3,1 Below College,Marketing,Travel_Rarely,4,Yes,10447,Q4 highest,13,1,23,22,Over 10,14,13,5,0,3,3 High,3 High,4 Very High,3 High,4 Best,Good,3,No,0
1816,30,26 to 35,Female,Single,Research & Development,Manufacturing Director,3,3 Bachelor,Medical,Travel_Rarely,10,No,9667,Q4 highest,14,0,9,7,6 to 10,7,0,2,9,3,3 High,1 Low,2 Medium,3 High,3 Better,Below average,3,No,0
1818,26,26 to 35,Female,Married,Human Resources,Human Resources,1,2 College,Medical,Travel_Rarely,20,Yes,2148,Q1 lowest,11,0,6,5,3 to 5,1,1,4,0,3,2 Medium,4 Very High,3 High,3 High,3 Better,Good,3,Yes,1
1821,46,46 to 60,Female,Married,Research & Development,Healthcare Representative,2,2 College,Medical,Travel_Rarely,21,No,8926,Q4 highest,22,1,13,9,6 to 10,7,3,7,4,2,2 Medium,4 Very High,4 Very High,3 High,4 Best,Good,4,Yes,1
1822,40,36 to 45,Female,Divorced,Research & Development,Healthcare Representative,2,3 Bachelor,Life Sciences,Travel_Rarely,1,No,6513,Q3,17,1,12,5,3 to 5,3,0,3,4,3,4 Very High,3 High,4 Very High,3 High,3 Better,Good,3,No,0
1823,34,26 to 35,Male,Married,Sales,Sales Executive,2,2 College,Technical Degree,Travel_Rarely,8,No,6799,Q3,21,2,10,10,6 to 10,8,4,8,1,5,3 High,2 Medium,3 High,4 Very High,3 Better,Below average,4,No,0
1824,58,46 to 60,Male,Divorced,Sales,Manager,4,3 Bachelor,Medical,Non-Travel,2,No,16291,Q4 highest,22,1,37,16,Over 10,9,14,14,4,0,2 Medium,2 Medium,4 Very High,3 High,2 Good,Below average,4,No,0
1826,35,26 to 35,Male,Married,Research & Development,Laboratory Technician,1,4 Master,Medical,Travel_Rarely,23,No,2705,Q1 lowest,16,1,6,5,3 to 5,4,0,3,0,2,3 High,2 Medium,2 Medium,1 Low,4 Best,Below average,3,No,0
1827,47,46 to 60,Female,Divorced,Research & Development,Manufacturing Director,3,3 Bachelor,Life Sciences,Travel_Rarely,4,Yes,10333,Q4 highest,12,1,28,22,Over 10,11,14,10,8,4,2 Medium,3 High,3 High,2 Medium,3 Better,Below average,3,No,0
1829,40,36 to 45,Female,Divorced,Research & Development,Healthcare Representative,2,3 Bachelor,Life Sciences,Travel_Rarely,12,No,4448,Q2,12,1,15,7,6 to 10,4,7,7,2,3,1 Low,2 Medium,2 Medium,3 High,3 Better,Low,3,No,0
1830,54,46 to 60,Female,Married,Research & Development,Research Scientist,2,4 Master,Medical,Travel_Rarely,7,No,6854,Q3,15,1,14,7,6 to 10,1,1,7,4,2,4 Very High,4 Very High,2 Medium,3 High,2 Good,Good,3,No,0
1833,31,26 to 35,Female,Married,Sales,Sales Executive,3,4 Master,Marketing,Travel_Frequently,7,No,9637,Q4 highest,14,2,9,3,3 to 5,2,2,2,2,3,1 Low,1 Low,4 Very High,3 High,3 Better,Below average,3,No,0
1834,28,26 to 35,Female,Married,Research & Development,Research Scientist,1,3 Bachelor,Medical,Travel_Rarely,1,No,3591,Q2,25,1,3,3,3 to 5,2,1,2,1,3,1 Low,3 High,3 High,3 High,3 Better,Below average,4,No,0
1835,38,36 to 45,Female,Married,Sales,Sales Representative,2,4 Master,Marketing,Travel_Rarely,2,Yes,5405,Q3,20,2,20,4,3 to 5,2,0,3,2,4,4 Very High,2 Medium,1 Low,1 Low,2 Good,Below average,4,No,0
1836,26,26 to 35,Male,Single,Sales,Sales Executive,2,3 Bachelor,Medical,Travel_Rarely,10,No,4684,Q2,13,0,5,5,3 to 5,3,1,2,1,4,4 Very High,3 High,1 Low,3 High,3 Better,Below average,3,No,0
1837,58,46 to 60,Male,Married,Research & Development,Research Director,4,4 Master,Life Sciences,Travel_Frequently,15,Yes,15787,Q4 highest,14,0,23,2,1 to 2,2,2,2,2,3,3 High,1 Low,2 Medium,3 High,3 Better,Below average,3,No,0
1839,18,18 to 25,Female,Single,Research & Development,Research Scientist,1,3 Bachelor,Medical,Non-Travel,14,No,1514,Q1 lowest,16,0,0,0,Under 1 year,0,0,0,1,4,3 High,2 Medium,3 High,3 High,1 Bad,Below average,3,No,0
1842,31,26 to 35,Male,Married,Human Resources,Human Resources,1,5 Doctor,Human Resources,Travel_Rarely,18,No,2956,Q2,17,0,2,1,Under 1 year,0,0,0,0,4,1 Low,4 Very High,3 High,4 Very High,3 Better,Below average,3,Yes,1
1844,29,26 to 35,Male,Divorced,Human Resources,Human Resources,1,3 Bachelor,Human Resources,Travel_Rarely,13,Yes,2335,Q1 lowest,15,3,4,2,1 to 2,2,2,0,4,3,1 Low,1 Low,4 Very High,2 Medium,3 Better,Below average,3,Yes,1
1845,45,36 to 45,Female,Married,Sales,Sales Executive,2,4 Master,Life Sciences,Non-Travel,2,No,5154,Q3,22,2,10,8,6 to 10,7,5,7,4,3,3 High,3 High,2 Medium,3 High,4 Best,Good,4,No,0
1847,36,36 to 45,Female,Married,Research & Development,Research Scientist,2,4 Master,Other,Travel_Rarely,2,Yes,6962,Q3,22,1,15,1,Under 1 year,0,0,0,4,2,2 Medium,4 Very High,4 Very High,3 High,3 Better,Good,4,No,0
1849,43,36 to 45,Male,Married,Sales,Sales Executive,2,4 Master,Life Sciences,Travel_Frequently,2,No,5675,Q3,20,1,7,7,6 to 10,7,7,7,1,5,4 Very High,1 Low,3 High,3 High,3 Better,Below average,4,No,0
1850,27,26 to 35,Female,Single,Research & Development,Laboratory Technician,1,2 College,Life Sciences,Travel_Frequently,5,Yes,2379,Q1 lowest,14,0,6,5,3 to 5,4,0,2,0,3,4 Very High,4 Very High,3 High,3 High,2 Good,Good,3,No,0
1852,29,26 to 35,Male,Married,Research & Development,Laboratory Technician,1,1 Below College,Medical,Travel_Frequently,20,No,3812,Q2,13,0,11,11,Over 10,8,3,10,1,3,4 Very High,4 Very High,2 Medium,3 High,4 Best,Good,3,No,0
1853,32,26 to 35,Male,Single,Sales,Sales Executive,2,4 Master,Marketing,Travel_Frequently,10,No,4648,Q2,13,0,4,0,Under 1 year,0,0,0,8,2,4 Very High,4 Very High,3 High,3 High,4 Best,High,3,No,0
1854,42,36 to 45,Male,Married,Research & Development,Research Scientist,1,4 Master,Technical Degree,Non-Travel,10,No,2936,Q2,22,2,10,6,6 to 10,3,3,3,3,1,3 High,3 High,2 Medium,3 High,2 Good,Below average,4,No,0
1856,47,46 to 60,Female,Single,Research & Development,Laboratory Technician,1,4 Master,Life Sciences,Travel_Rarely,9,No,2105,Q1 lowest,12,0,7,2,1 to 2,2,2,0,4,2,3 High,2 Medium,3 High,3 High,3 Better,Below average,3,No,0
1857,46,46 to 60,Male,Divorced,Research & Development,Manufacturing Director,3,2 College,Life Sciences,Travel_Rarely,2,No,8578,Q4 highest,14,1,12,9,6 to 10,8,4,7,3,4,4 Very High,4 Very High,3 High,3 High,2 Good,Good,3,No,0
1858,28,26 to 35,Male,Divorced,Human Resources,Human Resources,1,2 College,Life Sciences,Non-Travel,1,No,2706,Q1 lowest,15,1,3,3,3 to 5,2,2,2,1,2,4 Very High,3 High,2 Medium,3 High,3 Better,Good,3,No,0
1859,29,26 to 35,Male,Divorced,Research & Development,Healthcare Representative,2,1 Below College,Life Sciences,Travel_Rarely,29,No,6384,Q3,17,2,11,7,6 to 10,0,1,6,8,3,3 High,4 Very High,4 Very High,1 Low,3 Better,Good,3,No,0
1860,42,36 to 45,Male,Single,Research & Development,Laboratory Technician,1,3 Bachelor,Life Sciences,Travel_Rarely,8,No,3968,Q2,13,0,8,0,Under 1 year,0,0,0,4,3,3 High,4 Very High,4 Very High,3 High,3 Better,Good,3,No,0
1862,32,26 to 35,Male,Single,Sales,Sales Executive,2,4 Master,Marketing,Travel_Rarely,2,Yes,9907,Q4 highest,12,0,7,2,1 to 2,2,2,2,7,3,2 Medium,3 High,3 High,2 Medium,2 Good,Below average,3,Yes,1
1863,46,46 to 60,Female,Divorced,Sales,Sales Executive,4,3 Bachelor,Technical Degree,Travel_Rarely,3,No,13225,Q4 highest,12,1,25,19,Over 10,17,2,8,2,5,1 Low,1 Low,4 Very High,4 Very High,3 Better,Below average,3,No,0
1864,27,26 to 35,Female,Married,Sales,Sales Representative,2,1 Below College,Medical,Travel_Rarely,23,No,3540,Q2,21,1,9,9,6 to 10,8,5,8,1,5,3 High,2 Medium,4 Very High,2 Medium,3 Better,Good,4,No,0
1865,29,26 to 35,Male,Married,Human Resources,Human Resources,1,1 Below College,Medical,Travel_Rarely,6,No,2804,Q1 lowest,11,0,1,1,Under 1 year,0,0,0,1,3,2 Medium,4 Very High,4 Very High,2 Medium,3 Better,Good,3,No,0
1866,43,36 to 45,Female,Married,Research & Development,Manager,5,3 Bachelor,Medical,Travel_Rarely,6,No,19392,Q4 highest,13,0,21,16,Over 10,12,6,14,7,2,3 High,1 Low,4 Very High,2 Medium,3 Better,Below average,3,No,0
1867,48,46 to 60,Male,Married,Research & Development,Research Director,5,3 Bachelor,Life Sciences,Travel_Rarely,10,No,19665,Q4 highest,12,0,29,22,Over 10,10,12,9,4,3,2 Medium,4 Very High,4 Very High,2 Medium,3 Better,Good,3,No,0
1868,29,26 to 35,Male,Single,Research & Development,Research Scientist,1,2 College,Life Sciences,Travel_Frequently,24,Yes,2439,Q1 lowest,24,0,1,1,Under 1 year,0,1,0,1,3,4 Very High,4 Very High,2 Medium,2 Medium,2 Good,Good,4,Yes,1
1869,46,46 to 60,Female,Married,Sales,Sales Executive,3,3 Bachelor,Life Sciences,Travel_Rarely,10,No,7314,Q3,21,3,14,8,6 to 10,7,0,7,5,2,2 Medium,3 High,3 High,3 High,3 Better,Below average,4,Yes,1
1870,27,26 to 35,Female,Married,Research & Development,Research Scientist,1,3 Bachelor,Life Sciences,Travel_Frequently,15,No,4774,Q2,19,1,8,7,6 to 10,6,7,3,0,2,1 Low,4 Very High,4 Very High,2 Medium,2 Good,Below average,3,No,0
1871,39,36 to 45,Male,Divorced,Research & Development,Research Scientist,2,4 Master,Other,Travel_Rarely,19,No,3902,Q2,14,3,7,2,1 to 2,2,2,2,8,2,4 Very High,4 Very High,2 Medium,3 High,3 Better,Good,3,No,0
1873,55,46 to 60,Male,Married,Research & Development,Research Scientist,1,4 Master,Technical Degree,Travel_Rarely,2,No,2662,Q1 lowest,20,1,19,5,3 to 5,2,0,4,8,2,4 Very High,2 Medium,2 Medium,2 Medium,4 Best,Good,4,No,0
1875,28,26 to 35,Female,Married,Sales,Sales Representative,1,3 Bachelor,Medical,Travel_Rarely,3,No,2856,Q1 lowest,19,1,1,1,Under 1 year,0,0,0,1,3,2 Medium,2 Medium,4 Very High,3 High,3 Better,Below average,3,No,0
1876,30,26 to 35,Male,Single,Sales,Sales Representative,1,3 Bachelor,Medical,Travel_Rarely,9,No,1081,Q1 lowest,13,0,1,1,Under 1 year,0,0,0,1,3,4 Very High,2 Medium,3 High,3 High,2 Good,Below average,3,Yes,1
1878,22,18 to 25,Male,Single,Research & Development,Research Scientist,1,1 Below College,Life Sciences,Travel_Rarely,7,Yes,2472,Q1 lowest,23,0,1,1,Under 1 year,0,0,0,1,2,2 Medium,4 Very High,1 Low,3 High,3 Better,Below average,4,Yes,1
1880,36,36 to 45,Female,Married,Sales,Sales Executive,2,4 Master,Technical Degree,Travel_Rarely,10,Yes,5673,Q3,13,1,10,10,6 to 10,9,1,7,1,4,3 High,2 Medium,1 Low,2 Medium,3 Better,Below average,3,No,0
1881,31,26 to 35,Male,Divorced,Research & Development,Laboratory Technician,2,3 Bachelor,Life Sciences,Travel_Rarely,20,No,4197,Q2,11,1,10,10,6 to 10,8,0,2,1,2,3 High,2 Medium,1 Low,3 High,3 Better,Below average,3,No,0
1882,34,26 to 35,Male,Married,Sales,Sales Executive,3,3 Bachelor,Life Sciences,Travel_Rarely,4,Yes,9713,Q4 highest,13,3,9,5,3 to 5,3,1,0,2,3,4 Very High,3 High,4 Very High,3 High,3 Better,Good,3,No,0
1883,29,26 to 35,Male,Single,Research & Development,Laboratory Technician,1,3 Bachelor,Life Sciences,Travel_Rarely,7,No,2062,Q1 lowest,14,0,11,3,3 to 5,2,1,2,3,2,1 Low,4 Very High,2 Medium,3 High,3 Better,Below average,3,No,0
1885,37,36 to 45,Male,Married,Research & Development,Research Scientist,2,4 Master,Medical,Travel_Rarely,7,Yes,4284,Q2,22,1,16,5,3 to 5,3,0,4,5,2,1 Low,4 Very High,3 High,3 High,3 Better,Below average,4,No,0
1886,35,26 to 35,Female,Married,Research & Development,Manufacturing Director,2,2 College,Other,Travel_Rarely,16,Yes,4788,Q2,11,0,4,3,3 to 5,2,0,2,0,2,2 Medium,4 Very High,4 Very High,2 Medium,3 Better,Good,3,No,0
1888,45,36 to 45,Female,Married,Research & Development,Manufacturing Director,2,2 College,Life Sciences,Travel_Rarely,25,No,5906,Q3,13,2,10,9,6 to 10,8,3,8,0,2,4 Very High,2 Medium,4 Very High,2 Medium,2 Good,Good,3,No,0
1890,36,36 to 45,Male,Single,Human Resources,Human Resources,2,1 Below College,Human Resources,Travel_Frequently,2,No,3886,Q2,21,0,10,10,6 to 10,1,0,8,1,2,4 Very High,2 Medium,4 Very High,2 Medium,2 Good,Good,4,No,0
1892,40,36 to 45,Male,Divorced,Research & Development,Manager,4,4 Master,Life Sciences,Travel_Rarely,1,No,16823,Q4 highest,11,1,22,19,Over 10,7,11,16,2,3,1 Low,1 Low,1 Low,3 High,3 Better,Low,3,No,0
1893,26,26 to 35,Female,Married,Research & Development,Research Scientist,1,2 College,Life Sciences,Travel_Rarely,1,Yes,2933,Q2,13,1,1,1,Under 1 year,0,1,0,1,3,3 High,2 Medium,3 High,2 Medium,2 Good,Below average,3,No,0
1898,27,26 to 35,Female,Single,Sales,Sales Executive,2,2 College,Medical,Travel_Rarely,2,No,6500,Q3,14,0,9,8,6 to 10,7,0,7,0,5,3 High,1 Low,2 Medium,4 Very High,2 Good,Low,3,No,0
1900,48,46 to 60,Female,Divorced,Research & Development,Manager,4,3 Bachelor,Medical,Travel_Frequently,22,No,17174,Q4 highest,11,1,24,22,Over 10,17,4,7,3,3,4 Very High,4 Very High,2 Medium,3 High,3 Better,Good,3,No,0
1903,44,36 to 45,Male,Married,Research & Development,Healthcare Representative,2,4 Master,Life Sciences,Travel_Rarely,1,No,5033,Q3,15,1,10,2,1 to 2,0,2,2,2,5,1 Low,2 Medium,4 Very High,4 Very High,3 Better,Below average,3,No,0
1905,34,26 to 35,Male,Married,Research & Development,Research Scientist,1,4 Master,Technical Degree,Non-Travel,16,Yes,2307,Q1 lowest,23,1,5,5,3 to 5,2,3,0,1,2,1 Low,4 Very High,2 Medium,1 Low,3 Better,Below average,4,Yes,1
1907,56,46 to 60,Male,Single,Research & Development,Laboratory Technician,1,2 College,Life Sciences,Travel_Rarely,24,No,2587,Q1 lowest,16,0,5,4,3 to 5,2,1,0,1,3,4 Very High,1 Low,4 Very High,3 High,3 Better,Good,3,Yes,1
1908,36,36 to 45,Male,Married,Sales,Sales Executive,2,2 College,Marketing,Travel_Rarely,17,No,5507,Q3,16,2,12,4,3 to 5,2,1,3,2,1,2 Medium,3 High,3 High,2 Medium,1 Bad,Below average,3,No,0
1909,41,36 to 45,Female,Married,Sales,Sales Executive,2,3 Bachelor,Marketing,Travel_Rarely,8,No,4393,Q2,21,1,14,5,3 to 5,4,1,4,5,3,2 Medium,3 High,3 High,3 High,3 Better,Below average,4,No,0
1911,42,36 to 45,Male,Married,Research & Development,Research Director,3,3 Bachelor,Medical,Travel_Rarely,6,No,13348,Q4 highest,13,1,18,13,Over 10,7,5,7,9,3,1 Low,3 High,2 Medium,3 High,4 Best,Below average,3,No,0
1912,31,26 to 35,Female,Divorced,Sales,Sales Executive,2,2 College,Medical,Travel_Rarely,10,Yes,6583,Q3,11,1,8,5,3 to 5,2,1,4,2,2,4 Very High,3 High,4 Very High,3 High,3 Better,Good,3,No,0
1915,34,26 to 35,Female,Married,Sales,Sales Executive,2,1 Below College,Medical,Travel_Rarely,3,Yes,8103,Q3,12,0,9,4,3 to 5,2,0,1,3,3,4 Very High,4 Very High,3 High,2 Medium,2 Good,Good,3,No,0
1916,31,26 to 35,Female,Divorced,Research & Development,Laboratory Technician,1,3 Bachelor,Medical,Travel_Rarely,4,No,3978,Q2,12,1,4,2,1 to 2,2,2,2,8,0,3 High,1 Low,2 Medium,4 Very High,2 Good,Low,3,No,0
1918,26,26 to 35,Male,Married,Research & Development,Laboratory Technician,1,3 Bachelor,Other,Travel_Frequently,6,No,2544,Q1 lowest,18,1,8,7,6 to 10,7,7,7,0,3,4 Very High,3 High,1 Low,4 Very High,3 Better,Below average,3,No,0
1922,45,36 to 45,Male,Single,Research & Development,Healthcare Representative,2,4 Master,Medical,Travel_Frequently,1,No,5399,Q3,12,0,12,4,3 to 5,2,0,3,4,3,3 High,2 Medium,3 High,3 High,3 Better,Below average,3,No,0
1924,33,26 to 35,Male,Single,Sales,Sales Executive,2,4 Master,Marketing,Travel_Rarely,10,No,5487,Q3,14,0,10,10,6 to 10,4,0,9,1,2,3 High,2 Medium,2 Medium,3 High,2 Good,Below average,3,No,0
1927,28,26 to 35,Male,Married,Sales,Sales Executive,2,2 College,Life Sciences,Travel_Frequently,1,Yes,6834,Q3,12,1,7,7,6 to 10,7,0,7,1,2,4 Very High,3 High,3 High,2 Medium,3 Better,Good,3,No,0
1928,29,26 to 35,Male,Single,Sales,Sales Representative,1,3 Bachelor,Technical Degree,Travel_Frequently,24,No,1091,Q1 lowest,17,0,1,1,Under 1 year,0,0,0,1,3,1 Low,3 High,4 Very High,4 Very High,3 Better,Below average,3,Yes,1
1929,39,36 to 45,Female,Married,Sales,Sales Executive,2,4 Master,Life Sciences,Non-Travel,21,No,5736,Q3,19,1,10,3,3 to 5,2,1,2,6,1,3 High,1 Low,3 High,1 Low,3 Better,Below average,3,No,0
1931,27,26 to 35,Male,Married,Research & Development,Research Scientist,1,4 Master,Technical Degree,Travel_Rarely,2,No,2226,Q1 lowest,11,1,6,5,3 to 5,3,1,2,1,3,2 Medium,2 Medium,3 High,3 High,2 Good,Below average,3,No,0
1932,34,26 to 35,Male,Married,Research & Development,Research Scientist,2,4 Master,Other,Travel_Frequently,22,Yes,5747,Q3,15,0,16,15,Over 10,10,6,11,1,3,4 Very High,3 High,2 Medium,2 Medium,3 Better,Good,3,No,0
1933,28,26 to 35,Female,Single,Sales,Sales Executive,2,2 College,Marketing,Travel_Rarely,13,Yes,9854,Q4 highest,11,0,6,2,1 to 2,0,2,2,3,0,3 High,4 Very High,4 Very High,3 High,3 Better,Good,3,Yes,1
1934,47,46 to 60,Male,Married,Research & Development,Research Scientist,2,4 Master,Technical Degree,Non-Travel,14,No,5467,Q3,18,1,16,8,6 to 10,7,1,7,8,4,2 Medium,3 High,3 High,3 High,4 Best,Good,3,No,0
1935,56,46 to 60,Female,Married,Sales,Sales Executive,2,5 Doctor,Marketing,Travel_Rarely,11,No,5380,Q3,16,1,6,0,Under 1 year,0,0,0,4,3,1 Low,4 Very High,3 High,2 Medium,3 Better,Below average,3,No,0
1936,39,36 to 45,Male,Married,Research & Development,Manufacturing Director,2,2 College,Medical,Travel_Rarely,9,No,5151,Q3,25,1,10,10,6 to 10,0,7,9,1,3,1 Low,1 Low,4 Very High,3 High,3 Better,Below average,4,No,0
1937,38,36 to 45,Female,Divorced,Research & Development,Research Scientist,2,3 Bachelor,Medical,Travel_Frequently,8,Yes,2133,Q1 lowest,16,1,20,20,Over 10,11,0,7,1,3,2 Medium,4 Very High,3 High,2 Medium,3 Better,Good,3,No,0
1938,58,46 to 60,Female,Married,Sales,Manager,4,3 Bachelor,Life Sciences,Travel_Rarely,21,Yes,17875,Q4 highest,13,1,29,1,Under 1 year,0,0,0,4,2,4 Very High,4 Very High,3 High,3 High,2 Good,Good,3,No,0
1939,32,26 to 35,Female,Single,Research & Development,Research Scientist,1,2 College,Life Sciences,Travel_Frequently,5,Yes,2432,Q1 lowest,14,0,8,4,3 to 5,1,0,3,3,2,3 High,1 Low,1 Low,4 Very High,3 Better,Low,3,Yes,1
1940,38,36 to 45,Male,Divorced,Research & Development,Research Scientist,1,2 College,Life Sciences,Travel_Rarely,9,No,4771,Q2,19,2,10,5,3 to 5,2,0,3,2,0,4 Very High,2 Medium,4 Very High,3 High,4 Best,Good,3,No,0
1941,49,46 to 60,Male,Married,Research & Development,Research Director,5,1 Below College,Life Sciences,Travel_Frequently,2,No,19161,Q4 highest,15,0,28,5,3 to 5,4,4,3,3,3,4 Very High,2 Medium,4 Very High,3 High,3 Better,Good,3,No,0
1943,42,36 to 45,Male,Divorced,Sales,Sales Executive,2,4 Master,Marketing,Travel_Rarely,12,Yes,5087,Q3,12,2,14,0,Under 1 year,0,0,0,3,4,4 Very High,2 Medium,3 High,3 High,3 Better,Good,3,No,0
1944,27,26 to 35,Female,Married,Human Resources,Human Resources,1,3 Bachelor,Human Resources,Travel_Frequently,22,No,2863,Q1 lowest,12,0,1,1,Under 1 year,0,0,0,1,2,2 Medium,1 Low,1 Low,2 Medium,3 Better,Low,3,Yes,1
1945,35,26 to 35,Male,Married,Sales,Sales Executive,2,4 Master,Medical,Travel_Rarely,18,No,5561,Q3,16,1,6,5,3 to 5,3,0,4,0,2,1 Low,2 Medium,4 Very High,3 High,1 Bad,Low,3,No,0
1947,28,26 to 35,Male,Single,Research & Development,Research Scientist,1,3 Bachelor,Medical,Non-Travel,16,No,2144,Q1 lowest,14,0,5,5,3 to 5,3,1,4,1,3,3 High,3 High,3 High,3 High,2 Good,Below average,3,No,0
1948,31,26 to 35,Male,Divorced,Research & Development,Research Scientist,1,2 College,Medical,Non-Travel,3,Yes,3065,Q2,13,1,4,4,3 to 5,2,2,3,1,3,1 Low,3 High,4 Very High,3 High,4 Best,Good,3,No,0
1949,36,36 to 45,Male,Married,Research & Development,Laboratory Technician,1,4 Master,Life Sciences,Non-Travel,9,No,2810,Q1 lowest,22,0,5,5,3 to 5,4,0,2,1,3,2 Medium,1 Low,2 Medium,4 Very High,3 Better,Low,4,No,0
1950,34,26 to 35,Male,Single,Sales,Sales Executive,3,3 Bachelor,Marketing,Travel_Rarely,1,No,9888,Q4 highest,21,0,14,14,Over 10,8,2,1,1,3,4 Very High,1 Low,1 Low,3 High,2 Good,Low,4,No,0
1951,34,26 to 35,Male,Divorced,Sales,Sales Executive,3,4 Master,Medical,Travel_Rarely,13,No,8628,Q4 highest,18,1,9,8,6 to 10,7,1,1,1,2,3 High,4 Very High,3 High,3 High,2 Good,Good,3,No,0
1952,26,26 to 35,Male,Single,Research & Development,Laboratory Technician,1,3 Bachelor,Medical,Travel_Rarely,1,No,2867,Q1 lowest,13,0,8,7,6 to 10,7,7,6,0,6,1 Low,3 High,4 Very High,3 High,2 Good,Below average,3,No,0
1954,29,26 to 35,Male,Married,Research & Development,Healthcare Representative,2,3 Bachelor,Life Sciences,Travel_Rarely,1,No,5373,Q3,12,1,6,5,3 to 5,3,0,2,0,5,1 Low,1 Low,1 Low,3 High,2 Good,Low,3,No,0
1955,32,26 to 35,Female,Divorced,Research & Development,Healthcare Representative,2,4 Master,Medical,Non-Travel,15,No,6667,Q3,18,1,9,5,3 to 5,1,1,2,5,6,4 Very High,3 High,2 Medium,3 High,3 Better,Good,3,No,0
1956,31,26 to 35,Male,Married,Research & Development,Research Scientist,2,3 Bachelor,Life Sciences,Travel_Frequently,1,No,5003,Q3,21,0,10,10,6 to 10,8,8,7,1,6,1 Low,4 Very High,2 Medium,1 Low,3 Better,Below average,4,No,0
1960,28,26 to 35,Male,Divorced,Research & Development,Laboratory Technician,1,3 Bachelor,Technical Degree,Travel_Rarely,17,No,2367,Q1 lowest,12,1,6,4,3 to 5,1,0,3,5,2,4 Very High,3 High,1 Low,2 Medium,2 Good,Below average,3,Yes,1
1961,38,36 to 45,Male,Single,Sales,Sales Representative,1,3 Bachelor,Life Sciences,Travel_Rarely,1,No,2858,Q1 lowest,14,0,20,1,Under 1 year,0,0,0,4,3,1 Low,1 Low,1 Low,2 Medium,2 Good,Low,3,No,0
1962,35,26 to 35,Female,Married,Sales,Sales Executive,2,4 Master,Life Sciences,Travel_Rarely,7,Yes,5204,Q3,11,0,10,10,6 to 10,8,0,9,1,2,4 Very High,3 High,4 Very High,3 High,3 Better,Good,3,No,0
1965,27,26 to 35,Male,Single,Sales,Sales Executive,2,3 Bachelor,Marketing,Travel_Rarely,9,No,4105,Q2,14,0,7,7,6 to 10,7,0,7,1,5,4 Very High,4 Very High,1 Low,3 High,3 Better,Good,3,No,0
1966,32,26 to 35,Male,Single,Research & Development,Manufacturing Director,2,4 Master,Life Sciences,Travel_Rarely,5,No,9679,Q4 highest,24,0,8,1,Under 1 year,0,0,0,8,1,4 Very High,4 Very High,2 Medium,2 Medium,3 Better,Good,4,No,0
1967,31,26 to 35,Male,Married,Sales,Sales Executive,2,4 Master,Marketing,Travel_Frequently,26,Yes,5617,Q3,11,0,10,10,6 to 10,7,0,8,1,4,4 Very High,1 Low,3 High,3 High,3 Better,Below average,3,Yes,1
1968,53,46 to 60,Male,Single,Sales,Sales Executive,3,4 Master,Life Sciences,Travel_Rarely,24,Yes,10448,Q4 highest,13,0,15,2,1 to 2,2,2,2,6,2,1 Low,1 Low,2 Medium,3 High,2 Good,Low,3,Yes,1
1969,54,46 to 60,Female,Married,Research & Development,Research Scientist,2,2 College,Life Sciences,Travel_Rarely,9,No,2897,Q1 lowest,11,2,9,4,3 to 5,3,2,3,3,6,3 High,1 Low,3 High,3 High,2 Good,Below average,3,No,0
1970,33,26 to 35,Male,Divorced,Research & Development,Healthcare Representative,2,2 College,Life Sciences,Travel_Frequently,7,No,5968,Q3,20,3,9,9,6 to 10,7,2,8,1,2,3 High,4 Very High,3 High,3 High,3 Better,Good,4,No,0
1971,43,36 to 45,Male,Married,Research & Development,Healthcare Representative,3,3 Bachelor,Life Sciences,Travel_Rarely,11,No,7510,Q3,17,1,10,10,6 to 10,9,0,9,1,1,3 High,1 Low,2 Medium,3 High,3 Better,Below average,3,No,0
1972,38,36 to 45,Male,Married,Human Resources,Human Resources,1,4 Master,Other,Travel_Frequently,1,Yes,2991,Q2,11,1,7,6,6 to 10,2,1,2,0,2,2 Medium,4 Very High,2 Medium,3 High,3 Better,Below average,3,No,0
1973,55,46 to 60,Male,Married,Human Resources,Manager,5,4 Master,Human Resources,Travel_Rarely,26,Yes,19636,Q4 highest,18,1,35,10,6 to 10,9,1,4,4,0,2 Medium,3 High,1 Low,4 Very High,3 Better,Below average,3,No,0
1974,31,26 to 35,Female,Divorced,Research & Development,Laboratory Technician,1,1 Below College,Medical,Travel_Rarely,2,Yes,1129,Q1 lowest,11,3,1,1,Under 1 year,0,0,0,1,4,4 Very High,4 Very High,3 High,1 Low,3 Better,Good,3,No,0
1975,39,36 to 45,Male,Single,Sales,Sales Executive,4,4 Master,Marketing,Travel_Rarely,15,No,13341,Q4 highest,12,0,21,20,Over 10,8,11,10,0,3,1 Low,2 Medium,1 Low,3 High,3 Better,Low,3,No,0
1976,42,36 to 45,Male,Single,Research & Development,Research Scientist,2,2 College,Life Sciences,Non-Travel,23,No,4332,Q2,12,0,20,20,Over 10,9,3,7,1,2,3 High,4 Very High,4 Very High,2 Medium,3 Better,Good,3,No,0
1979,31,26 to 35,Female,Married,Research & Development,Research Director,3,3 Bachelor,Medical,Non-Travel,10,No,11031,Q4 highest,20,1,13,11,Over 10,7,4,8,4,2,3 High,3 High,3 High,3 High,4 Best,Good,4,No,0
1980,54,46 to 60,Female,Single,Research & Development,Manufacturing Director,2,3 Bachelor,Medical,Travel_Rarely,10,Yes,4440,Q2,19,0,9,5,3 to 5,2,1,4,6,3,1 Low,3 High,4 Very High,3 High,3 Better,Below average,3,No,0
1981,24,18 to 25,Male,Single,Research & Development,Healthcare Representative,2,2 College,Life Sciences,Travel_Rarely,1,No,4617,Q2,12,0,4,4,3 to 5,3,1,2,1,2,3 High,2 Medium,2 Medium,2 Medium,2 Good,Below average,3,No,0
1982,23,18 to 25,Male,Single,Research & Development,Laboratory Technician,1,2 College,Other,Travel_Rarely,12,No,2647,Q1 lowest,13,0,5,5,3 to 5,2,1,4,1,6,4 Very High,4 Very High,3 High,3 High,4 Best,High,3,No,0
1985,40,36 to 45,Female,Married,Research & Development,Laboratory Technician,2,3 Bachelor,Technical Degree,Travel_Frequently,11,No,6323,Q3,11,1,10,10,6 to 10,9,9,4,1,2,3 High,4 Very High,1 Low,3 High,4 Best,Good,3,No,0
1986,40,36 to 45,Female,Married,Sales,Sales Executive,2,2 College,Marketing,Travel_Rarely,2,No,5677,Q3,14,1,15,11,Over 10,8,5,10,3,4,2 Medium,2 Medium,3 High,3 High,3 Better,Below average,3,No,0
1987,25,18 to 25,Female,Married,Human Resources,Human Resources,1,3 Bachelor,Human Resources,Travel_Rarely,2,No,2187,Q1 lowest,14,0,6,2,1 to 2,0,1,2,4,3,2 Medium,3 High,3 High,3 High,3 Better,Below average,3,No,0
1989,30,26 to 35,Male,Married,Research & Development,Laboratory Technician,1,2 College,Medical,Travel_Rarely,1,No,3748,Q2,13,0,12,12,Over 10,8,1,7,1,6,2 Medium,4 Very High,3 High,3 High,2 Good,Below average,3,No,0
1992,25,18 to 25,Male,Divorced,Research & Development,Laboratory Technician,1,1 Below College,Other,Travel_Rarely,2,Yes,3977,Q2,19,1,7,2,1 to 2,2,0,2,6,2,3 High,4 Very High,3 High,3 High,2 Good,Good,3,No,0
1993,47,46 to 60,Male,Single,Research & Development,Healthcare Representative,3,3 Bachelor,Medical,Travel_Rarely,25,No,8633,Q4 highest,23,0,25,17,Over 10,14,12,11,2,3,3 High,1 Low,2 Medium,3 High,3 Better,Below average,4,No,0
1994,33,26 to 35,Male,Divorced,Research & Development,Laboratory Technician,1,2 College,Medical,Non-Travel,1,No,2008,Q1 lowest,12,3,1,1,Under 1 year,1,0,0,1,2,3 High,2 Medium,3 High,2 Medium,2 Good,Below average,3,No,0
1995,38,36 to 45,Male,Married,Sales,Sales Executive,2,4 Master,Life Sciences,Travel_Rarely,1,No,4440,Q2,15,2,16,15,Over 10,13,5,8,0,3,2 Medium,4 Very High,1 Low,3 High,3 Better,Below average,3,No,0
1996,31,26 to 35,Male,Married,Sales,Sales Representative,1,2 College,Life Sciences,Travel_Rarely,2,No,3067,Q2,19,1,3,2,1 to 2,2,1,2,0,1,3 High,1 Low,3 High,3 High,3 Better,Below average,3,No,0
1997,38,36 to 45,Male,Married,Research & Development,Manufacturing Director,2,4 Master,Life Sciences,Travel_Frequently,6,No,5321,Q3,11,1,10,8,6 to 10,3,7,7,2,1,3 High,1 Low,4 Very High,2 Medium,3 Better,Below average,3,No,0
1998,42,36 to 45,Male,Divorced,Research & Development,Research Scientist,2,4 Master,Life Sciences,Travel_Rarely,18,Yes,5410,Q3,17,1,9,4,3 to 5,3,1,2,6,3,1 Low,4 Very High,3 High,3 High,2 Good,Below average,3,No,0
1999,41,36 to 45,Male,Married,Research & Development,Research Scientist,1,3 Bachelor,Life Sciences,Travel_Rarely,1,No,2782,Q1 lowest,22,1,12,5,3 to 5,3,1,0,3,3,4 Very High,4 Very High,1 Low,3 High,3 Better,Good,4,No,0
2000,47,46 to 60,Female,Married,Research & Development,Research Director,3,1 Below College,Medical,Non-Travel,1,No,11957,Q4 highest,18,2,14,13,Over 10,8,5,12,0,3,2 Medium,3 High,1 Low,3 High,1 Bad,Low,3,No,0
2003,35,26 to 35,Male,Married,Research & Development,Laboratory Technician,1,4 Master,Medical,Travel_Rarely,11,Yes,2660,Q1 lowest,11,1,5,2,1 to 2,2,2,2,7,3,3 High,4 Very High,3 High,3 High,3 Better,Good,3,No,0
2007,22,18 to 25,Male,Single,Research & Development,Research Scientist,1,2 College,Life Sciences,Travel_Rarely,1,No,3375,Q2,12,0,4,3,3 to 5,2,1,2,0,2,3 High,4 Very High,4 Very High,3 High,4 Best,High,3,No,0
2008,35,26 to 35,Male,Single,Research & Development,Research Scientist,2,4 Master,Medical,Travel_Rarely,9,No,5098,Q3,19,0,10,10,6 to 10,7,0,8,1,5,3 High,2 Medium,2 Medium,3 High,3 Better,Below average,3,No,0
2009,33,26 to 35,Female,Married,Research & Development,Healthcare Representative,2,2 College,Medical,Travel_Rarely,15,Yes,4878,Q2,13,1,10,9,6 to 10,7,8,1,0,6,4 Very High,2 Medium,1 Low,3 High,3 Better,Below average,3,No,0
2010,32,26 to 35,Female,Single,Research & Development,Laboratory Technician,1,4 Master,Life Sciences,Travel_Rarely,29,No,2837,Q1 lowest,13,0,6,6,6 to 10,2,4,1,1,3,2 Medium,3 High,3 High,2 Medium,3 Better,Below average,3,No,0
2012,40,36 to 45,Male,Married,Research & Development,Laboratory Technician,1,4 Master,Life Sciences,Travel_Rarely,1,No,2406,Q1 lowest,19,2,8,1,Under 1 year,0,0,0,8,3,4 Very High,1 Low,3 High,3 High,2 Good,Below average,3,No,0
2013,32,26 to 35,Male,Married,Sales,Sales Representative,1,4 Master,Medical,Travel_Rarely,1,No,2269,Q1 lowest,14,1,3,2,1 to 2,2,2,2,0,2,2 Medium,2 Medium,2 Medium,2 Medium,3 Better,Below average,3,No,0
2014,39,36 to 45,Male,Single,Research & Development,Research Scientist,2,1 Below College,Life Sciences,Travel_Rarely,24,No,4108,Q2,13,0,18,7,6 to 10,7,1,7,7,2,4 Very High,1 Low,1 Low,3 High,3 Better,Below average,3,No,0
2015,38,36 to 45,Female,Married,Research & Development,Research Director,3,3 Bachelor,Medical,Travel_Rarely,10,No,13206,Q4 highest,12,1,20,18,Over 10,16,1,11,3,3,3 High,2 Medium,1 Low,1 Low,3 Better,Below average,3,No,0
2016,32,26 to 35,Female,Married,Sales,Sales Executive,3,4 Master,Marketing,Travel_Rarely,1,No,10422,Q4 highest,19,2,14,14,Over 10,10,5,7,1,3,4 Very High,3 High,3 High,3 High,3 Better,Good,3,No,0
2017,37,36 to 45,Female,Married,Research & Development,Research Director,3,3 Bachelor,Life Sciences,Travel_Rarely,10,Yes,13744,Q4 highest,25,1,16,16,Over 10,11,6,8,1,2,4 Very High,3 High,1 Low,4 Very High,3 Better,Below average,4,No,0
2018,25,18 to 25,Female,Divorced,Sales,Sales Executive,2,2 College,Other,Travel_Rarely,8,Yes,4907,Q2,22,1,6,5,3 to 5,3,0,4,0,3,3 High,1 Low,2 Medium,3 High,2 Good,Low,4,No,0
2019,52,46 to 60,Male,Divorced,Sales,Sales Representative,1,4 Master,Life Sciences,Non-Travel,29,No,3482,Q2,15,2,16,9,6 to 10,8,0,0,2,3,4 Very High,1 Low,2 Medium,3 High,2 Good,Below average,3,No,0
2020,44,36 to 45,Male,Single,Research & Development,Research Scientist,1,3 Bachelor,Medical,Travel_Rarely,1,Yes,2436,Q1 lowest,12,0,6,4,3 to 5,3,1,2,6,2,4 Very High,2 Medium,3 High,3 High,3 Better,Good,3,No,0
2021,21,18 to 25,Male,Single,Sales,Sales Representative,1,1 Below College,Medical,Travel_Rarely,5,Yes,2380,Q1 lowest,11,0,2,2,1 to 2,2,1,2,1,6,1 Low,3 High,4 Very High,3 High,3 Better,Below average,3,No,0
2022,39,36 to 45,Male,Single,Research & Development,Manager,5,3 Bachelor,Life Sciences,Non-Travel,9,No,19431,Q4 highest,13,0,21,6,6 to 10,0,1,3,2,3,4 Very High,4 Very High,3 High,3 High,2 Good,Good,3,No,0
2023,23,18 to 25,Male,Married,Sales,Sales Representative,1,3 Bachelor,Marketing,Travel_Frequently,9,No,1790,Q1 lowest,19,1,1,1,Under 1 year,0,1,0,1,3,1 Low,4 Very High,1 Low,3 High,2 Good,Low,3,Yes,1
2024,36,36 to 45,Female,Married,Sales,Sales Executive,3,3 Bachelor,Medical,Travel_Rarely,3,No,7644,Q3,19,2,10,9,6 to 10,7,3,4,0,2,4 Very High,1 Low,3 High,2 Medium,3 Better,Below average,3,No,0
2025,36,36 to 45,Female,Divorced,Research & Development,Manufacturing Director,2,2 College,Life Sciences,Travel_Frequently,4,No,5131,Q3,13,3,18,4,3 to 5,2,0,2,7,3,2 Medium,4 Very High,2 Medium,3 High,3 Better,Below average,3,No,0
2026,56,46 to 60,Male,Divorced,Research & Development,Healthcare Representative,2,4 Master,Life Sciences,Non-Travel,1,No,6306,Q3,21,1,13,13,Over 10,12,1,9,1,2,3 High,3 High,1 Low,3 High,2 Good,Below average,4,No,0
2027,29,26 to 35,Male,Married,Research & Development,Research Scientist,1,4 Master,Medical,Travel_Rarely,1,Yes,4787,Q2,14,3,4,2,1 to 2,2,2,2,9,3,4 Very High,1 Low,2 Medium,3 High,4 Best,Below average,3,Yes,1
2031,42,36 to 45,Male,Married,Research & Development,Manager,5,3 Bachelor,Life Sciences,Travel_Rarely,2,No,18880,Q4 highest,11,0,24,22,Over 10,6,4,14,5,2,3 High,1 Low,1 Low,3 High,2 Good,Low,3,No,0
2032,56,46 to 60,Male,Married,Research & Development,Laboratory Technician,1,2 College,Technical Degree,Travel_Rarely,7,No,2339,Q1 lowest,11,1,14,10,6 to 10,9,9,8,8,4,3 High,4 Very High,4 Very High,3 High,1 Bad,Good,3,Yes,1
2034,41,36 to 45,Female,Married,Research & Development,Manufacturing Director,4,4 Master,Life Sciences,Travel_Rarely,28,No,13570,Q4 highest,23,1,21,20,Over 10,7,0,10,0,3,2 Medium,1 Low,3 High,2 Medium,3 Better,Below average,4,No,0
2035,34,26 to 35,Female,Married,Sales,Sales Executive,2,3 Bachelor,Marketing,Travel_Rarely,28,No,6712,Q3,21,2,8,8,6 to 10,7,1,7,1,2,3 High,4 Very High,4 Very High,2 Medium,3 Better,Good,4,No,0
2036,36,36 to 45,Male,Divorced,Sales,Sales Executive,2,4 Master,Marketing,Non-Travel,15,No,5406,Q3,24,1,15,15,Over 10,12,11,11,1,4,4 Very High,4 Very High,1 Low,1 Low,2 Good,Below average,4,No,0
2037,41,36 to 45,Male,Divorced,Sales,Sales Executive,2,3 Bachelor,Life Sciences,Travel_Rarely,3,No,8938,Q4 highest,11,1,14,5,3 to 5,4,0,4,2,5,2 Medium,3 High,3 High,2 Medium,3 Better,Below average,3,No,0
2038,32,26 to 35,Male,Single,Research & Development,Research Scientist,1,3 Bachelor,Technical Degree,Travel_Rarely,2,No,2439,Q1 lowest,14,0,4,4,3 to 5,2,1,2,1,4,1 Low,4 Very High,4 Very High,3 High,3 Better,Good,3,No,0
2040,35,26 to 35,Female,Single,Human Resources,Human Resources,3,4 Master,Life Sciences,Travel_Rarely,26,Yes,8837,Q4 highest,16,0,9,9,6 to 10,0,1,7,1,2,4 Very High,3 High,3 High,3 High,3 Better,Good,3,No,0
2041,38,36 to 45,Female,Married,Sales,Sales Executive,2,2 College,Life Sciences,Travel_Rarely,10,No,5343,Q3,11,1,10,10,6 to 10,7,1,9,1,1,4 Very High,1 Low,3 High,3 High,3 Better,Below average,3,No,0
2044,50,46 to 60,Male,Divorced,Sales,Sales Executive,2,4 Master,Life Sciences,Travel_Frequently,1,No,6728,Q3,12,2,12,6,6 to 10,3,0,1,7,3,3 High,2 Medium,4 Very High,3 High,3 Better,Good,3,Yes,1
2045,36,36 to 45,Female,Married,Sales,Sales Executive,2,4 Master,Marketing,Travel_Rarely,11,No,6652,Q3,13,1,8,6,6 to 10,3,0,0,4,2,4 Very High,2 Medium,1 Low,2 Medium,2 Good,Below average,3,No,0
2046,45,36 to 45,Female,Single,Sales,Sales Executive,2,3 Bachelor,Life Sciences,Travel_Rarely,20,No,4850,Q2,15,0,8,5,3 to 5,3,0,1,8,3,3 High,4 Very High,3 High,3 High,3 Better,Good,3,No,0
2048,40,36 to 45,Male,Single,Research & Development,Research Scientist,1,4 Master,Life Sciences,Travel_Rarely,2,No,2809,Q1 lowest,14,0,8,2,1 to 2,2,2,2,2,2,3 High,3 High,4 Very High,2 Medium,3 Better,Good,3,No,0
2049,35,26 to 35,Male,Married,Research & Development,Healthcare Representative,2,4 Master,Life Sciences,Travel_Frequently,18,Yes,5689,Q3,14,2,10,10,6 to 10,2,0,2,1,2,3 High,3 High,4 Very High,3 High,4 Best,Good,3,No,0
2051,40,36 to 45,Female,Married,Research & Development,Research Scientist,1,4 Master,Medical,Travel_Rarely,2,No,2001,Q1 lowest,14,3,20,5,3 to 5,3,0,2,2,2,3 High,3 High,2 Medium,3 High,3 Better,Below average,3,No,0
2052,35,26 to 35,Female,Married,Research & Development,Research Scientist,1,4 Master,Life Sciences,Travel_Rarely,1,No,2977,Q2,12,1,4,4,3 to 5,3,1,1,1,5,4 Very High,3 High,4 Very High,1 Low,3 Better,Good,3,No,0
2053,29,26 to 35,Male,Married,Research & Development,Laboratory Technician,2,2 College,Other,Travel_Rarely,13,Yes,4025,Q2,13,1,10,4,3 to 5,3,0,3,4,2,2 Medium,4 Very High,1 Low,2 Medium,3 Better,Below average,3,No,0
2054,29,26 to 35,Female,Single,Research & Development,Research Scientist,1,4 Master,Medical,Travel_Rarely,28,No,3785,Q2,14,0,5,5,3 to 5,4,0,4,1,3,1 Low,4 Very High,2 Medium,2 Medium,1 Bad,Low,3,No,0
2055,50,46 to 60,Male,Divorced,Sales,Sales Executive,3,3 Bachelor,Marketing,Travel_Rarely,28,Yes,10854,Q4 highest,13,1,20,3,3 to 5,2,2,0,4,3,1 Low,4 Very High,2 Medium,2 Medium,3 Better,Below average,3,Yes,1
2056,39,36 to 45,Female,Married,Sales,Sales Executive,4,1 Below College,Marketing,Travel_Rarely,24,No,12031,Q4 highest,11,1,21,20,Over 10,9,9,6,0,2,4 Very High,2 Medium,1 Low,2 Medium,2 Good,Below average,3,No,0
2057,31,26 to 35,Male,Single,Research & Development,Manufacturing Director,2,3 Bachelor,Medical,Non-Travel,5,No,9936,Q4 highest,19,0,10,9,6 to 10,4,1,7,0,2,1 Low,2 Medium,2 Medium,3 High,3 Better,Low,3,No,0
2060,26,26 to 35,Female,Single,Sales,Sales Representative,1,3 Bachelor,Other,Travel_Rarely,5,No,2966,Q2,18,0,5,4,3 to 5,2,0,0,0,2,3 High,4 Very High,4 Very High,2 Medium,3 Better,Good,3,No,0
2061,36,36 to 45,Male,Married,Research & Development,Laboratory Technician,2,2 College,Medical,Travel_Frequently,23,No,2571,Q1 lowest,17,1,17,5,3 to 5,2,0,3,4,3,4 Very High,3 High,3 High,4 Very High,3 Better,Good,3,No,0
2062,39,36 to 45,Male,Married,Research & Development,Healthcare Representative,3,1 Below College,Medical,Travel_Rarely,6,No,9991,Q4 highest,15,1,9,7,6 to 10,7,1,7,4,5,1 Low,4 Very High,1 Low,2 Medium,3 Better,Below average,3,No,0
2064,27,26 to 35,Male,Married,Research & Development,Manufacturing Director,2,3 Bachelor,Life Sciences,Travel_Rarely,4,Yes,6142,Q3,20,1,6,6,6 to 10,2,0,3,1,0,2 Medium,2 Medium,2 Medium,4 Very High,3 Better,Below average,4,No,0
2065,49,46 to 60,Male,Married,Sales,Sales Executive,2,3 Bachelor,Medical,Travel_Frequently,2,No,5390,Q3,14,0,17,9,6 to 10,6,0,8,2,3,2 Medium,4 Very High,4 Very High,2 Medium,2 Good,Good,3,No,0
2068,34,26 to 35,Male,Married,Research & Development,Laboratory Technician,2,3 Bachelor,Medical,Travel_Rarely,8,No,4404,Q2,12,0,6,4,3 to 5,3,1,2,2,3,3 High,2 Medium,1 Low,4 Very High,4 Best,Below average,3,No,0
